e8d073377513862d31596e1bdd6a1a0d2a1d11ab,238.06
9906105e42435c566d4458ebb576ba1947a69d98,353.32
6118df9d7c3e67a13775c1384eb7b5f8d9c28f39,193.65
20fb3d99193c90bebe1253c6fe410caf1bb5dd51,315.72
28b17252827d4bba9e4e8f4d2d21c6f43f7222a6,127.85
6c77697346f137c9263d6b49b101cdf3e3862d6d,125.53
e0897c105f72ac425018461ee9ce42446c917387,268.27
e0897c105f72ac425018461ee9ce42446c917387,268.79
3696b175470064e2cda335f1c53b14c4d46586de,133.31
0a8104da81348ae872d57e9c206a3729d3728e8d,325.73
d2fcb87c10458372abff14d85c5713ef3f33de16,127.67
139f8c4fe343fa5d9ef7b7e40b226a3e101efcaf,131.59
2c56af11ec38b8de76d4438462e69d6e47031406,266.09
fea36b92c4c0c12eeb3124cb3acd115a4ab81c58,132.06
5cba6b64a8e883bd99a549422d86ede00e6a2f62,263.72
ba722c2b47c9709a685af8ea634d1b2cd45be6f7,126.40
21346b16a0fb3a578eb94ea592740f80b2d33d26,266.49
e9cf62cc41bbfe7b7935524bf7057cb7f152e768,132.09
3696b175470064e2cda335f1c53b14c4d46586de,131.16
c084b2b2049d2a9bbcd829baa5a7edeae0b08e51,269.04
f935d545726572c4f72fd8bec3c940feb8f299fd,132.27
e878c035a9183b0ca13d3d88fc5af36148bd00e8,91.08
bc24ce340c9d978bdd2357036917970b1a1e5f5e,133.62
33bd349f50f9535e3d63f90c38259115e99082c9,126.01
3696b175470064e2cda335f1c53b14c4d46586de,130.91
44d65e021a5a5bbf9274e0040687b49c8d53acf2,133.21
99b0f9c34f19d838d3da0ab1d0692ce8e2d7640f,265.03
62f8871c4018430608174aaf0b823850be631367,124.72
5d4cb8eef50189b39c7f4b6ce4bb7090b16324d6,133.13
c05120cdf86060de0954be9b91be834a37f4b1a9,133.74
fe5b988bc79441e530ece863ea638a25c4e63c86,132.15
3c4acb402ec988540e19fd38d449b2eba0aef671,132.78
1eb642e2c7c65713d72fc6ad4383b85873edd3f8,132.86
4d43dcd2c2d4b7516d92a4b9db0cff91737315ce,126.04
f0d81da13da0a46cfbf6ee4e8b7f8ef43a5ef89a,133.65
74b5ddc649171d3a99fc0dbc67097b5cb7caa1ea,134.23
1a685a858c433dc452bcdaec2eca8c6185ecec7c,326.89
9906105e42435c566d4458ebb576ba1947a69d98,270.09
35b79db2cf8776375eef2dd2e07fb8f44d957df7,266.35
c084b2b2049d2a9bbcd829baa5a7edeae0b08e51,265.76
53ecd933d797a11fa5dc751e22a815cb5497fc17,266.22
99b0f9c34f19d838d3da0ab1d0692ce8e2d7640f,268.52
d728f7cd898dc3b73fd9b07411b802a8ca32d891,132.51
148614e20e0516ecf04085870199bae3484e640b,265.40
7156a314733fbf3204f6ebabe4b57a593b575553,269.58
474b8b9f3bf864a31efb0ed7698f0e3309e68264,126.62
4e4d47fe0f13d7bb1dd9874cd057456d21123390,130.83
271ac0540488d7429c36cec85f34b25210ac63df,124.96
c09797573256c0abac8529008df7336125ea5685,267.40
8a71aca5ecb660cd049b63ec6e29f4318238cb0d,267.98
148614e20e0516ecf04085870199bae3484e640b,268.21
022853385b01309be10d655f6cf08e1435a70c5d,132.46
15e27cd1b3b973bf7b996a2699aac8026df968af,125.97
0a8104da81348ae872d57e9c206a3729d3728e8d,267.83
d462c112962078b5cac062f3b5aef66470e36f0d,266.96
ac6dfd076bea0feac88564bff68164b95619ae66,266.81
f935d545726572c4f72fd8bec3c940feb8f299fd,135.28
bc24ce340c9d978bdd2357036917970b1a1e5f5e,134.81
67b608ef7c758565350c22c55f5614e5017ace6c,133.98
c09797573256c0abac8529008df7336125ea5685,268.03
0a8104da81348ae872d57e9c206a3729d3728e8d,268.48
a0181d60d9de82966dadd51183080de5d5e070b1,128.44
271ac0540488d7429c36cec85f34b25210ac63df,127.27
3c4acb402ec988540e19fd38d449b2eba0aef671,131.51
d92cabb73712c982d284a9216b9c22a5108e559f,268.32
474b8b9f3bf864a31efb0ed7698f0e3309e68264,129.28
c084b2b2049d2a9bbcd829baa5a7edeae0b08e51,264.78
4e4d47fe0f13d7bb1dd9874cd057456d21123390,131.02
cf9671bd69a65f780fc992fa366c4b4406ea694e,270.30
139f8c4fe343fa5d9ef7b7e40b226a3e101efcaf,132.92
f4a4880c8ebae74735b375575569f6306b902847,133.78
7dce19588cc3af8fe03900b1fd66774f8b0b2185,127.46
e13cc2a7c8412dee03f3960511a7bab1ccfc53ca,266.71
e0897c105f72ac425018461ee9ce42446c917387,267.84
fea36b92c4c0c12eeb3124cb3acd115a4ab81c58,134.45
97d4aaae056153996d0402cbf3584f8271631ae6,266.99
01aceb37d67b3a6e542e0b1e56cd7a200000bc10,132.54
f0d81da13da0a46cfbf6ee4e8b7f8ef43a5ef89a,133.95
e49d57c5d2126359e5f25e4bd814093c68e0dda5,266.29
60a7c0cf78e4da4f28347c0269acff596c375335,265.55
ac6dfd076bea0feac88564bff68164b95619ae66,264.99
f4dac4625550959f8c5915a4e26c4118690812df,132.54
d2fcb87c10458372abff14d85c5713ef3f33de16,129.36
0a8104da81348ae872d57e9c206a3729d3728e8d,268.14
d4d5950d24941530e1bcb6083c76f93fec96bc1f,127.35
271ac0540488d7429c36cec85f34b25210ac63df,126.45
33bd349f50f9535e3d63f90c38259115e99082c9,126.37
e8e54fb15116c80f9c6541504fcf91379e4957c4,128.40
6c77697346f137c9263d6b49b101cdf3e3862d6d,128.52
fe5b988bc79441e530ece863ea638a25c4e63c86,133.10
20fb3d99193c90bebe1253c6fe410caf1bb5dd51,268.24
21346b16a0fb3a578eb94ea592740f80b2d33d26,264.37
ec5fed5fe4a51a95a51ef4e92b8c82e656e453ad,135.24
fcc5e67b48556a8421b7e00bbcaeed63b67984dd,266.97
1b1d1f3a4b0493b37ad0f49f533dfc3829f8fe2d,134.69
d462c112962078b5cac062f3b5aef66470e36f0d,270.07
79b20b0c55293c71ba51ed934f3e5397fb28b6f3,274.23
44d65e021a5a5bbf9274e0040687b49c8d53acf2,131.16
cf9671bd69a65f780fc992fa366c4b4406ea694e,268.63
2ce58b1941376f64ca97f5e38fe6878742cfed41,127.22
190f802a92a103b0660121d343d3b128aeed4874,135.16
74b5ddc649171d3a99fc0dbc67097b5cb7caa1ea,133.79
d4d5950d24941530e1bcb6083c76f93fec96bc1f,126.78
5cba6b64a8e883bd99a549422d86ede00e6a2f62,266.92
f4dac4625550959f8c5915a4e26c4118690812df,131.57
148614e20e0516ecf04085870199bae3484e640b,270.20
35b79db2cf8776375eef2dd2e07fb8f44d957df7,268.41
1b1d1f3a4b0493b37ad0f49f533dfc3829f8fe2d,131.34
ba722c2b47c9709a685af8ea634d1b2cd45be6f7,127.90
7dce19588cc3af8fe03900b1fd66774f8b0b2185,126.85
216ef63bb01501e28a74d1dd3b55b4c5902edad1,133.46
4e4d47fe0f13d7bb1dd9874cd057456d21123390,131.69
fcef8cb577c462b307a8d3f612ced9e5a2e37f6d,131.92
fe5b988bc79441e530ece863ea638a25c4e63c86,131.52
f476a4846b2570fc6c3755116b377aa6c06cdbee,133.65
0a8104da81348ae872d57e9c206a3729d3728e8d,267.09
a0181d60d9de82966dadd51183080de5d5e070b1,127.74
c09797573256c0abac8529008df7336125ea5685,267.89
15e27cd1b3b973bf7b996a2699aac8026df968af,127.08
3c4acb402ec988540e19fd38d449b2eba0aef671,132.69
f935d545726572c4f72fd8bec3c940feb8f299fd,132.10
fe5b988bc79441e530ece863ea638a25c4e63c86,135.08
fcef8cb577c462b307a8d3f612ced9e5a2e37f6d,127.74
0da5000255265aa1e0036d0d6fb0129dc759f1f7,132.52
2ce58b1941376f64ca97f5e38fe6878742cfed41,127.96
5cba6b64a8e883bd99a549422d86ede00e6a2f62,267.17
2ce58b1941376f64ca97f5e38fe6878742cfed41,129.29
f35faf871852d138d2bcf43dd6f72c43611fae51,134.62
c9751c989443699ba38246b82e32dc81dee91a2e,270.02
022853385b01309be10d655f6cf08e1435a70c5d,133.18
60a7c0cf78e4da4f28347c0269acff596c375335,269.64
44d65e021a5a5bbf9274e0040687b49c8d53acf2,133.26
0a8104da81348ae872d57e9c206a3729d3728e8d,270.44
271ac0540488d7429c36cec85f34b25210ac63df,124.56
fcc5e67b48556a8421b7e00bbcaeed63b67984dd,267.61
21b8c1c0720395ec81ca4d43e1a1e5eb0b9ac55f,264.97
2ce58b1941376f64ca97f5e38fe6878742cfed41,127.60
fcc5e67b48556a8421b7e00bbcaeed63b67984dd,267.30
6118df9d7c3e67a13775c1384eb7b5f8d9c28f39,191.95
62f8871c4018430608174aaf0b823850be631367,125.03
148614e20e0516ecf04085870199bae3484e640b,268.56
4341eb304464993b2e9a804ede5eb58ca8fd2939,136.62
6118df9d7c3e67a13775c1384eb7b5f8d9c28f39,193.01
72b78f23a96a40a3a3becb2f4260d41af67a7f97,269.02
babf369c9d9115873b6b371a0172057eeee796f0,191.98
a06871b1972a5ea200272bd983c926e247d1492f,132.71
c09797573256c0abac8529008df7336125ea5685,265.03
d728f7cd898dc3b73fd9b07411b802a8ca32d891,131.87
a06871b1972a5ea200272bd983c926e247d1492f,133.25
f4a4880c8ebae74735b375575569f6306b902847,132.65
19e43c1d43028c4e91a0acde071721b3814e3f7c,133.06
35b79db2cf8776375eef2dd2e07fb8f44d957df7,270.50
7dce19588cc3af8fe03900b1fd66774f8b0b2185,125.09
4d43dcd2c2d4b7516d92a4b9db0cff91737315ce,127.68
35b79db2cf8776375eef2dd2e07fb8f44d957df7,268.61
1b1d1f3a4b0493b37ad0f49f533dfc3829f8fe2d,132.91
a0181d60d9de82966dadd51183080de5d5e070b1,129.14
f35faf871852d138d2bcf43dd6f72c43611fae51,131.95
6118df9d7c3e67a13775c1384eb7b5f8d9c28f39,191.93
74b5ddc649171d3a99fc0dbc67097b5cb7caa1ea,134.05
e13cc2a7c8412dee03f3960511a7bab1ccfc53ca,267.36
230f34fde826fae4b4efccb6185108437335f373,132.05
c084b2b2049d2a9bbcd829baa5a7edeae0b08e51,268.94
20fb3d99193c90bebe1253c6fe410caf1bb5dd51,263.47
60a7c0cf78e4da4f28347c0269acff596c375335,266.24
35b79db2cf8776375eef2dd2e07fb8f44d957df7,266.63
c09797573256c0abac8529008df7336125ea5685,266.70
d92cabb73712c982d284a9216b9c22a5108e559f,266.60
271ac0540488d7429c36cec85f34b25210ac63df,126.07
fea36b92c4c0c12eeb3124cb3acd115a4ab81c58,132.65
c09797573256c0abac8529008df7336125ea5685,265.82
4e4d47fe0f13d7bb1dd9874cd057456d21123390,132.33
c296bdc0d7ef8d16700539c3be8675b50dadfc84,125.40
2265306009db71f7c293f545ebb8b31aaed91b2a,129.07
43cd8cff288aaabd864ccd5be30748a33d474ced,134.98
ba722c2b47c9709a685af8ea634d1b2cd45be6f7,126.27
72b78f23a96a40a3a3becb2f4260d41af67a7f97,267.96
e8d073377513862d31596e1bdd6a1a0d2a1d11ab,134.82
c05120cdf86060de0954be9b91be834a37f4b1a9,131.68
e13cc2a7c8412dee03f3960511a7bab1ccfc53ca,267.06
f35faf871852d138d2bcf43dd6f72c43611fae51,132.67
c084b2b2049d2a9bbcd829baa5a7edeae0b08e51,265.88
53ecd933d797a11fa5dc751e22a815cb5497fc17,267.29
21346b16a0fb3a578eb94ea592740f80b2d33d26,265.74
2ce58b1941376f64ca97f5e38fe6878742cfed41,128.12
f248547894c2b45a596317e93d8173f108ec764a,268.79
9906105e42435c566d4458ebb576ba1947a69d98,268.79
6c77697346f137c9263d6b49b101cdf3e3862d6d,126.12
e8d073377513862d31596e1bdd6a1a0d2a1d11ab,132.15
74b5ddc649171d3a99fc0dbc67097b5cb7caa1ea,133.15
148614e20e0516ecf04085870199bae3484e640b,266.25
fea36b92c4c0c12eeb3124cb3acd115a4ab81c58,132.92
d462c112962078b5cac062f3b5aef66470e36f0d,267.23
babf369c9d9115873b6b371a0172057eeee796f0,192.73
f0d81da13da0a46cfbf6ee4e8b7f8ef43a5ef89a,132.24
f35faf871852d138d2bcf43dd6f72c43611fae51,133.36
97d4aaae056153996d0402cbf3584f8271631ae6,266.86
f35faf871852d138d2bcf43dd6f72c43611fae51,133.76
fea36b92c4c0c12eeb3124cb3acd115a4ab81c58,133.70
4d43dcd2c2d4b7516d92a4b9db0cff91737315ce,129.48
1b1d1f3a4b0493b37ad0f49f533dfc3829f8fe2d,131.28
2265306009db71f7c293f545ebb8b31aaed91b2a,128.41
e49d57c5d2126359e5f25e4bd814093c68e0dda5,269.39
0a8104da81348ae872d57e9c206a3729d3728e8d,269.43
d92cabb73712c982d284a9216b9c22a5108e559f,267.36
a0181d60d9de82966dadd51183080de5d5e070b1,125.43
2bd0e9f4ba77ccc29b7fdd24cf533f897ed63cb9,266.75
e49d57c5d2126359e5f25e4bd814093c68e0dda5,268.12
2bd0e9f4ba77ccc29b7fdd24cf533f897ed63cb9,266.33
6118df9d7c3e67a13775c1384eb7b5f8d9c28f39,192.51
d92cabb73712c982d284a9216b9c22a5108e559f,264.70
79b20b0c55293c71ba51ed934f3e5397fb28b6f3,266.97
c9751c989443699ba38246b82e32dc81dee91a2e,267.63
0a8104da81348ae872d57e9c206a3729d3728e8d,267.84
f476a4846b2570fc6c3755116b377aa6c06cdbee,132.56
f935d545726572c4f72fd8bec3c940feb8f299fd,135.22
1a685a858c433dc452bcdaec2eca8c6185ecec7c,266.72
20fb3d99193c90bebe1253c6fe410caf1bb5dd51,266.56
fcc5e67b48556a8421b7e00bbcaeed63b67984dd,268.54
7156a314733fbf3204f6ebabe4b57a593b575553,265.89
2ce58b1941376f64ca97f5e38fe6878742cfed41,129.79
e9cf62cc41bbfe7b7935524bf7057cb7f152e768,132.14
d4d5950d24941530e1bcb6083c76f93fec96bc1f,125.91
79b20b0c55293c71ba51ed934f3e5397fb28b6f3,265.39
21346b16a0fb3a578eb94ea592740f80b2d33d26,266.07
ac6dfd076bea0feac88564bff68164b95619ae66,268.21
f248547894c2b45a596317e93d8173f108ec764a,267.71
74b5ddc649171d3a99fc0dbc67097b5cb7caa1ea,132.46
8a71aca5ecb660cd049b63ec6e29f4318238cb0d,268.34
148614e20e0516ecf04085870199bae3484e640b,267.69
f248547894c2b45a596317e93d8173f108ec764a,267.79
f0d81da13da0a46cfbf6ee4e8b7f8ef43a5ef89a,132.68
a06871b1972a5ea200272bd983c926e247d1492f,133.03
5d4cb8eef50189b39c7f4b6ce4bb7090b16324d6,132.43
c084b2b2049d2a9bbcd829baa5a7edeae0b08e51,265.89
d728f7cd898dc3b73fd9b07411b802a8ca32d891,132.98
c9751c989443699ba38246b82e32dc81dee91a2e,268.88
7a4dbbb6aec73cae664f4f8118e0fe45f0580d26,268.06
62f8871c4018430608174aaf0b823850be631367,126.76
139f8c4fe343fa5d9ef7b7e40b226a3e101efcaf,134.31
2c56af11ec38b8de76d4438462e69d6e47031406,268.89
4341eb304464993b2e9a804ede5eb58ca8fd2939,134.98
a06871b1972a5ea200272bd983c926e247d1492f,131.85
9906105e42435c566d4458ebb576ba1947a69d98,266.87
2c56af11ec38b8de76d4438462e69d6e47031406,270.32
d2fcb87c10458372abff14d85c5713ef3f33de16,128.85
e13cc2a7c8412dee03f3960511a7bab1ccfc53ca,268.85
72b78f23a96a40a3a3becb2f4260d41af67a7f97,269.29
e49d57c5d2126359e5f25e4bd814093c68e0dda5,268.20
2c56af11ec38b8de76d4438462e69d6e47031406,267.84
21b8c1c0720395ec81ca4d43e1a1e5eb0b9ac55f,269.87
ec5fed5fe4a51a95a51ef4e92b8c82e656e453ad,131.87
ba722c2b47c9709a685af8ea634d1b2cd45be6f7,126.23
20fb3d99193c90bebe1253c6fe410caf1bb5dd51,267.80
0a8104da81348ae872d57e9c206a3729d3728e8d,269.86
fcef8cb577c462b307a8d3f612ced9e5a2e37f6d,128.71
e9cf62cc41bbfe7b7935524bf7057cb7f152e768,133.05
139f8c4fe343fa5d9ef7b7e40b226a3e101efcaf,131.84
e0897c105f72ac425018461ee9ce42446c917387,268.55
da6c868e73d8d8d71dcfd4b9b40c609400ec53c5,133.46
e49d57c5d2126359e5f25e4bd814093c68e0dda5,266.44
2265306009db71f7c293f545ebb8b31aaed91b2a,127.56
f935d545726572c4f72fd8bec3c940feb8f299fd,133.77
20fb3d99193c90bebe1253c6fe410caf1bb5dd51,267.55
c05120cdf86060de0954be9b91be834a37f4b1a9,131.83
3b5d928b7eff4b68e16e59ff17cec2acfe834655,265.75
fcc5e67b48556a8421b7e00bbcaeed63b67984dd,266.22
7dce19588cc3af8fe03900b1fd66774f8b0b2185,126.63
2c56af11ec38b8de76d4438462e69d6e47031406,267.97
e9cf62cc41bbfe7b7935524bf7057cb7f152e768,132.27
20fb3d99193c90bebe1253c6fe410caf1bb5dd51,270.05
72b78f23a96a40a3a3becb2f4260d41af67a7f97,269.18
f4dac4625550959f8c5915a4e26c4118690812df,135.16
cf9671bd69a65f780fc992fa366c4b4406ea694e,270.00
43cd8cff288aaabd864ccd5be30748a33d474ced,134.54
f935d545726572c4f72fd8bec3c940feb8f299fd,132.35
6118df9d7c3e67a13775c1384eb7b5f8d9c28f39,192.17
d0f1993ac5812b235b6d582723d9f834362b977f,132.25
62f8871c4018430608174aaf0b823850be631367,127.62
5d4cb8eef50189b39c7f4b6ce4bb7090b16324d6,132.22
da6c868e73d8d8d71dcfd4b9b40c609400ec53c5,133.60
7dce19588cc3af8fe03900b1fd66774f8b0b2185,127.44
21346b16a0fb3a578eb94ea592740f80b2d33d26,268.61
1a685a858c433dc452bcdaec2eca8c6185ecec7c,265.93
60a7c0cf78e4da4f28347c0269acff596c375335,266.35
79b20b0c55293c71ba51ed934f3e5397fb28b6f3,268.82
53ecd933d797a11fa5dc751e22a815cb5497fc17,267.31
ac6dfd076bea0feac88564bff68164b95619ae66,267.71
7dce19588cc3af8fe03900b1fd66774f8b0b2185,126.76
c09797573256c0abac8529008df7336125ea5685,268.10
e9cf62cc41bbfe7b7935524bf7057cb7f152e768,131.81
28b17252827d4bba9e4e8f4d2d21c6f43f7222a6,128.31
f4a4880c8ebae74735b375575569f6306b902847,134.55
44d65e021a5a5bbf9274e0040687b49c8d53acf2,134.26
a0181d60d9de82966dadd51183080de5d5e070b1,129.15
53ecd933d797a11fa5dc751e22a815cb5497fc17,268.83
8a71aca5ecb660cd049b63ec6e29f4318238cb0d,270.44
2bd0e9f4ba77ccc29b7fdd24cf533f897ed63cb9,268.99
67b608ef7c758565350c22c55f5614e5017ace6c,131.82
0a8104da81348ae872d57e9c206a3729d3728e8d,267.96
da6c868e73d8d8d71dcfd4b9b40c609400ec53c5,133.02
e878c035a9183b0ca13d3d88fc5af36148bd00e8,91.59
f935d545726572c4f72fd8bec3c940feb8f299fd,131.59
139f8c4fe343fa5d9ef7b7e40b226a3e101efcaf,131.72
21b8c1c0720395ec81ca4d43e1a1e5eb0b9ac55f,267.59
2265306009db71f7c293f545ebb8b31aaed91b2a,126.83
190f802a92a103b0660121d343d3b128aeed4874,134.35
c09797573256c0abac8529008df7336125ea5685,268.23
97d4aaae056153996d0402cbf3584f8271631ae6,269.05
15e27cd1b3b973bf7b996a2699aac8026df968af,126.24
2ce58b1941376f64ca97f5e38fe6878742cfed41,126.14
ec5fed5fe4a51a95a51ef4e92b8c82e656e453ad,132.28
3696b175470064e2cda335f1c53b14c4d46586de,132.95
1b1d1f3a4b0493b37ad0f49f533dfc3829f8fe2d,132.27
99b0f9c34f19d838d3da0ab1d0692ce8e2d7640f,266.76
0a8104da81348ae872d57e9c206a3729d3728e8d,268.77
f4a4880c8ebae74735b375575569f6306b902847,133.82
ec5fed5fe4a51a95a51ef4e92b8c82e656e453ad,133.57
babf369c9d9115873b6b371a0172057eeee796f0,192.85
2bd0e9f4ba77ccc29b7fdd24cf533f897ed63cb9,269.02
7a4dbbb6aec73cae664f4f8118e0fe45f0580d26,268.77
230f34fde826fae4b4efccb6185108437335f373,134.05
01aceb37d67b3a6e542e0b1e56cd7a200000bc10,135.11
d92cabb73712c982d284a9216b9c22a5108e559f,268.19
2265306009db71f7c293f545ebb8b31aaed91b2a,128.98
bc24ce340c9d978bdd2357036917970b1a1e5f5e,136.13
ec5fed5fe4a51a95a51ef4e92b8c82e656e453ad,133.83
fcc5e67b48556a8421b7e00bbcaeed63b67984dd,268.46
230f34fde826fae4b4efccb6185108437335f373,136.30
8a71aca5ecb660cd049b63ec6e29f4318238cb0d,268.19
5cba6b64a8e883bd99a549422d86ede00e6a2f62,267.12
e0897c105f72ac425018461ee9ce42446c917387,267.13
c296bdc0d7ef8d16700539c3be8675b50dadfc84,128.08
d2fcb87c10458372abff14d85c5713ef3f33de16,126.43
99b0f9c34f19d838d3da0ab1d0692ce8e2d7640f,266.30
c296bdc0d7ef8d16700539c3be8675b50dadfc84,128.85
022853385b01309be10d655f6cf08e1435a70c5d,135.03
474b8b9f3bf864a31efb0ed7698f0e3309e68264,125.85
72b78f23a96a40a3a3becb2f4260d41af67a7f97,268.80
72b78f23a96a40a3a3becb2f4260d41af67a7f97,269.97
c9751c989443699ba38246b82e32dc81dee91a2e,269.92
0da5000255265aa1e0036d0d6fb0129dc759f1f7,132.53
216ef63bb01501e28a74d1dd3b55b4c5902edad1,132.82
a06871b1972a5ea200272bd983c926e247d1492f,134.81
f35faf871852d138d2bcf43dd6f72c43611fae51,131.82
d0f1993ac5812b235b6d582723d9f834362b977f,132.32
d462c112962078b5cac062f3b5aef66470e36f0d,268.30
5d4cb8eef50189b39c7f4b6ce4bb7090b16324d6,132.31
230f34fde826fae4b4efccb6185108437335f373,132.31
01aceb37d67b3a6e542e0b1e56cd7a200000bc10,133.81
60a7c0cf78e4da4f28347c0269acff596c375335,267.23
fcef8cb577c462b307a8d3f612ced9e5a2e37f6d,130.41
53ecd933d797a11fa5dc751e22a815cb5497fc17,267.38
216ef63bb01501e28a74d1dd3b55b4c5902edad1,135.27
53ecd933d797a11fa5dc751e22a815cb5497fc17,267.90
ba722c2b47c9709a685af8ea634d1b2cd45be6f7,128.59
e8d073377513862d31596e1bdd6a1a0d2a1d11ab,133.30
1eb642e2c7c65713d72fc6ad4383b85873edd3f8,133.51
6118df9d7c3e67a13775c1384eb7b5f8d9c28f39,194.66
e0897c105f72ac425018461ee9ce42446c917387,268.61
62f8871c4018430608174aaf0b823850be631367,128.48
7156a314733fbf3204f6ebabe4b57a593b575553,268.83
60a7c0cf78e4da4f28347c0269acff596c375335,267.11
ba722c2b47c9709a685af8ea634d1b2cd45be6f7,127.25
fea36b92c4c0c12eeb3124cb3acd115a4ab81c58,133.99
139f8c4fe343fa5d9ef7b7e40b226a3e101efcaf,134.36
da6c868e73d8d8d71dcfd4b9b40c609400ec53c5,131.75
c05120cdf86060de0954be9b91be834a37f4b1a9,132.61
60a7c0cf78e4da4f28347c0269acff596c375335,266.87
79b20b0c55293c71ba51ed934f3e5397fb28b6f3,269.89
e878c035a9183b0ca13d3d88fc5af36148bd00e8,89.61
190f802a92a103b0660121d343d3b128aeed4874,133.30
53ecd933d797a11fa5dc751e22a815cb5497fc17,267.97
ac6dfd076bea0feac88564bff68164b95619ae66,267.58
5cba6b64a8e883bd99a549422d86ede00e6a2f62,266.05
f0d81da13da0a46cfbf6ee4e8b7f8ef43a5ef89a,133.29
f35faf871852d138d2bcf43dd6f72c43611fae51,133.69
6c77697346f137c9263d6b49b101cdf3e3862d6d,127.24
c05120cdf86060de0954be9b91be834a37f4b1a9,134.86
62f8871c4018430608174aaf0b823850be631367,127.88
53ecd933d797a11fa5dc751e22a815cb5497fc17,269.00
0fd9777ef4373a6b10cdca2f7339f105f74bd098,261.52
ba722c2b47c9709a685af8ea634d1b2cd45be6f7,128.05
fcef8cb577c462b307a8d3f612ced9e5a2e37f6d,126.79
67b608ef7c758565350c22c55f5614e5017ace6c,132.09
e8e54fb15116c80f9c6541504fcf91379e4957c4,128.44
67b608ef7c758565350c22c55f5614e5017ace6c,133.86
d0f1993ac5812b235b6d582723d9f834362b977f,133.66
7dce19588cc3af8fe03900b1fd66774f8b0b2185,126.66
5cba6b64a8e883bd99a549422d86ede00e6a2f62,270.93
f4a4880c8ebae74735b375575569f6306b902847,131.74
cf9671bd69a65f780fc992fa366c4b4406ea694e,268.23
190f802a92a103b0660121d343d3b128aeed4874,133.40
d728f7cd898dc3b73fd9b07411b802a8ca32d891,135.81
d0f1993ac5812b235b6d582723d9f834362b977f,132.58
7a4dbbb6aec73cae664f4f8118e0fe45f0580d26,266.20
c084b2b2049d2a9bbcd829baa5a7edeae0b08e51,267.94
fcef8cb577c462b307a8d3f612ced9e5a2e37f6d,129.89
9906105e42435c566d4458ebb576ba1947a69d98,268.87
ac6dfd076bea0feac88564bff68164b95619ae66,265.47
d4d5950d24941530e1bcb6083c76f93fec96bc1f,126.86
6118df9d7c3e67a13775c1384eb7b5f8d9c28f39,192.63
2bd0e9f4ba77ccc29b7fdd24cf533f897ed63cb9,267.52
4341eb304464993b2e9a804ede5eb58ca8fd2939,134.33
e0897c105f72ac425018461ee9ce42446c917387,268.51
5cba6b64a8e883bd99a549422d86ede00e6a2f62,268.09
0fd9777ef4373a6b10cdca2f7339f105f74bd098,262.97
1b1d1f3a4b0493b37ad0f49f533dfc3829f8fe2d,131.02
d92cabb73712c982d284a9216b9c22a5108e559f,267.69
f4a4880c8ebae74735b375575569f6306b902847,132.31
62f8871c4018430608174aaf0b823850be631367,127.48
f4dac4625550959f8c5915a4e26c4118690812df,135.11
190f802a92a103b0660121d343d3b128aeed4874,132.36
6118df9d7c3e67a13775c1384eb7b5f8d9c28f39,192.10
2ce58b1941376f64ca97f5e38fe6878742cfed41,130.16
79b20b0c55293c71ba51ed934f3e5397fb28b6f3,268.05
f35faf871852d138d2bcf43dd6f72c43611fae51,133.08
3b5d928b7eff4b68e16e59ff17cec2acfe834655,266.35
0da5000255265aa1e0036d0d6fb0129dc759f1f7,132.68
5cba6b64a8e883bd99a549422d86ede00e6a2f62,268.08
0a8104da81348ae872d57e9c206a3729d3728e8d,267.06
01aceb37d67b3a6e542e0b1e56cd7a200000bc10,132.97
f248547894c2b45a596317e93d8173f108ec764a,269.06
f35faf871852d138d2bcf43dd6f72c43611fae51,133.84
c05120cdf86060de0954be9b91be834a37f4b1a9,134.72
fcc5e67b48556a8421b7e00bbcaeed63b67984dd,265.01
ec5fed5fe4a51a95a51ef4e92b8c82e656e453ad,132.99
c09797573256c0abac8529008df7336125ea5685,267.11
e49d57c5d2126359e5f25e4bd814093c68e0dda5,271.52
33bd349f50f9535e3d63f90c38259115e99082c9,127.04
2ce58b1941376f64ca97f5e38fe6878742cfed41,129.17
e878c035a9183b0ca13d3d88fc5af36148bd00e8,90.53
7a4dbbb6aec73cae664f4f8118e0fe45f0580d26,270.14
e9cf62cc41bbfe7b7935524bf7057cb7f152e768,135.28
fea36b92c4c0c12eeb3124cb3acd115a4ab81c58,134.26
e8e54fb15116c80f9c6541504fcf91379e4957c4,128.23
ba722c2b47c9709a685af8ea634d1b2cd45be6f7,127.12
2265306009db71f7c293f545ebb8b31aaed91b2a,127.46
74b5ddc649171d3a99fc0dbc67097b5cb7caa1ea,132.37
f248547894c2b45a596317e93d8173f108ec764a,266.22
0fd9777ef4373a6b10cdca2f7339f105f74bd098,261.76
e8d073377513862d31596e1bdd6a1a0d2a1d11ab,134.81
1eb642e2c7c65713d72fc6ad4383b85873edd3f8,134.83
2265306009db71f7c293f545ebb8b31aaed91b2a,127.29
fcef8cb577c462b307a8d3f612ced9e5a2e37f6d,126.77
e8d073377513862d31596e1bdd6a1a0d2a1d11ab,131.93
1eb642e2c7c65713d72fc6ad4383b85873edd3f8,132.77
2c56af11ec38b8de76d4438462e69d6e47031406,270.93
f935d545726572c4f72fd8bec3c940feb8f299fd,131.06
19e43c1d43028c4e91a0acde071721b3814e3f7c,132.66
3c4acb402ec988540e19fd38d449b2eba0aef671,133.43
c084b2b2049d2a9bbcd829baa5a7edeae0b08e51,269.26
f4a4880c8ebae74735b375575569f6306b902847,132.54
ba722c2b47c9709a685af8ea634d1b2cd45be6f7,127.78
4e4d47fe0f13d7bb1dd9874cd057456d21123390,135.48
f476a4846b2570fc6c3755116b377aa6c06cdbee,133.93
72b78f23a96a40a3a3becb2f4260d41af67a7f97,267.94
60a7c0cf78e4da4f28347c0269acff596c375335,265.00
c9751c989443699ba38246b82e32dc81dee91a2e,267.16
1eb642e2c7c65713d72fc6ad4383b85873edd3f8,135.52
ac6dfd076bea0feac88564bff68164b95619ae66,266.62
0fd9777ef4373a6b10cdca2f7339f105f74bd098,260.55
d4d5950d24941530e1bcb6083c76f93fec96bc1f,127.40
35b79db2cf8776375eef2dd2e07fb8f44d957df7,266.05
148614e20e0516ecf04085870199bae3484e640b,267.10
ac6dfd076bea0feac88564bff68164b95619ae66,266.16
e878c035a9183b0ca13d3d88fc5af36148bd00e8,89.82
67b608ef7c758565350c22c55f5614e5017ace6c,132.18
0fd9777ef4373a6b10cdca2f7339f105f74bd098,261.55
3b5d928b7eff4b68e16e59ff17cec2acfe834655,270.07
c296bdc0d7ef8d16700539c3be8675b50dadfc84,127.87
8a71aca5ecb660cd049b63ec6e29f4318238cb0d,268.71
190f802a92a103b0660121d343d3b128aeed4874,131.85
ec5fed5fe4a51a95a51ef4e92b8c82e656e453ad,131.81
74b5ddc649171d3a99fc0dbc67097b5cb7caa1ea,134.41
fe5b988bc79441e530ece863ea638a25c4e63c86,134.40
79b20b0c55293c71ba51ed934f3e5397fb28b6f3,267.49
79b20b0c55293c71ba51ed934f3e5397fb28b6f3,268.44
72b78f23a96a40a3a3becb2f4260d41af67a7f97,266.43
1b1d1f3a4b0493b37ad0f49f533dfc3829f8fe2d,135.39
0da5000255265aa1e0036d0d6fb0129dc759f1f7,133.33
3696b175470064e2cda335f1c53b14c4d46586de,133.72
67b608ef7c758565350c22c55f5614e5017ace6c,133.61
99b0f9c34f19d838d3da0ab1d0692ce8e2d7640f,269.01
fcef8cb577c462b307a8d3f612ced9e5a2e37f6d,127.82
f476a4846b2570fc6c3755116b377aa6c06cdbee,134.55
33bd349f50f9535e3d63f90c38259115e99082c9,127.04
fcc5e67b48556a8421b7e00bbcaeed63b67984dd,266.76
33bd349f50f9535e3d63f90c38259115e99082c9,126.84
15e27cd1b3b973bf7b996a2699aac8026df968af,126.99
6c77697346f137c9263d6b49b101cdf3e3862d6d,129.12
4341eb304464993b2e9a804ede5eb58ca8fd2939,131.55
c296bdc0d7ef8d16700539c3be8675b50dadfc84,127.96
20fb3d99193c90bebe1253c6fe410caf1bb5dd51,267.98
f4a4880c8ebae74735b375575569f6306b902847,133.16
2ce58b1941376f64ca97f5e38fe6878742cfed41,128.99
3696b175470064e2cda335f1c53b14c4d46586de,132.59
d462c112962078b5cac062f3b5aef66470e36f0d,268.96
4e4d47fe0f13d7bb1dd9874cd057456d21123390,133.57
53ecd933d797a11fa5dc751e22a815cb5497fc17,267.53
4341eb304464993b2e9a804ede5eb58ca8fd2939,134.40
f248547894c2b45a596317e93d8173f108ec764a,268.43
bc24ce340c9d978bdd2357036917970b1a1e5f5e,134.06
f4dac4625550959f8c5915a4e26c4118690812df,134.33
0fd9777ef4373a6b10cdca2f7339f105f74bd098,261.49
d4d5950d24941530e1bcb6083c76f93fec96bc1f,127.43
ac6dfd076bea0feac88564bff68164b95619ae66,268.08
4d43dcd2c2d4b7516d92a4b9db0cff91737315ce,128.11
19e43c1d43028c4e91a0acde071721b3814e3f7c,131.92
f0d81da13da0a46cfbf6ee4e8b7f8ef43a5ef89a,133.71
f4a4880c8ebae74735b375575569f6306b902847,133.42
7a4dbbb6aec73cae664f4f8118e0fe45f0580d26,268.12
c296bdc0d7ef8d16700539c3be8675b50dadfc84,128.29
5d4cb8eef50189b39c7f4b6ce4bb7090b16324d6,132.72
148614e20e0516ecf04085870199bae3484e640b,268.37
e9cf62cc41bbfe7b7935524bf7057cb7f152e768,133.53
d2fcb87c10458372abff14d85c5713ef3f33de16,128.64
21b8c1c0720395ec81ca4d43e1a1e5eb0b9ac55f,267.89
c05120cdf86060de0954be9b91be834a37f4b1a9,131.91
4d43dcd2c2d4b7516d92a4b9db0cff91737315ce,126.42
c9751c989443699ba38246b82e32dc81dee91a2e,267.34
139f8c4fe343fa5d9ef7b7e40b226a3e101efcaf,131.10
e8e54fb15116c80f9c6541504fcf91379e4957c4,128.17
e8e54fb15116c80f9c6541504fcf91379e4957c4,129.85
19e43c1d43028c4e91a0acde071721b3814e3f7c,134.46
7a4dbbb6aec73cae664f4f8118e0fe45f0580d26,268.59
4e4d47fe0f13d7bb1dd9874cd057456d21123390,135.76
62f8871c4018430608174aaf0b823850be631367,127.27
28b17252827d4bba9e4e8f4d2d21c6f43f7222a6,128.74
271ac0540488d7429c36cec85f34b25210ac63df,125.83
230f34fde826fae4b4efccb6185108437335f373,132.35
5cba6b64a8e883bd99a549422d86ede00e6a2f62,267.06
139f8c4fe343fa5d9ef7b7e40b226a3e101efcaf,133.35
6c77697346f137c9263d6b49b101cdf3e3862d6d,128.28
da6c868e73d8d8d71dcfd4b9b40c609400ec53c5,132.79
53ecd933d797a11fa5dc751e22a815cb5497fc17,267.58
7156a314733fbf3204f6ebabe4b57a593b575553,269.16
f0d81da13da0a46cfbf6ee4e8b7f8ef43a5ef89a,135.82
f4a4880c8ebae74735b375575569f6306b902847,135.85
e13cc2a7c8412dee03f3960511a7bab1ccfc53ca,266.34
e9cf62cc41bbfe7b7935524bf7057cb7f152e768,132.60
022853385b01309be10d655f6cf08e1435a70c5d,133.16
e878c035a9183b0ca13d3d88fc5af36148bd00e8,91.84
7a4dbbb6aec73cae664f4f8118e0fe45f0580d26,266.53
230f34fde826fae4b4efccb6185108437335f373,131.89
230f34fde826fae4b4efccb6185108437335f373,134.43
d728f7cd898dc3b73fd9b07411b802a8ca32d891,133.17
e8d073377513862d31596e1bdd6a1a0d2a1d11ab,133.88
fcc5e67b48556a8421b7e00bbcaeed63b67984dd,264.19
f476a4846b2570fc6c3755116b377aa6c06cdbee,133.60
19e43c1d43028c4e91a0acde071721b3814e3f7c,132.06
c084b2b2049d2a9bbcd829baa5a7edeae0b08e51,267.48
8a71aca5ecb660cd049b63ec6e29f4318238cb0d,269.36
f935d545726572c4f72fd8bec3c940feb8f299fd,133.84
21346b16a0fb3a578eb94ea592740f80b2d33d26,264.02
c09797573256c0abac8529008df7336125ea5685,266.53
44d65e021a5a5bbf9274e0040687b49c8d53acf2,135.19
a0181d60d9de82966dadd51183080de5d5e070b1,125.91
6c77697346f137c9263d6b49b101cdf3e3862d6d,127.99
c05120cdf86060de0954be9b91be834a37f4b1a9,133.28
43cd8cff288aaabd864ccd5be30748a33d474ced,134.51
e878c035a9183b0ca13d3d88fc5af36148bd00e8,91.84
148614e20e0516ecf04085870199bae3484e640b,268.08
148614e20e0516ecf04085870199bae3484e640b,267.29
67b608ef7c758565350c22c55f5614e5017ace6c,134.34
e13cc2a7c8412dee03f3960511a7bab1ccfc53ca,266.11
f4dac4625550959f8c5915a4e26c4118690812df,134.13
f4dac4625550959f8c5915a4e26c4118690812df,133.82
e13cc2a7c8412dee03f3960511a7bab1ccfc53ca,267.87
d728f7cd898dc3b73fd9b07411b802a8ca32d891,132.68
4341eb304464993b2e9a804ede5eb58ca8fd2939,133.56
e878c035a9183b0ca13d3d88fc5af36148bd00e8,91.49
e8e54fb15116c80f9c6541504fcf91379e4957c4,126.62
44d65e021a5a5bbf9274e0040687b49c8d53acf2,134.05
f0d81da13da0a46cfbf6ee4e8b7f8ef43a5ef89a,131.93
190f802a92a103b0660121d343d3b128aeed4874,134.34
19e43c1d43028c4e91a0acde071721b3814e3f7c,134.29
f35faf871852d138d2bcf43dd6f72c43611fae51,132.17
a0181d60d9de82966dadd51183080de5d5e070b1,127.91
fcef8cb577c462b307a8d3f612ced9e5a2e37f6d,128.00
2bd0e9f4ba77ccc29b7fdd24cf533f897ed63cb9,266.07
4341eb304464993b2e9a804ede5eb58ca8fd2939,133.41
2c56af11ec38b8de76d4438462e69d6e47031406,270.51
0fd9777ef4373a6b10cdca2f7339f105f74bd098,260.05
230f34fde826fae4b4efccb6185108437335f373,133.13
4e4d47fe0f13d7bb1dd9874cd057456d21123390,131.23
60a7c0cf78e4da4f28347c0269acff596c375335,266.70
4d43dcd2c2d4b7516d92a4b9db0cff91737315ce,127.14
474b8b9f3bf864a31efb0ed7698f0e3309e68264,129.58
c296bdc0d7ef8d16700539c3be8675b50dadfc84,127.61
7dce19588cc3af8fe03900b1fd66774f8b0b2185,127.92
fcef8cb577c462b307a8d3f612ced9e5a2e37f6d,128.73
c296bdc0d7ef8d16700539c3be8675b50dadfc84,128.39
f476a4846b2570fc6c3755116b377aa6c06cdbee,133.06
1b1d1f3a4b0493b37ad0f49f533dfc3829f8fe2d,133.86
72b78f23a96a40a3a3becb2f4260d41af67a7f97,266.71
f35faf871852d138d2bcf43dd6f72c43611fae51,133.73
139f8c4fe343fa5d9ef7b7e40b226a3e101efcaf,133.55
3c4acb402ec988540e19fd38d449b2eba0aef671,132.65
fcc5e67b48556a8421b7e00bbcaeed63b67984dd,270.11
190f802a92a103b0660121d343d3b128aeed4874,133.11
43cd8cff288aaabd864ccd5be30748a33d474ced,132.74
2bd0e9f4ba77ccc29b7fdd24cf533f897ed63cb9,265.69
1b1d1f3a4b0493b37ad0f49f533dfc3829f8fe2d,134.59
d0f1993ac5812b235b6d582723d9f834362b977f,131.69
4e4d47fe0f13d7bb1dd9874cd057456d21123390,132.14
01aceb37d67b3a6e542e0b1e56cd7a200000bc10,134.54
d0f1993ac5812b235b6d582723d9f834362b977f,133.57
6118df9d7c3e67a13775c1384eb7b5f8d9c28f39,193.27
15e27cd1b3b973bf7b996a2699aac8026df968af,127.23
babf369c9d9115873b6b371a0172057eeee796f0,193.34
79b20b0c55293c71ba51ed934f3e5397fb28b6f3,270.41
4341eb304464993b2e9a804ede5eb58ca8fd2939,133.80
3696b175470064e2cda335f1c53b14c4d46586de,133.87
2265306009db71f7c293f545ebb8b31aaed91b2a,128.43
e9cf62cc41bbfe7b7935524bf7057cb7f152e768,133.77
5cba6b64a8e883bd99a549422d86ede00e6a2f62,270.41
1a685a858c433dc452bcdaec2eca8c6185ecec7c,269.89
d462c112962078b5cac062f3b5aef66470e36f0d,265.11
7156a314733fbf3204f6ebabe4b57a593b575553,268.71
3c4acb402ec988540e19fd38d449b2eba0aef671,133.45
3b5d928b7eff4b68e16e59ff17cec2acfe834655,269.03
8a71aca5ecb660cd049b63ec6e29f4318238cb0d,267.66
e8e54fb15116c80f9c6541504fcf91379e4957c4,129.71
9906105e42435c566d4458ebb576ba1947a69d98,267.62
022853385b01309be10d655f6cf08e1435a70c5d,132.33
d4d5950d24941530e1bcb6083c76f93fec96bc1f,127.57
3b5d928b7eff4b68e16e59ff17cec2acfe834655,268.19
0da5000255265aa1e0036d0d6fb0129dc759f1f7,133.96
fe5b988bc79441e530ece863ea638a25c4e63c86,133.67
ec5fed5fe4a51a95a51ef4e92b8c82e656e453ad,133.77
ba722c2b47c9709a685af8ea634d1b2cd45be6f7,126.64
c9751c989443699ba38246b82e32dc81dee91a2e,266.32
43cd8cff288aaabd864ccd5be30748a33d474ced,134.48
3c4acb402ec988540e19fd38d449b2eba0aef671,134.49
022853385b01309be10d655f6cf08e1435a70c5d,134.11
bc24ce340c9d978bdd2357036917970b1a1e5f5e,133.29
f248547894c2b45a596317e93d8173f108ec764a,267.02
c05120cdf86060de0954be9b91be834a37f4b1a9,134.52
3696b175470064e2cda335f1c53b14c4d46586de,131.75
2bd0e9f4ba77ccc29b7fdd24cf533f897ed63cb9,268.13
babf369c9d9115873b6b371a0172057eeee796f0,191.26
d0f1993ac5812b235b6d582723d9f834362b977f,131.60
3c4acb402ec988540e19fd38d449b2eba0aef671,133.66
67b608ef7c758565350c22c55f5614e5017ace6c,132.08
7dce19588cc3af8fe03900b1fd66774f8b0b2185,127.82
da6c868e73d8d8d71dcfd4b9b40c609400ec53c5,135.59
cf9671bd69a65f780fc992fa366c4b4406ea694e,267.58
da6c868e73d8d8d71dcfd4b9b40c609400ec53c5,132.33
7dce19588cc3af8fe03900b1fd66774f8b0b2185,128.67
8a71aca5ecb660cd049b63ec6e29f4318238cb0d,269.17
19e43c1d43028c4e91a0acde071721b3814e3f7c,130.99
43cd8cff288aaabd864ccd5be30748a33d474ced,136.27
0da5000255265aa1e0036d0d6fb0129dc759f1f7,131.67
e8d073377513862d31596e1bdd6a1a0d2a1d11ab,133.79
c05120cdf86060de0954be9b91be834a37f4b1a9,134.36
60a7c0cf78e4da4f28347c0269acff596c375335,266.91
21346b16a0fb3a578eb94ea592740f80b2d33d26,269.38
d92cabb73712c982d284a9216b9c22a5108e559f,265.92
babf369c9d9115873b6b371a0172057eeee796f0,192.62
a0181d60d9de82966dadd51183080de5d5e070b1,127.88
d92cabb73712c982d284a9216b9c22a5108e559f,269.37
19e43c1d43028c4e91a0acde071721b3814e3f7c,132.75
e8e54fb15116c80f9c6541504fcf91379e4957c4,130.03
5cba6b64a8e883bd99a549422d86ede00e6a2f62,268.25
cf9671bd69a65f780fc992fa366c4b4406ea694e,264.40
72b78f23a96a40a3a3becb2f4260d41af67a7f97,266.27
35b79db2cf8776375eef2dd2e07fb8f44d957df7,267.26
97d4aaae056153996d0402cbf3584f8271631ae6,265.95
7a4dbbb6aec73cae664f4f8118e0fe45f0580d26,267.28
2c56af11ec38b8de76d4438462e69d6e47031406,268.77
9906105e42435c566d4458ebb576ba1947a69d98,267.61
e0897c105f72ac425018461ee9ce42446c917387,268.64
9906105e42435c566d4458ebb576ba1947a69d98,266.71
c296bdc0d7ef8d16700539c3be8675b50dadfc84,126.17
d2fcb87c10458372abff14d85c5713ef3f33de16,127.58
e0897c105f72ac425018461ee9ce42446c917387,266.37
5d4cb8eef50189b39c7f4b6ce4bb7090b16324d6,132.88
f4a4880c8ebae74735b375575569f6306b902847,132.85
e8d073377513862d31596e1bdd6a1a0d2a1d11ab,133.54
7a4dbbb6aec73cae664f4f8118e0fe45f0580d26,269.24
3696b175470064e2cda335f1c53b14c4d46586de,132.09
022853385b01309be10d655f6cf08e1435a70c5d,133.30
5d4cb8eef50189b39c7f4b6ce4bb7090b16324d6,135.86
d4d5950d24941530e1bcb6083c76f93fec96bc1f,130.78
d728f7cd898dc3b73fd9b07411b802a8ca32d891,133.04
0da5000255265aa1e0036d0d6fb0129dc759f1f7,132.00
022853385b01309be10d655f6cf08e1435a70c5d,131.05
44d65e021a5a5bbf9274e0040687b49c8d53acf2,131.53
d4d5950d24941530e1bcb6083c76f93fec96bc1f,128.48
7dce19588cc3af8fe03900b1fd66774f8b0b2185,125.36
babf369c9d9115873b6b371a0172057eeee796f0,193.52
2ce58b1941376f64ca97f5e38fe6878742cfed41,128.51
c084b2b2049d2a9bbcd829baa5a7edeae0b08e51,271.35
fe5b988bc79441e530ece863ea638a25c4e63c86,134.25
d92cabb73712c982d284a9216b9c22a5108e559f,267.01
35b79db2cf8776375eef2dd2e07fb8f44d957df7,269.04
2265306009db71f7c293f545ebb8b31aaed91b2a,129.20
74b5ddc649171d3a99fc0dbc67097b5cb7caa1ea,134.05
1eb642e2c7c65713d72fc6ad4383b85873edd3f8,132.09
2265306009db71f7c293f545ebb8b31aaed91b2a,127.75
62f8871c4018430608174aaf0b823850be631367,129.18
e49d57c5d2126359e5f25e4bd814093c68e0dda5,264.63
fe5b988bc79441e530ece863ea638a25c4e63c86,133.82
6c77697346f137c9263d6b49b101cdf3e3862d6d,128.42
e8e54fb15116c80f9c6541504fcf91379e4957c4,129.36
9906105e42435c566d4458ebb576ba1947a69d98,269.39
0a8104da81348ae872d57e9c206a3729d3728e8d,266.96
fea36b92c4c0c12eeb3124cb3acd115a4ab81c58,132.30
1a685a858c433dc452bcdaec2eca8c6185ecec7c,268.45
28b17252827d4bba9e4e8f4d2d21c6f43f7222a6,126.59
e0897c105f72ac425018461ee9ce42446c917387,269.25
0da5000255265aa1e0036d0d6fb0129dc759f1f7,132.28
d92cabb73712c982d284a9216b9c22a5108e559f,265.72
c09797573256c0abac8529008df7336125ea5685,267.21
8a71aca5ecb660cd049b63ec6e29f4318238cb0d,266.69
15e27cd1b3b973bf7b996a2699aac8026df968af,124.68
fea36b92c4c0c12eeb3124cb3acd115a4ab81c58,134.88
271ac0540488d7429c36cec85f34b25210ac63df,127.12
d728f7cd898dc3b73fd9b07411b802a8ca32d891,132.69
d0f1993ac5812b235b6d582723d9f834362b977f,133.39
f4dac4625550959f8c5915a4e26c4118690812df,134.68
1a685a858c433dc452bcdaec2eca8c6185ecec7c,265.51
4d43dcd2c2d4b7516d92a4b9db0cff91737315ce,127.59
fe5b988bc79441e530ece863ea638a25c4e63c86,133.44
271ac0540488d7429c36cec85f34b25210ac63df,125.62
9906105e42435c566d4458ebb576ba1947a69d98,268.46
2c56af11ec38b8de76d4438462e69d6e47031406,267.19
7a4dbbb6aec73cae664f4f8118e0fe45f0580d26,268.77
148614e20e0516ecf04085870199bae3484e640b,267.59
d728f7cd898dc3b73fd9b07411b802a8ca32d891,134.40
c09797573256c0abac8529008df7336125ea5685,266.20
20fb3d99193c90bebe1253c6fe410caf1bb5dd51,270.73
33bd349f50f9535e3d63f90c38259115e99082c9,127.55
139f8c4fe343fa5d9ef7b7e40b226a3e101efcaf,133.89
3b5d928b7eff4b68e16e59ff17cec2acfe834655,268.68
c9751c989443699ba38246b82e32dc81dee91a2e,266.84
21b8c1c0720395ec81ca4d43e1a1e5eb0b9ac55f,267.69
d92cabb73712c982d284a9216b9c22a5108e559f,270.32
fcc5e67b48556a8421b7e00bbcaeed63b67984dd,270.21
0fd9777ef4373a6b10cdca2f7339f105f74bd098,259.12
c9751c989443699ba38246b82e32dc81dee91a2e,267.34
5d4cb8eef50189b39c7f4b6ce4bb7090b16324d6,134.89
67b608ef7c758565350c22c55f5614e5017ace6c,132.74
5cba6b64a8e883bd99a549422d86ede00e6a2f62,268.34
474b8b9f3bf864a31efb0ed7698f0e3309e68264,128.95
4341eb304464993b2e9a804ede5eb58ca8fd2939,132.63
ec5fed5fe4a51a95a51ef4e92b8c82e656e453ad,134.11
33bd349f50f9535e3d63f90c38259115e99082c9,126.79
1a685a858c433dc452bcdaec2eca8c6185ecec7c,268.31
230f34fde826fae4b4efccb6185108437335f373,131.19
4e4d47fe0f13d7bb1dd9874cd057456d21123390,134.13
da6c868e73d8d8d71dcfd4b9b40c609400ec53c5,133.56
a0181d60d9de82966dadd51183080de5d5e070b1,127.86
0da5000255265aa1e0036d0d6fb0129dc759f1f7,132.60
6c77697346f137c9263d6b49b101cdf3e3862d6d,126.08
d4d5950d24941530e1bcb6083c76f93fec96bc1f,128.35
2265306009db71f7c293f545ebb8b31aaed91b2a,127.92
3b5d928b7eff4b68e16e59ff17cec2acfe834655,269.91
7156a314733fbf3204f6ebabe4b57a593b575553,268.33
2ce58b1941376f64ca97f5e38fe6878742cfed41,125.67
022853385b01309be10d655f6cf08e1435a70c5d,134.65
19e43c1d43028c4e91a0acde071721b3814e3f7c,132.32
d0f1993ac5812b235b6d582723d9f834362b977f,133.02
72b78f23a96a40a3a3becb2f4260d41af67a7f97,268.71
ac6dfd076bea0feac88564bff68164b95619ae66,266.74
43cd8cff288aaabd864ccd5be30748a33d474ced,133.50
f0d81da13da0a46cfbf6ee4e8b7f8ef43a5ef89a,131.26
43cd8cff288aaabd864ccd5be30748a33d474ced,133.56
01aceb37d67b3a6e542e0b1e56cd7a200000bc10,134.23
43cd8cff288aaabd864ccd5be30748a33d474ced,134.65
33bd349f50f9535e3d63f90c38259115e99082c9,124.82
f476a4846b2570fc6c3755116b377aa6c06cdbee,132.32
ac6dfd076bea0feac88564bff68164b95619ae66,267.85
67b608ef7c758565350c22c55f5614e5017ace6c,132.49
2c56af11ec38b8de76d4438462e69d6e47031406,264.86
7dce19588cc3af8fe03900b1fd66774f8b0b2185,125.36
1a685a858c433dc452bcdaec2eca8c6185ecec7c,268.40
62f8871c4018430608174aaf0b823850be631367,128.09
6c77697346f137c9263d6b49b101cdf3e3862d6d,126.20
e9cf62cc41bbfe7b7935524bf7057cb7f152e768,132.80
f248547894c2b45a596317e93d8173f108ec764a,269.45
f248547894c2b45a596317e93d8173f108ec764a,269.16
53ecd933d797a11fa5dc751e22a815cb5497fc17,269.11
01aceb37d67b3a6e542e0b1e56cd7a200000bc10,134.94
e9cf62cc41bbfe7b7935524bf7057cb7f152e768,134.59
fcc5e67b48556a8421b7e00bbcaeed63b67984dd,267.12
d2fcb87c10458372abff14d85c5713ef3f33de16,127.85
190f802a92a103b0660121d343d3b128aeed4874,133.28
f35faf871852d138d2bcf43dd6f72c43611fae51,132.46
a06871b1972a5ea200272bd983c926e247d1492f,134.77
271ac0540488d7429c36cec85f34b25210ac63df,128.32
0a8104da81348ae872d57e9c206a3729d3728e8d,269.16
1b1d1f3a4b0493b37ad0f49f533dfc3829f8fe2d,134.76
ac6dfd076bea0feac88564bff68164b95619ae66,269.62
53ecd933d797a11fa5dc751e22a815cb5497fc17,268.80
21b8c1c0720395ec81ca4d43e1a1e5eb0b9ac55f,267.12
3b5d928b7eff4b68e16e59ff17cec2acfe834655,268.89
0da5000255265aa1e0036d0d6fb0129dc759f1f7,132.27
fe5b988bc79441e530ece863ea638a25c4e63c86,133.39
f248547894c2b45a596317e93d8173f108ec764a,267.51
0da5000255265aa1e0036d0d6fb0129dc759f1f7,134.68
19e43c1d43028c4e91a0acde071721b3814e3f7c,133.66
d92cabb73712c982d284a9216b9c22a5108e559f,268.18
99b0f9c34f19d838d3da0ab1d0692ce8e2d7640f,267.62
1eb642e2c7c65713d72fc6ad4383b85873edd3f8,132.94
4d43dcd2c2d4b7516d92a4b9db0cff91737315ce,126.78
ac6dfd076bea0feac88564bff68164b95619ae66,266.71
43cd8cff288aaabd864ccd5be30748a33d474ced,134.92
28b17252827d4bba9e4e8f4d2d21c6f43f7222a6,128.11
f0d81da13da0a46cfbf6ee4e8b7f8ef43a5ef89a,134.31
01aceb37d67b3a6e542e0b1e56cd7a200000bc10,134.16
2ce58b1941376f64ca97f5e38fe6878742cfed41,128.05
e49d57c5d2126359e5f25e4bd814093c68e0dda5,267.35
216ef63bb01501e28a74d1dd3b55b4c5902edad1,133.53
21b8c1c0720395ec81ca4d43e1a1e5eb0b9ac55f,266.73
c084b2b2049d2a9bbcd829baa5a7edeae0b08e51,267.70
e878c035a9183b0ca13d3d88fc5af36148bd00e8,89.96
ba722c2b47c9709a685af8ea634d1b2cd45be6f7,129.55
d728f7cd898dc3b73fd9b07411b802a8ca32d891,133.62
e8e54fb15116c80f9c6541504fcf91379e4957c4,125.73
99b0f9c34f19d838d3da0ab1d0692ce8e2d7640f,268.88
7a4dbbb6aec73cae664f4f8118e0fe45f0580d26,265.43
2bd0e9f4ba77ccc29b7fdd24cf533f897ed63cb9,268.51
1a685a858c433dc452bcdaec2eca8c6185ecec7c,266.44
15e27cd1b3b973bf7b996a2699aac8026df968af,126.69
21b8c1c0720395ec81ca4d43e1a1e5eb0b9ac55f,267.07
28b17252827d4bba9e4e8f4d2d21c6f43f7222a6,126.15
babf369c9d9115873b6b371a0172057eeee796f0,193.94
f4a4880c8ebae74735b375575569f6306b902847,134.21
79b20b0c55293c71ba51ed934f3e5397fb28b6f3,266.68
216ef63bb01501e28a74d1dd3b55b4c5902edad1,131.23
3c4acb402ec988540e19fd38d449b2eba0aef671,134.67
2c56af11ec38b8de76d4438462e69d6e47031406,267.62
35b79db2cf8776375eef2dd2e07fb8f44d957df7,269.82
7156a314733fbf3204f6ebabe4b57a593b575553,271.44
79b20b0c55293c71ba51ed934f3e5397fb28b6f3,268.28
fea36b92c4c0c12eeb3124cb3acd115a4ab81c58,133.45
28b17252827d4bba9e4e8f4d2d21c6f43f7222a6,126.16
a0181d60d9de82966dadd51183080de5d5e070b1,126.36
ec5fed5fe4a51a95a51ef4e92b8c82e656e453ad,133.84
022853385b01309be10d655f6cf08e1435a70c5d,134.36
babf369c9d9115873b6b371a0172057eeee796f0,192.93
d728f7cd898dc3b73fd9b07411b802a8ca32d891,131.92
f4dac4625550959f8c5915a4e26c4118690812df,133.42
97d4aaae056153996d0402cbf3584f8271631ae6,267.23
e9cf62cc41bbfe7b7935524bf7057cb7f152e768,135.11
19e43c1d43028c4e91a0acde071721b3814e3f7c,133.86
20fb3d99193c90bebe1253c6fe410caf1bb5dd51,268.25
2265306009db71f7c293f545ebb8b31aaed91b2a,126.89
5cba6b64a8e883bd99a549422d86ede00e6a2f62,268.96
f248547894c2b45a596317e93d8173f108ec764a,263.80
d4d5950d24941530e1bcb6083c76f93fec96bc1f,129.44
20fb3d99193c90bebe1253c6fe410caf1bb5dd51,264.92
2c56af11ec38b8de76d4438462e69d6e47031406,265.77
bc24ce340c9d978bdd2357036917970b1a1e5f5e,132.63
a06871b1972a5ea200272bd983c926e247d1492f,134.04
28b17252827d4bba9e4e8f4d2d21c6f43f7222a6,125.90
28b17252827d4bba9e4e8f4d2d21c6f43f7222a6,126.70
62f8871c4018430608174aaf0b823850be631367,128.42
190f802a92a103b0660121d343d3b128aeed4874,133.43
148614e20e0516ecf04085870199bae3484e640b,264.63
1a685a858c433dc452bcdaec2eca8c6185ecec7c,266.12
7dce19588cc3af8fe03900b1fd66774f8b0b2185,124.09
4d43dcd2c2d4b7516d92a4b9db0cff91737315ce,126.44
fea36b92c4c0c12eeb3124cb3acd115a4ab81c58,134.77
cf9671bd69a65f780fc992fa366c4b4406ea694e,268.09
474b8b9f3bf864a31efb0ed7698f0e3309e68264,127.11
0da5000255265aa1e0036d0d6fb0129dc759f1f7,133.25
97d4aaae056153996d0402cbf3584f8271631ae6,266.19
e13cc2a7c8412dee03f3960511a7bab1ccfc53ca,265.73
9906105e42435c566d4458ebb576ba1947a69d98,265.32
216ef63bb01501e28a74d1dd3b55b4c5902edad1,134.20
216ef63bb01501e28a74d1dd3b55b4c5902edad1,131.35
f476a4846b2570fc6c3755116b377aa6c06cdbee,132.42
da6c868e73d8d8d71dcfd4b9b40c609400ec53c5,131.54
d462c112962078b5cac062f3b5aef66470e36f0d,267.62
ba722c2b47c9709a685af8ea634d1b2cd45be6f7,128.90
1b1d1f3a4b0493b37ad0f49f533dfc3829f8fe2d,132.48
6c77697346f137c9263d6b49b101cdf3e3862d6d,128.97
3696b175470064e2cda335f1c53b14c4d46586de,132.29
7a4dbbb6aec73cae664f4f8118e0fe45f0580d26,268.77
d2fcb87c10458372abff14d85c5713ef3f33de16,124.82
f4dac4625550959f8c5915a4e26c4118690812df,133.71
e49d57c5d2126359e5f25e4bd814093c68e0dda5,267.25
babf369c9d9115873b6b371a0172057eeee796f0,190.98
1eb642e2c7c65713d72fc6ad4383b85873edd3f8,131.89
474b8b9f3bf864a31efb0ed7698f0e3309e68264,126.02
ec5fed5fe4a51a95a51ef4e92b8c82e656e453ad,131.49
fcef8cb577c462b307a8d3f612ced9e5a2e37f6d,126.70
474b8b9f3bf864a31efb0ed7698f0e3309e68264,129.31
c05120cdf86060de0954be9b91be834a37f4b1a9,134.16
79b20b0c55293c71ba51ed934f3e5397fb28b6f3,265.65
e8e54fb15116c80f9c6541504fcf91379e4957c4,126.68
fcef8cb577c462b307a8d3f612ced9e5a2e37f6d,129.49
5d4cb8eef50189b39c7f4b6ce4bb7090b16324d6,131.15
99b0f9c34f19d838d3da0ab1d0692ce8e2d7640f,267.53
43cd8cff288aaabd864ccd5be30748a33d474ced,131.78
99b0f9c34f19d838d3da0ab1d0692ce8e2d7640f,265.82
271ac0540488d7429c36cec85f34b25210ac63df,126.53
99b0f9c34f19d838d3da0ab1d0692ce8e2d7640f,265.80
148614e20e0516ecf04085870199bae3484e640b,266.29
28b17252827d4bba9e4e8f4d2d21c6f43f7222a6,124.44
33bd349f50f9535e3d63f90c38259115e99082c9,126.75
44d65e021a5a5bbf9274e0040687b49c8d53acf2,133.61
20fb3d99193c90bebe1253c6fe410caf1bb5dd51,269.26
3b5d928b7eff4b68e16e59ff17cec2acfe834655,265.83
8a71aca5ecb660cd049b63ec6e29f4318238cb0d,269.21
022853385b01309be10d655f6cf08e1435a70c5d,133.07
f935d545726572c4f72fd8bec3c940feb8f299fd,132.79
2265306009db71f7c293f545ebb8b31aaed91b2a,126.12
f935d545726572c4f72fd8bec3c940feb8f299fd,132.43
8a71aca5ecb660cd049b63ec6e29f4318238cb0d,267.13
0fd9777ef4373a6b10cdca2f7339f105f74bd098,261.00
f935d545726572c4f72fd8bec3c940feb8f299fd,132.30
216ef63bb01501e28a74d1dd3b55b4c5902edad1,132.46
4341eb304464993b2e9a804ede5eb58ca8fd2939,132.43
62f8871c4018430608174aaf0b823850be631367,126.70
1a685a858c433dc452bcdaec2eca8c6185ecec7c,266.90
19e43c1d43028c4e91a0acde071721b3814e3f7c,132.18
139f8c4fe343fa5d9ef7b7e40b226a3e101efcaf,132.73
9906105e42435c566d4458ebb576ba1947a69d98,268.47
21346b16a0fb3a578eb94ea592740f80b2d33d26,263.45
e13cc2a7c8412dee03f3960511a7bab1ccfc53ca,268.97
72b78f23a96a40a3a3becb2f4260d41af67a7f97,267.84
3c4acb402ec988540e19fd38d449b2eba0aef671,132.89
2ce58b1941376f64ca97f5e38fe6878742cfed41,127.20
44d65e021a5a5bbf9274e0040687b49c8d53acf2,132.90
3c4acb402ec988540e19fd38d449b2eba0aef671,134.47
d0f1993ac5812b235b6d582723d9f834362b977f,132.01
c05120cdf86060de0954be9b91be834a37f4b1a9,133.33
022853385b01309be10d655f6cf08e1435a70c5d,132.66
79b20b0c55293c71ba51ed934f3e5397fb28b6f3,262.73
8a71aca5ecb660cd049b63ec6e29f4318238cb0d,268.40
d0f1993ac5812b235b6d582723d9f834362b977f,132.11
f4dac4625550959f8c5915a4e26c4118690812df,132.19
6118df9d7c3e67a13775c1384eb7b5f8d9c28f39,193.54
e9cf62cc41bbfe7b7935524bf7057cb7f152e768,133.83
3696b175470064e2cda335f1c53b14c4d46586de,132.59
fea36b92c4c0c12eeb3124cb3acd115a4ab81c58,132.93
4341eb304464993b2e9a804ede5eb58ca8fd2939,132.96
216ef63bb01501e28a74d1dd3b55b4c5902edad1,132.26
f35faf871852d138d2bcf43dd6f72c43611fae51,132.63
3c4acb402ec988540e19fd38d449b2eba0aef671,133.49
474b8b9f3bf864a31efb0ed7698f0e3309e68264,126.55
216ef63bb01501e28a74d1dd3b55b4c5902edad1,132.73
43cd8cff288aaabd864ccd5be30748a33d474ced,131.95
6c77697346f137c9263d6b49b101cdf3e3862d6d,128.14
271ac0540488d7429c36cec85f34b25210ac63df,127.02
a06871b1972a5ea200272bd983c926e247d1492f,132.98
2bd0e9f4ba77ccc29b7fdd24cf533f897ed63cb9,266.24
5cba6b64a8e883bd99a549422d86ede00e6a2f62,265.12
28b17252827d4bba9e4e8f4d2d21c6f43f7222a6,125.80
f476a4846b2570fc6c3755116b377aa6c06cdbee,133.79
74b5ddc649171d3a99fc0dbc67097b5cb7caa1ea,133.92
97d4aaae056153996d0402cbf3584f8271631ae6,269.76
e13cc2a7c8412dee03f3960511a7bab1ccfc53ca,267.04
da6c868e73d8d8d71dcfd4b9b40c609400ec53c5,132.76
ac6dfd076bea0feac88564bff68164b95619ae66,266.23
1b1d1f3a4b0493b37ad0f49f533dfc3829f8fe2d,134.73
15e27cd1b3b973bf7b996a2699aac8026df968af,128.52
97d4aaae056153996d0402cbf3584f8271631ae6,267.58
a0181d60d9de82966dadd51183080de5d5e070b1,128.91
f4dac4625550959f8c5915a4e26c4118690812df,130.72
a06871b1972a5ea200272bd983c926e247d1492f,132.59
fe5b988bc79441e530ece863ea638a25c4e63c86,132.83
5d4cb8eef50189b39c7f4b6ce4bb7090b16324d6,133.08
97d4aaae056153996d0402cbf3584f8271631ae6,265.61
a0181d60d9de82966dadd51183080de5d5e070b1,129.01
97d4aaae056153996d0402cbf3584f8271631ae6,266.80
d92cabb73712c982d284a9216b9c22a5108e559f,266.81
9906105e42435c566d4458ebb576ba1947a69d98,266.70
3696b175470064e2cda335f1c53b14c4d46586de,132.91
d4d5950d24941530e1bcb6083c76f93fec96bc1f,124.72
d462c112962078b5cac062f3b5aef66470e36f0d,265.88
1eb642e2c7c65713d72fc6ad4383b85873edd3f8,132.82
f935d545726572c4f72fd8bec3c940feb8f299fd,133.09
53ecd933d797a11fa5dc751e22a815cb5497fc17,265.90
271ac0540488d7429c36cec85f34b25210ac63df,126.27
f476a4846b2570fc6c3755116b377aa6c06cdbee,132.32
e878c035a9183b0ca13d3d88fc5af36148bd00e8,91.18
60a7c0cf78e4da4f28347c0269acff596c375335,266.02
d2fcb87c10458372abff14d85c5713ef3f33de16,129.92
6c77697346f137c9263d6b49b101cdf3e3862d6d,125.17
21346b16a0fb3a578eb94ea592740f80b2d33d26,265.74
28b17252827d4bba9e4e8f4d2d21c6f43f7222a6,124.83
67b608ef7c758565350c22c55f5614e5017ace6c,133.66
ba722c2b47c9709a685af8ea634d1b2cd45be6f7,127.74
fe5b988bc79441e530ece863ea638a25c4e63c86,130.92
230f34fde826fae4b4efccb6185108437335f373,133.41
e13cc2a7c8412dee03f3960511a7bab1ccfc53ca,265.95
fcc5e67b48556a8421b7e00bbcaeed63b67984dd,268.14
20fb3d99193c90bebe1253c6fe410caf1bb5dd51,266.75
f248547894c2b45a596317e93d8173f108ec764a,263.93
f0d81da13da0a46cfbf6ee4e8b7f8ef43a5ef89a,131.48
230f34fde826fae4b4efccb6185108437335f373,131.82
fcef8cb577c462b307a8d3f612ced9e5a2e37f6d,127.76
474b8b9f3bf864a31efb0ed7698f0e3309e68264,126.63
5d4cb8eef50189b39c7f4b6ce4bb7090b16324d6,132.20
ba722c2b47c9709a685af8ea634d1b2cd45be6f7,127.50
2265306009db71f7c293f545ebb8b31aaed91b2a,125.05
01aceb37d67b3a6e542e0b1e56cd7a200000bc10,131.52
f0d81da13da0a46cfbf6ee4e8b7f8ef43a5ef89a,132.93
7156a314733fbf3204f6ebabe4b57a593b575553,265.86
d2fcb87c10458372abff14d85c5713ef3f33de16,126.75
19e43c1d43028c4e91a0acde071721b3814e3f7c,131.76
21346b16a0fb3a578eb94ea592740f80b2d33d26,266.96
7156a314733fbf3204f6ebabe4b57a593b575553,263.68
e13cc2a7c8412dee03f3960511a7bab1ccfc53ca,268.95
d728f7cd898dc3b73fd9b07411b802a8ca32d891,131.58
c05120cdf86060de0954be9b91be834a37f4b1a9,131.48
0fd9777ef4373a6b10cdca2f7339f105f74bd098,259.29
ac6dfd076bea0feac88564bff68164b95619ae66,266.37
21346b16a0fb3a578eb94ea592740f80b2d33d26,269.53
21346b16a0fb3a578eb94ea592740f80b2d33d26,267.14
1eb642e2c7c65713d72fc6ad4383b85873edd3f8,131.76
7156a314733fbf3204f6ebabe4b57a593b575553,267.32
4d43dcd2c2d4b7516d92a4b9db0cff91737315ce,128.14
7a4dbbb6aec73cae664f4f8118e0fe45f0580d26,266.47
a06871b1972a5ea200272bd983c926e247d1492f,131.67
67b608ef7c758565350c22c55f5614e5017ace6c,131.48
43cd8cff288aaabd864ccd5be30748a33d474ced,131.78
43cd8cff288aaabd864ccd5be30748a33d474ced,133.61
e8d073377513862d31596e1bdd6a1a0d2a1d11ab,131.27
33bd349f50f9535e3d63f90c38259115e99082c9,125.36
44d65e021a5a5bbf9274e0040687b49c8d53acf2,131.79
4341eb304464993b2e9a804ede5eb58ca8fd2939,133.18
35b79db2cf8776375eef2dd2e07fb8f44d957df7,266.15
3b5d928b7eff4b68e16e59ff17cec2acfe834655,267.10
474b8b9f3bf864a31efb0ed7698f0e3309e68264,125.44
97d4aaae056153996d0402cbf3584f8271631ae6,266.10
e9cf62cc41bbfe7b7935524bf7057cb7f152e768,131.68
e878c035a9183b0ca13d3d88fc5af36148bd00e8,90.88
3696b175470064e2cda335f1c53b14c4d46586de,135.47
271ac0540488d7429c36cec85f34b25210ac63df,127.69
74b5ddc649171d3a99fc0dbc67097b5cb7caa1ea,132.25
4e4d47fe0f13d7bb1dd9874cd057456d21123390,131.76
cf9671bd69a65f780fc992fa366c4b4406ea694e,264.21
230f34fde826fae4b4efccb6185108437335f373,132.72
3b5d928b7eff4b68e16e59ff17cec2acfe834655,267.76
cf9671bd69a65f780fc992fa366c4b4406ea694e,264.18
6118df9d7c3e67a13775c1384eb7b5f8d9c28f39,192.12
67b608ef7c758565350c22c55f5614e5017ace6c,131.04
ec5fed5fe4a51a95a51ef4e92b8c82e656e453ad,132.55
cf9671bd69a65f780fc992fa366c4b4406ea694e,268.07
c296bdc0d7ef8d16700539c3be8675b50dadfc84,126.81
74b5ddc649171d3a99fc0dbc67097b5cb7caa1ea,132.23
1b1d1f3a4b0493b37ad0f49f533dfc3829f8fe2d,132.63
0da5000255265aa1e0036d0d6fb0129dc759f1f7,131.63
ec5fed5fe4a51a95a51ef4e92b8c82e656e453ad,130.64
0a8104da81348ae872d57e9c206a3729d3728e8d,265.17
c084b2b2049d2a9bbcd829baa5a7edeae0b08e51,265.12
c296bdc0d7ef8d16700539c3be8675b50dadfc84,125.18
5d4cb8eef50189b39c7f4b6ce4bb7090b16324d6,133.01
fea36b92c4c0c12eeb3124cb3acd115a4ab81c58,132.76
53ecd933d797a11fa5dc751e22a815cb5497fc17,266.77
bc24ce340c9d978bdd2357036917970b1a1e5f5e,131.61
474b8b9f3bf864a31efb0ed7698f0e3309e68264,128.65
3b5d928b7eff4b68e16e59ff17cec2acfe834655,265.05
74b5ddc649171d3a99fc0dbc67097b5cb7caa1ea,131.72
e8d073377513862d31596e1bdd6a1a0d2a1d11ab,133.69
474b8b9f3bf864a31efb0ed7698f0e3309e68264,126.37
15e27cd1b3b973bf7b996a2699aac8026df968af,128.20
e8e54fb15116c80f9c6541504fcf91379e4957c4,129.07
99b0f9c34f19d838d3da0ab1d0692ce8e2d7640f,269.78
bc24ce340c9d978bdd2357036917970b1a1e5f5e,132.93
d0f1993ac5812b235b6d582723d9f834362b977f,132.73
28b17252827d4bba9e4e8f4d2d21c6f43f7222a6,127.81
4d43dcd2c2d4b7516d92a4b9db0cff91737315ce,126.38
6c77697346f137c9263d6b49b101cdf3e3862d6d,129.64
139f8c4fe343fa5d9ef7b7e40b226a3e101efcaf,132.13
35b79db2cf8776375eef2dd2e07fb8f44d957df7,265.39
3696b175470064e2cda335f1c53b14c4d46586de,133.81
74b5ddc649171d3a99fc0dbc67097b5cb7caa1ea,132.92
cf9671bd69a65f780fc992fa366c4b4406ea694e,264.25
97d4aaae056153996d0402cbf3584f8271631ae6,265.78
15e27cd1b3b973bf7b996a2699aac8026df968af,127.16
e0897c105f72ac425018461ee9ce42446c917387,266.49
fea36b92c4c0c12eeb3124cb3acd115a4ab81c58,132.35
21b8c1c0720395ec81ca4d43e1a1e5eb0b9ac55f,266.77
01aceb37d67b3a6e542e0b1e56cd7a200000bc10,131.31
d92cabb73712c982d284a9216b9c22a5108e559f,264.81
7dce19588cc3af8fe03900b1fd66774f8b0b2185,124.29
33bd349f50f9535e3d63f90c38259115e99082c9,125.61
babf369c9d9115873b6b371a0172057eeee796f0,191.08
8a71aca5ecb660cd049b63ec6e29f4318238cb0d,267.65
fcc5e67b48556a8421b7e00bbcaeed63b67984dd,266.83
d462c112962078b5cac062f3b5aef66470e36f0d,268.32
f4a4880c8ebae74735b375575569f6306b902847,133.39
6118df9d7c3e67a13775c1384eb7b5f8d9c28f39,192.53
da6c868e73d8d8d71dcfd4b9b40c609400ec53c5,131.59
d4d5950d24941530e1bcb6083c76f93fec96bc1f,127.92
33bd349f50f9535e3d63f90c38259115e99082c9,125.37
99b0f9c34f19d838d3da0ab1d0692ce8e2d7640f,268.33
74b5ddc649171d3a99fc0dbc67097b5cb7caa1ea,133.44
44d65e021a5a5bbf9274e0040687b49c8d53acf2,132.53
7156a314733fbf3204f6ebabe4b57a593b575553,268.32
60a7c0cf78e4da4f28347c0269acff596c375335,266.54
271ac0540488d7429c36cec85f34b25210ac63df,125.72
2ce58b1941376f64ca97f5e38fe6878742cfed41,124.85
e8d073377513862d31596e1bdd6a1a0d2a1d11ab,133.00
21346b16a0fb3a578eb94ea592740f80b2d33d26,265.92
e878c035a9183b0ca13d3d88fc5af36148bd00e8,90.02
4d43dcd2c2d4b7516d92a4b9db0cff91737315ce,126.42
4d43dcd2c2d4b7516d92a4b9db0cff91737315ce,126.57
4e4d47fe0f13d7bb1dd9874cd057456d21123390,132.48
28b17252827d4bba9e4e8f4d2d21c6f43f7222a6,126.17
f35faf871852d138d2bcf43dd6f72c43611fae51,132.25
d728f7cd898dc3b73fd9b07411b802a8ca32d891,132.83
0fd9777ef4373a6b10cdca2f7339f105f74bd098,260.48
d462c112962078b5cac062f3b5aef66470e36f0d,265.88
a0181d60d9de82966dadd51183080de5d5e070b1,129.21
1a685a858c433dc452bcdaec2eca8c6185ecec7c,263.59
4e4d47fe0f13d7bb1dd9874cd057456d21123390,132.19
c084b2b2049d2a9bbcd829baa5a7edeae0b08e51,268.32
e9cf62cc41bbfe7b7935524bf7057cb7f152e768,133.93
216ef63bb01501e28a74d1dd3b55b4c5902edad1,132.59
bc24ce340c9d978bdd2357036917970b1a1e5f5e,133.70
e878c035a9183b0ca13d3d88fc5af36148bd00e8,89.95
bc24ce340c9d978bdd2357036917970b1a1e5f5e,133.34
15e27cd1b3b973bf7b996a2699aac8026df968af,128.96
babf369c9d9115873b6b371a0172057eeee796f0,192.63
d728f7cd898dc3b73fd9b07411b802a8ca32d891,132.46
ec5fed5fe4a51a95a51ef4e92b8c82e656e453ad,131.21
e13cc2a7c8412dee03f3960511a7bab1ccfc53ca,267.09
60a7c0cf78e4da4f28347c0269acff596c375335,268.05
c09797573256c0abac8529008df7336125ea5685,265.30
216ef63bb01501e28a74d1dd3b55b4c5902edad1,132.23
022853385b01309be10d655f6cf08e1435a70c5d,134.19
4d43dcd2c2d4b7516d92a4b9db0cff91737315ce,127.56
e49d57c5d2126359e5f25e4bd814093c68e0dda5,267.90
d462c112962078b5cac062f3b5aef66470e36f0d,270.55
e8d073377513862d31596e1bdd6a1a0d2a1d11ab,133.53
79b20b0c55293c71ba51ed934f3e5397fb28b6f3,265.39
20fb3d99193c90bebe1253c6fe410caf1bb5dd51,265.07
1b1d1f3a4b0493b37ad0f49f533dfc3829f8fe2d,132.50
1a685a858c433dc452bcdaec2eca8c6185ecec7c,267.08
99b0f9c34f19d838d3da0ab1d0692ce8e2d7640f,267.68
1eb642e2c7c65713d72fc6ad4383b85873edd3f8,133.34
d4d5950d24941530e1bcb6083c76f93fec96bc1f,127.27
97d4aaae056153996d0402cbf3584f8271631ae6,269.07
2bd0e9f4ba77ccc29b7fdd24cf533f897ed63cb9,265.44
d2fcb87c10458372abff14d85c5713ef3f33de16,127.61
d0f1993ac5812b235b6d582723d9f834362b977f,131.89
cf9671bd69a65f780fc992fa366c4b4406ea694e,267.33
d462c112962078b5cac062f3b5aef66470e36f0d,268.37
c05120cdf86060de0954be9b91be834a37f4b1a9,133.90
60a7c0cf78e4da4f28347c0269acff596c375335,265.30
53ecd933d797a11fa5dc751e22a815cb5497fc17,268.87
1a685a858c433dc452bcdaec2eca8c6185ecec7c,267.31
5d4cb8eef50189b39c7f4b6ce4bb7090b16324d6,132.46
e13cc2a7c8412dee03f3960511a7bab1ccfc53ca,267.43
190f802a92a103b0660121d343d3b128aeed4874,131.42
0da5000255265aa1e0036d0d6fb0129dc759f1f7,131.27
99b0f9c34f19d838d3da0ab1d0692ce8e2d7640f,266.21
7156a314733fbf3204f6ebabe4b57a593b575553,268.11
fea36b92c4c0c12eeb3124cb3acd115a4ab81c58,132.73
230f34fde826fae4b4efccb6185108437335f373,136.05
0fd9777ef4373a6b10cdca2f7339f105f74bd098,257.70
f248547894c2b45a596317e93d8173f108ec764a,267.52
35b79db2cf8776375eef2dd2e07fb8f44d957df7,266.86
4341eb304464993b2e9a804ede5eb58ca8fd2939,131.63
28b17252827d4bba9e4e8f4d2d21c6f43f7222a6,124.47
d2fcb87c10458372abff14d85c5713ef3f33de16,125.77
21346b16a0fb3a578eb94ea592740f80b2d33d26,267.10
2c56af11ec38b8de76d4438462e69d6e47031406,269.29
e878c035a9183b0ca13d3d88fc5af36148bd00e8,89.87
4d43dcd2c2d4b7516d92a4b9db0cff91737315ce,127.66
a06871b1972a5ea200272bd983c926e247d1492f,133.73
33bd349f50f9535e3d63f90c38259115e99082c9,128.26
35b79db2cf8776375eef2dd2e07fb8f44d957df7,265.94
79b20b0c55293c71ba51ed934f3e5397fb28b6f3,268.17
97d4aaae056153996d0402cbf3584f8271631ae6,267.73
21b8c1c0720395ec81ca4d43e1a1e5eb0b9ac55f,266.67
e49d57c5d2126359e5f25e4bd814093c68e0dda5,267.23
f0d81da13da0a46cfbf6ee4e8b7f8ef43a5ef89a,133.26
62f8871c4018430608174aaf0b823850be631367,126.06
cf9671bd69a65f780fc992fa366c4b4406ea694e,266.03
a06871b1972a5ea200272bd983c926e247d1492f,133.29
6118df9d7c3e67a13775c1384eb7b5f8d9c28f39,191.18
15e27cd1b3b973bf7b996a2699aac8026df968af,127.61
e8d073377513862d31596e1bdd6a1a0d2a1d11ab,133.98
e13cc2a7c8412dee03f3960511a7bab1ccfc53ca,267.92
44d65e021a5a5bbf9274e0040687b49c8d53acf2,130.67
148614e20e0516ecf04085870199bae3484e640b,266.93
139f8c4fe343fa5d9ef7b7e40b226a3e101efcaf,133.45
21b8c1c0720395ec81ca4d43e1a1e5eb0b9ac55f,267.80
5d4cb8eef50189b39c7f4b6ce4bb7090b16324d6,135.31
1a685a858c433dc452bcdaec2eca8c6185ecec7c,268.60
44d65e021a5a5bbf9274e0040687b49c8d53acf2,132.96
148614e20e0516ecf04085870199bae3484e640b,268.96
3c4acb402ec988540e19fd38d449b2eba0aef671,132.69
4e4d47fe0f13d7bb1dd9874cd057456d21123390,132.74
99b0f9c34f19d838d3da0ab1d0692ce8e2d7640f,266.95
f4dac4625550959f8c5915a4e26c4118690812df,133.21
a06871b1972a5ea200272bd983c926e247d1492f,132.41
a06871b1972a5ea200272bd983c926e247d1492f,132.80
e0897c105f72ac425018461ee9ce42446c917387,265.35
0da5000255265aa1e0036d0d6fb0129dc759f1f7,131.72
6118df9d7c3e67a13775c1384eb7b5f8d9c28f39,193.05
216ef63bb01501e28a74d1dd3b55b4c5902edad1,131.80
4341eb304464993b2e9a804ede5eb58ca8fd2939,135.15
e8e54fb15116c80f9c6541504fcf91379e4957c4,126.90
67b608ef7c758565350c22c55f5614e5017ace6c,131.27
43cd8cff288aaabd864ccd5be30748a33d474ced,132.83
190f802a92a103b0660121d343d3b128aeed4874,132.66
d2fcb87c10458372abff14d85c5713ef3f33de16,126.79
01aceb37d67b3a6e542e0b1e56cd7a200000bc10,131.88
97d4aaae056153996d0402cbf3584f8271631ae6,268.97
da6c868e73d8d8d71dcfd4b9b40c609400ec53c5,132.21
62f8871c4018430608174aaf0b823850be631367,128.69
21346b16a0fb3a578eb94ea592740f80b2d33d26,267.71
7a4dbbb6aec73cae664f4f8118e0fe45f0580d26,268.06
f4dac4625550959f8c5915a4e26c4118690812df,132.40
d0f1993ac5812b235b6d582723d9f834362b977f,132.46
f0d81da13da0a46cfbf6ee4e8b7f8ef43a5ef89a,130.50
e49d57c5d2126359e5f25e4bd814093c68e0dda5,266.42
1eb642e2c7c65713d72fc6ad4383b85873edd3f8,131.35
7156a314733fbf3204f6ebabe4b57a593b575553,266.29
fcc5e67b48556a8421b7e00bbcaeed63b67984dd,269.43
022853385b01309be10d655f6cf08e1435a70c5d,132.42
babf369c9d9115873b6b371a0172057eeee796f0,192.69
4341eb304464993b2e9a804ede5eb58ca8fd2939,133.22
01aceb37d67b3a6e542e0b1e56cd7a200000bc10,130.89
01aceb37d67b3a6e542e0b1e56cd7a200000bc10,131.26
d0f1993ac5812b235b6d582723d9f834362b977f,133.48
e8d073377513862d31596e1bdd6a1a0d2a1d11ab,133.38
fe5b988bc79441e530ece863ea638a25c4e63c86,132.32
139f8c4fe343fa5d9ef7b7e40b226a3e101efcaf,134.38
3b5d928b7eff4b68e16e59ff17cec2acfe834655,268.18
c9751c989443699ba38246b82e32dc81dee91a2e,265.87
44d65e021a5a5bbf9274e0040687b49c8d53acf2,131.39
c9751c989443699ba38246b82e32dc81dee91a2e,265.68
c296bdc0d7ef8d16700539c3be8675b50dadfc84,125.87
15e27cd1b3b973bf7b996a2699aac8026df968af,127.72
474b8b9f3bf864a31efb0ed7698f0e3309e68264,126.21
0fd9777ef4373a6b10cdca2f7339f105f74bd098,262.63
8a71aca5ecb660cd049b63ec6e29f4318238cb0d,264.90
01aceb37d67b3a6e542e0b1e56cd7a200000bc10,134.50
7156a314733fbf3204f6ebabe4b57a593b575553,268.83
33bd349f50f9535e3d63f90c38259115e99082c9,127.26
d2fcb87c10458372abff14d85c5713ef3f33de16,125.85
2bd0e9f4ba77ccc29b7fdd24cf533f897ed63cb9,268.14
fe5b988bc79441e530ece863ea638a25c4e63c86,133.11
2265306009db71f7c293f545ebb8b31aaed91b2a,126.19
5cba6b64a8e883bd99a549422d86ede00e6a2f62,266.99
e0897c105f72ac425018461ee9ce42446c917387,268.16
e49d57c5d2126359e5f25e4bd814093c68e0dda5,267.65
2bd0e9f4ba77ccc29b7fdd24cf533f897ed63cb9,269.46
fcef8cb577c462b307a8d3f612ced9e5a2e37f6d,128.46
c9751c989443699ba38246b82e32dc81dee91a2e,269.67
c09797573256c0abac8529008df7336125ea5685,267.88
1eb642e2c7c65713d72fc6ad4383b85873edd3f8,133.47
ec5fed5fe4a51a95a51ef4e92b8c82e656e453ad,132.75
3696b175470064e2cda335f1c53b14c4d46586de,131.12
bc24ce340c9d978bdd2357036917970b1a1e5f5e,131.87
21b8c1c0720395ec81ca4d43e1a1e5eb0b9ac55f,266.12
fcef8cb577c462b307a8d3f612ced9e5a2e37f6d,127.57
d462c112962078b5cac062f3b5aef66470e36f0d,268.37
9906105e42435c566d4458ebb576ba1947a69d98,267.46
1eb642e2c7c65713d72fc6ad4383b85873edd3f8,133.27
f4dac4625550959f8c5915a4e26c4118690812df,132.98
e8e54fb15116c80f9c6541504fcf91379e4957c4,127.46
0fd9777ef4373a6b10cdca2f7339f105f74bd098,259.55
e49d57c5d2126359e5f25e4bd814093c68e0dda5,266.20
190f802a92a103b0660121d343d3b128aeed4874,131.89
1b1d1f3a4b0493b37ad0f49f533dfc3829f8fe2d,133.66
bc24ce340c9d978bdd2357036917970b1a1e5f5e,132.27
72b78f23a96a40a3a3becb2f4260d41af67a7f97,266.37
c9751c989443699ba38246b82e32dc81dee91a2e,266.48
022853385b01309be10d655f6cf08e1435a70c5d,132.97
d2fcb87c10458372abff14d85c5713ef3f33de16,126.30
190f802a92a103b0660121d343d3b128aeed4874,133.27
c296bdc0d7ef8d16700539c3be8675b50dadfc84,127.95
35b79db2cf8776375eef2dd2e07fb8f44d957df7,269.56
c084b2b2049d2a9bbcd829baa5a7edeae0b08e51,265.61
2c56af11ec38b8de76d4438462e69d6e47031406,266.71
f935d545726572c4f72fd8bec3c940feb8f299fd,133.02
fe5b988bc79441e530ece863ea638a25c4e63c86,131.28
72b78f23a96a40a3a3becb2f4260d41af67a7f97,267.87
d92cabb73712c982d284a9216b9c22a5108e559f,267.85
7dce19588cc3af8fe03900b1fd66774f8b0b2185,125.18
7156a314733fbf3204f6ebabe4b57a593b575553,265.81
74b5ddc649171d3a99fc0dbc67097b5cb7caa1ea,130.98
da6c868e73d8d8d71dcfd4b9b40c609400ec53c5,133.30
f4a4880c8ebae74735b375575569f6306b902847,131.76
c09797573256c0abac8529008df7336125ea5685,267.86
67b608ef7c758565350c22c55f5614e5017ace6c,133.86
babf369c9d9115873b6b371a0172057eeee796f0,193.69
f248547894c2b45a596317e93d8173f108ec764a,266.88
d462c112962078b5cac062f3b5aef66470e36f0d,265.95
3b5d928b7eff4b68e16e59ff17cec2acfe834655,266.45
60a7c0cf78e4da4f28347c0269acff596c375335,267.27
c084b2b2049d2a9bbcd829baa5a7edeae0b08e51,270.01
c296bdc0d7ef8d16700539c3be8675b50dadfc84,126.32
9906105e42435c566d4458ebb576ba1947a69d98,264.94
216ef63bb01501e28a74d1dd3b55b4c5902edad1,133.57
a0181d60d9de82966dadd51183080de5d5e070b1,128.73
3b5d928b7eff4b68e16e59ff17cec2acfe834655,265.95
21b8c1c0720395ec81ca4d43e1a1e5eb0b9ac55f,265.98
5d4cb8eef50189b39c7f4b6ce4bb7090b16324d6,133.08
f476a4846b2570fc6c3755116b377aa6c06cdbee,132.57
8a71aca5ecb660cd049b63ec6e29f4318238cb0d,267.78
33bd349f50f9535e3d63f90c38259115e99082c9,126.02
44d65e021a5a5bbf9274e0040687b49c8d53acf2,133.24
babf369c9d9115873b6b371a0172057eeee796f0,190.91
e8e54fb15116c80f9c6541504fcf91379e4957c4,129.70
c9751c989443699ba38246b82e32dc81dee91a2e,267.11
cf9671bd69a65f780fc992fa366c4b4406ea694e,266.53
0fd9777ef4373a6b10cdca2f7339f105f74bd098,261.39
da6c868e73d8d8d71dcfd4b9b40c609400ec53c5,133.61
f476a4846b2570fc6c3755116b377aa6c06cdbee,133.01
01aceb37d67b3a6e542e0b1e56cd7a200000bc10,132.63
f35faf871852d138d2bcf43dd6f72c43611fae51,131.78
e0897c105f72ac425018461ee9ce42446c917387,270.87
c05120cdf86060de0954be9b91be834a37f4b1a9,132.15
15e27cd1b3b973bf7b996a2699aac8026df968af,127.00
c9751c989443699ba38246b82e32dc81dee91a2e,268.04
62f8871c4018430608174aaf0b823850be631367,125.69
bc24ce340c9d978bdd2357036917970b1a1e5f5e,132.62
f4a4880c8ebae74735b375575569f6306b902847,133.92
1eb642e2c7c65713d72fc6ad4383b85873edd3f8,133.80
f248547894c2b45a596317e93d8173f108ec764a,269.75
d462c112962078b5cac062f3b5aef66470e36f0d,269.08
2bd0e9f4ba77ccc29b7fdd24cf533f897ed63cb9,266.73
4e4d47fe0f13d7bb1dd9874cd057456d21123390,130.98
230f34fde826fae4b4efccb6185108437335f373,133.84
d4d5950d24941530e1bcb6083c76f93fec96bc1f,126.33
20fb3d99193c90bebe1253c6fe410caf1bb5dd51,266.94
a06871b1972a5ea200272bd983c926e247d1492f,132.45
19e43c1d43028c4e91a0acde071721b3814e3f7c,132.11
19e43c1d43028c4e91a0acde071721b3814e3f7c,131.46
15e27cd1b3b973bf7b996a2699aac8026df968af,126.09
21b8c1c0720395ec81ca4d43e1a1e5eb0b9ac55f,265.94
bc24ce340c9d978bdd2357036917970b1a1e5f5e,133.33
f476a4846b2570fc6c3755116b377aa6c06cdbee,132.57
bc24ce340c9d978bdd2357036917970b1a1e5f5e,134.12
cf9671bd69a65f780fc992fa366c4b4406ea694e,265.83
35b79db2cf8776375eef2dd2e07fb8f44d957df7,266.07
da6c868e73d8d8d71dcfd4b9b40c609400ec53c5,132.59
21b8c1c0720395ec81ca4d43e1a1e5eb0b9ac55f,268.60
72b78f23a96a40a3a3becb2f4260d41af67a7f97,265.56
a0181d60d9de82966dadd51183080de5d5e070b1,127.61
ba722c2b47c9709a685af8ea634d1b2cd45be6f7,125.00
7a4dbbb6aec73cae664f4f8118e0fe45f0580d26,268.31
f476a4846b2570fc6c3755116b377aa6c06cdbee,131.36
6c77697346f137c9263d6b49b101cdf3e3862d6d,129.56
271ac0540488d7429c36cec85f34b25210ac63df,125.17
3c4acb402ec988540e19fd38d449b2eba0aef671,133.14
230f34fde826fae4b4efccb6185108437335f373,132.36
139f8c4fe343fa5d9ef7b7e40b226a3e101efcaf,134.15
f935d545726572c4f72fd8bec3c940feb8f299fd,133.47
190f802a92a103b0660121d343d3b128aeed4874,135.57
2c56af11ec38b8de76d4438462e69d6e47031406,268.64
e49d57c5d2126359e5f25e4bd814093c68e0dda5,265.35
e0897c105f72ac425018461ee9ce42446c917387,268.05
216ef63bb01501e28a74d1dd3b55b4c5902edad1,133.06
3c4acb402ec988540e19fd38d449b2eba0aef671,132.85
f476a4846b2570fc6c3755116b377aa6c06cdbee,133.43
e878c035a9183b0ca13d3d88fc5af36148bd00e8,89.39
c296bdc0d7ef8d16700539c3be8675b50dadfc84,125.14
f0d81da13da0a46cfbf6ee4e8b7f8ef43a5ef89a,133.28
d728f7cd898dc3b73fd9b07411b802a8ca32d891,135.28
2bd0e9f4ba77ccc29b7fdd24cf533f897ed63cb9,270.48
474b8b9f3bf864a31efb0ed7698f0e3309e68264,126.39
