183ac743cd13a836aaaaf5bb71df7f26716879dd,60.36
183ac743cd13a836aaaaf5bb71df7f26716879dd,58.11
183ac743cd13a836aaaaf5bb71df7f26716879dd,58.70
183ac743cd13a836aaaaf5bb71df7f26716879dd,57.59
183ac743cd13a836aaaaf5bb71df7f26716879dd,57.87
183ac743cd13a836aaaaf5bb71df7f26716879dd,56.88
183ac743cd13a836aaaaf5bb71df7f26716879dd,59.61
183ac743cd13a836aaaaf5bb71df7f26716879dd,55.20
183ac743cd13a836aaaaf5bb71df7f26716879dd,57.29
183ac743cd13a836aaaaf5bb71df7f26716879dd,56.48
183ac743cd13a836aaaaf5bb71df7f26716879dd,58.25
183ac743cd13a836aaaaf5bb71df7f26716879dd,59.13
183ac743cd13a836aaaaf5bb71df7f26716879dd,54.65
183ac743cd13a836aaaaf5bb71df7f26716879dd,55.83
183ac743cd13a836aaaaf5bb71df7f26716879dd,56.06
b7534f5cd318d5d99a653f1f43b4f98199fe6751,92.53
b7534f5cd318d5d99a653f1f43b4f98199fe6751,91.41
b7534f5cd318d5d99a653f1f43b4f98199fe6751,90.90
b7534f5cd318d5d99a653f1f43b4f98199fe6751,92.74
b7534f5cd318d5d99a653f1f43b4f98199fe6751,92.27
b7534f5cd318d5d99a653f1f43b4f98199fe6751,87.48
b7534f5cd318d5d99a653f1f43b4f98199fe6751,86.29
b7534f5cd318d5d99a653f1f43b4f98199fe6751,87.31
b7534f5cd318d5d99a653f1f43b4f98199fe6751,86.10
b7534f5cd318d5d99a653f1f43b4f98199fe6751,88.21
b7534f5cd318d5d99a653f1f43b4f98199fe6751,88.01
b7534f5cd318d5d99a653f1f43b4f98199fe6751,87.53
b7534f5cd318d5d99a653f1f43b4f98199fe6751,90.18
b7534f5cd318d5d99a653f1f43b4f98199fe6751,87.38
b7534f5cd318d5d99a653f1f43b4f98199fe6751,90.19
087350028f79452cdc9727d96dfc00a3721293ba,89.96
087350028f79452cdc9727d96dfc00a3721293ba,91.96
087350028f79452cdc9727d96dfc00a3721293ba,86.88
087350028f79452cdc9727d96dfc00a3721293ba,91.43
087350028f79452cdc9727d96dfc00a3721293ba,91.64
087350028f79452cdc9727d96dfc00a3721293ba,91.15
087350028f79452cdc9727d96dfc00a3721293ba,89.72
087350028f79452cdc9727d96dfc00a3721293ba,88.02
087350028f79452cdc9727d96dfc00a3721293ba,89.36
087350028f79452cdc9727d96dfc00a3721293ba,90.64
087350028f79452cdc9727d96dfc00a3721293ba,88.35
087350028f79452cdc9727d96dfc00a3721293ba,86.83
087350028f79452cdc9727d96dfc00a3721293ba,89.06
087350028f79452cdc9727d96dfc00a3721293ba,86.02
087350028f79452cdc9727d96dfc00a3721293ba,86.76
7ae5a022baedf0545bd1cf8adfc1ccb10c116c57,60.98
7ae5a022baedf0545bd1cf8adfc1ccb10c116c57,56.68
7ae5a022baedf0545bd1cf8adfc1ccb10c116c57,57.29
7ae5a022baedf0545bd1cf8adfc1ccb10c116c57,59.08
7ae5a022baedf0545bd1cf8adfc1ccb10c116c57,59.85
7ae5a022baedf0545bd1cf8adfc1ccb10c116c57,57.05
7ae5a022baedf0545bd1cf8adfc1ccb10c116c57,58.75
7ae5a022baedf0545bd1cf8adfc1ccb10c116c57,55.21
7ae5a022baedf0545bd1cf8adfc1ccb10c116c57,58.93
7ae5a022baedf0545bd1cf8adfc1ccb10c116c57,59.26
7ae5a022baedf0545bd1cf8adfc1ccb10c116c57,57.04
7ae5a022baedf0545bd1cf8adfc1ccb10c116c57,56.33
7ae5a022baedf0545bd1cf8adfc1ccb10c116c57,56.45
7ae5a022baedf0545bd1cf8adfc1ccb10c116c57,61.22
7ae5a022baedf0545bd1cf8adfc1ccb10c116c57,58.92
e52a2115dd04559a85246f93fd978a3208a134d9,90.75
e52a2115dd04559a85246f93fd978a3208a134d9,94.16
e52a2115dd04559a85246f93fd978a3208a134d9,88.10
e52a2115dd04559a85246f93fd978a3208a134d9,89.59
e52a2115dd04559a85246f93fd978a3208a134d9,88.27
e52a2115dd04559a85246f93fd978a3208a134d9,91.22
e52a2115dd04559a85246f93fd978a3208a134d9,87.61
e52a2115dd04559a85246f93fd978a3208a134d9,88.67
e52a2115dd04559a85246f93fd978a3208a134d9,91.80
e52a2115dd04559a85246f93fd978a3208a134d9,89.94
e52a2115dd04559a85246f93fd978a3208a134d9,88.93
e52a2115dd04559a85246f93fd978a3208a134d9,89.47
e52a2115dd04559a85246f93fd978a3208a134d9,89.20
e52a2115dd04559a85246f93fd978a3208a134d9,90.38
e52a2115dd04559a85246f93fd978a3208a134d9,90.47
4b16c0c853448e82198ef61c3820a0aa15777261,89.30
4b16c0c853448e82198ef61c3820a0aa15777261,91.85
4b16c0c853448e82198ef61c3820a0aa15777261,93.05
4b16c0c853448e82198ef61c3820a0aa15777261,92.91
4b16c0c853448e82198ef61c3820a0aa15777261,91.19
4b16c0c853448e82198ef61c3820a0aa15777261,90.47
4b16c0c853448e82198ef61c3820a0aa15777261,89.88
4b16c0c853448e82198ef61c3820a0aa15777261,86.58
4b16c0c853448e82198ef61c3820a0aa15777261,90.12
4b16c0c853448e82198ef61c3820a0aa15777261,90.19
4b16c0c853448e82198ef61c3820a0aa15777261,90.22
4b16c0c853448e82198ef61c3820a0aa15777261,89.59
4b16c0c853448e82198ef61c3820a0aa15777261,88.81
4b16c0c853448e82198ef61c3820a0aa15777261,87.65
4b16c0c853448e82198ef61c3820a0aa15777261,85.13
b3878b02279ce79595344d72b37f4661b05767be,91.79
b3878b02279ce79595344d72b37f4661b05767be,88.81
b3878b02279ce79595344d72b37f4661b05767be,88.75
b3878b02279ce79595344d72b37f4661b05767be,90.95
b3878b02279ce79595344d72b37f4661b05767be,90.73
b3878b02279ce79595344d72b37f4661b05767be,87.97
b3878b02279ce79595344d72b37f4661b05767be,89.35
b3878b02279ce79595344d72b37f4661b05767be,88.95
b3878b02279ce79595344d72b37f4661b05767be,87.26
b3878b02279ce79595344d72b37f4661b05767be,88.82
b3878b02279ce79595344d72b37f4661b05767be,87.95
b3878b02279ce79595344d72b37f4661b05767be,89.16
b3878b02279ce79595344d72b37f4661b05767be,90.93
b3878b02279ce79595344d72b37f4661b05767be,86.69
b3878b02279ce79595344d72b37f4661b05767be,88.59
463e2b74f9031687d2b10d2f06c5f1561d848a4f,93.33
463e2b74f9031687d2b10d2f06c5f1561d848a4f,95.05
463e2b74f9031687d2b10d2f06c5f1561d848a4f,91.60
463e2b74f9031687d2b10d2f06c5f1561d848a4f,87.55
463e2b74f9031687d2b10d2f06c5f1561d848a4f,87.05
463e2b74f9031687d2b10d2f06c5f1561d848a4f,90.09
463e2b74f9031687d2b10d2f06c5f1561d848a4f,91.38
463e2b74f9031687d2b10d2f06c5f1561d848a4f,91.18
463e2b74f9031687d2b10d2f06c5f1561d848a4f,87.43
463e2b74f9031687d2b10d2f06c5f1561d848a4f,86.57
463e2b74f9031687d2b10d2f06c5f1561d848a4f,90.19
463e2b74f9031687d2b10d2f06c5f1561d848a4f,88.80
463e2b74f9031687d2b10d2f06c5f1561d848a4f,87.71
463e2b74f9031687d2b10d2f06c5f1561d848a4f,89.44
463e2b74f9031687d2b10d2f06c5f1561d848a4f,88.71
ac9b6e92dfc232eda4f6dbefcea75ec690ce4c1e,88.75
ac9b6e92dfc232eda4f6dbefcea75ec690ce4c1e,91.29
ac9b6e92dfc232eda4f6dbefcea75ec690ce4c1e,88.17
ac9b6e92dfc232eda4f6dbefcea75ec690ce4c1e,91.54
ac9b6e92dfc232eda4f6dbefcea75ec690ce4c1e,91.60
ac9b6e92dfc232eda4f6dbefcea75ec690ce4c1e,89.03
ac9b6e92dfc232eda4f6dbefcea75ec690ce4c1e,87.66
ac9b6e92dfc232eda4f6dbefcea75ec690ce4c1e,91.18
ac9b6e92dfc232eda4f6dbefcea75ec690ce4c1e,90.21
ac9b6e92dfc232eda4f6dbefcea75ec690ce4c1e,89.38
ac9b6e92dfc232eda4f6dbefcea75ec690ce4c1e,90.28
ac9b6e92dfc232eda4f6dbefcea75ec690ce4c1e,89.00
ac9b6e92dfc232eda4f6dbefcea75ec690ce4c1e,91.85
ac9b6e92dfc232eda4f6dbefcea75ec690ce4c1e,87.66
ac9b6e92dfc232eda4f6dbefcea75ec690ce4c1e,89.29
04dc0f75806837ba71d8dcb5528b0e27ebb3462f,92.75
04dc0f75806837ba71d8dcb5528b0e27ebb3462f,90.92
04dc0f75806837ba71d8dcb5528b0e27ebb3462f,93.32
04dc0f75806837ba71d8dcb5528b0e27ebb3462f,90.05
04dc0f75806837ba71d8dcb5528b0e27ebb3462f,88.69
04dc0f75806837ba71d8dcb5528b0e27ebb3462f,89.27
04dc0f75806837ba71d8dcb5528b0e27ebb3462f,89.47
04dc0f75806837ba71d8dcb5528b0e27ebb3462f,90.50
04dc0f75806837ba71d8dcb5528b0e27ebb3462f,90.73
04dc0f75806837ba71d8dcb5528b0e27ebb3462f,90.96
04dc0f75806837ba71d8dcb5528b0e27ebb3462f,89.13
04dc0f75806837ba71d8dcb5528b0e27ebb3462f,89.85
04dc0f75806837ba71d8dcb5528b0e27ebb3462f,88.85
04dc0f75806837ba71d8dcb5528b0e27ebb3462f,90.96
04dc0f75806837ba71d8dcb5528b0e27ebb3462f,88.70
018f4f0c161536e84802787c2e2a78706ce3bd91,91.13
018f4f0c161536e84802787c2e2a78706ce3bd91,87.44
018f4f0c161536e84802787c2e2a78706ce3bd91,90.74
018f4f0c161536e84802787c2e2a78706ce3bd91,91.17
018f4f0c161536e84802787c2e2a78706ce3bd91,87.04
018f4f0c161536e84802787c2e2a78706ce3bd91,88.84
018f4f0c161536e84802787c2e2a78706ce3bd91,90.05
018f4f0c161536e84802787c2e2a78706ce3bd91,90.28
018f4f0c161536e84802787c2e2a78706ce3bd91,91.42
018f4f0c161536e84802787c2e2a78706ce3bd91,88.65
018f4f0c161536e84802787c2e2a78706ce3bd91,90.58
018f4f0c161536e84802787c2e2a78706ce3bd91,89.25
018f4f0c161536e84802787c2e2a78706ce3bd91,88.45
018f4f0c161536e84802787c2e2a78706ce3bd91,91.37
018f4f0c161536e84802787c2e2a78706ce3bd91,88.30
f6b6db7b9a52525b9eb4da36b6ee27169f57d09f,91.73
f6b6db7b9a52525b9eb4da36b6ee27169f57d09f,89.52
f6b6db7b9a52525b9eb4da36b6ee27169f57d09f,90.51
f6b6db7b9a52525b9eb4da36b6ee27169f57d09f,90.17
f6b6db7b9a52525b9eb4da36b6ee27169f57d09f,87.60
f6b6db7b9a52525b9eb4da36b6ee27169f57d09f,89.21
f6b6db7b9a52525b9eb4da36b6ee27169f57d09f,89.85
f6b6db7b9a52525b9eb4da36b6ee27169f57d09f,87.07
f6b6db7b9a52525b9eb4da36b6ee27169f57d09f,90.46
f6b6db7b9a52525b9eb4da36b6ee27169f57d09f,88.44
f6b6db7b9a52525b9eb4da36b6ee27169f57d09f,89.74
f6b6db7b9a52525b9eb4da36b6ee27169f57d09f,87.96
f6b6db7b9a52525b9eb4da36b6ee27169f57d09f,88.99
f6b6db7b9a52525b9eb4da36b6ee27169f57d09f,89.20
f6b6db7b9a52525b9eb4da36b6ee27169f57d09f,86.44
8d6e5170a67975a50cd891be9b6eb3adeba36045,94.52
8d6e5170a67975a50cd891be9b6eb3adeba36045,94.27
8d6e5170a67975a50cd891be9b6eb3adeba36045,92.78
8d6e5170a67975a50cd891be9b6eb3adeba36045,90.45
8d6e5170a67975a50cd891be9b6eb3adeba36045,90.96
8d6e5170a67975a50cd891be9b6eb3adeba36045,91.87
8d6e5170a67975a50cd891be9b6eb3adeba36045,91.29
8d6e5170a67975a50cd891be9b6eb3adeba36045,92.00
8d6e5170a67975a50cd891be9b6eb3adeba36045,87.72
8d6e5170a67975a50cd891be9b6eb3adeba36045,89.04
8d6e5170a67975a50cd891be9b6eb3adeba36045,90.16
8d6e5170a67975a50cd891be9b6eb3adeba36045,85.66
8d6e5170a67975a50cd891be9b6eb3adeba36045,90.13
8d6e5170a67975a50cd891be9b6eb3adeba36045,88.68
8d6e5170a67975a50cd891be9b6eb3adeba36045,88.35
64f94986fda9ab8e118fab23afb6fd3e5bdf4078,89.38
64f94986fda9ab8e118fab23afb6fd3e5bdf4078,91.64
64f94986fda9ab8e118fab23afb6fd3e5bdf4078,90.95
64f94986fda9ab8e118fab23afb6fd3e5bdf4078,89.75
64f94986fda9ab8e118fab23afb6fd3e5bdf4078,87.19
64f94986fda9ab8e118fab23afb6fd3e5bdf4078,89.39
64f94986fda9ab8e118fab23afb6fd3e5bdf4078,90.65
64f94986fda9ab8e118fab23afb6fd3e5bdf4078,87.81
64f94986fda9ab8e118fab23afb6fd3e5bdf4078,91.64
64f94986fda9ab8e118fab23afb6fd3e5bdf4078,85.88
64f94986fda9ab8e118fab23afb6fd3e5bdf4078,89.62
64f94986fda9ab8e118fab23afb6fd3e5bdf4078,87.96
64f94986fda9ab8e118fab23afb6fd3e5bdf4078,88.72
64f94986fda9ab8e118fab23afb6fd3e5bdf4078,87.81
64f94986fda9ab8e118fab23afb6fd3e5bdf4078,91.54
0346ab5a7a031eecc418e14ad25823b18b03a2e7,90.71
0346ab5a7a031eecc418e14ad25823b18b03a2e7,88.16
0346ab5a7a031eecc418e14ad25823b18b03a2e7,89.51
0346ab5a7a031eecc418e14ad25823b18b03a2e7,91.37
0346ab5a7a031eecc418e14ad25823b18b03a2e7,89.95
0346ab5a7a031eecc418e14ad25823b18b03a2e7,89.81
0346ab5a7a031eecc418e14ad25823b18b03a2e7,88.05
0346ab5a7a031eecc418e14ad25823b18b03a2e7,87.15
0346ab5a7a031eecc418e14ad25823b18b03a2e7,89.17
0346ab5a7a031eecc418e14ad25823b18b03a2e7,90.96
0346ab5a7a031eecc418e14ad25823b18b03a2e7,91.21
0346ab5a7a031eecc418e14ad25823b18b03a2e7,89.51
0346ab5a7a031eecc418e14ad25823b18b03a2e7,87.04
0346ab5a7a031eecc418e14ad25823b18b03a2e7,89.48
0346ab5a7a031eecc418e14ad25823b18b03a2e7,90.53
68c42bb445adb082828bce8d4acfa5a7d073581b,92.39
68c42bb445adb082828bce8d4acfa5a7d073581b,92.06
68c42bb445adb082828bce8d4acfa5a7d073581b,89.76
68c42bb445adb082828bce8d4acfa5a7d073581b,89.74
68c42bb445adb082828bce8d4acfa5a7d073581b,90.96
68c42bb445adb082828bce8d4acfa5a7d073581b,89.67
68c42bb445adb082828bce8d4acfa5a7d073581b,89.19
68c42bb445adb082828bce8d4acfa5a7d073581b,89.28
68c42bb445adb082828bce8d4acfa5a7d073581b,88.91
68c42bb445adb082828bce8d4acfa5a7d073581b,88.16
68c42bb445adb082828bce8d4acfa5a7d073581b,89.84
68c42bb445adb082828bce8d4acfa5a7d073581b,89.22
68c42bb445adb082828bce8d4acfa5a7d073581b,90.55
68c42bb445adb082828bce8d4acfa5a7d073581b,92.15
68c42bb445adb082828bce8d4acfa5a7d073581b,88.99
ff3dba3743374504ea556d5aae42501476194507,88.31
ff3dba3743374504ea556d5aae42501476194507,91.46
ff3dba3743374504ea556d5aae42501476194507,91.42
ff3dba3743374504ea556d5aae42501476194507,91.23
ff3dba3743374504ea556d5aae42501476194507,92.17
ff3dba3743374504ea556d5aae42501476194507,89.47
ff3dba3743374504ea556d5aae42501476194507,91.18
ff3dba3743374504ea556d5aae42501476194507,89.45
ff3dba3743374504ea556d5aae42501476194507,89.86
ff3dba3743374504ea556d5aae42501476194507,88.40
ff3dba3743374504ea556d5aae42501476194507,89.02
ff3dba3743374504ea556d5aae42501476194507,88.11
ff3dba3743374504ea556d5aae42501476194507,87.42
ff3dba3743374504ea556d5aae42501476194507,91.03
ff3dba3743374504ea556d5aae42501476194507,90.71
f48d61ab7d782a4d55d9fc66633cca1375d7ceb3,92.13
f48d61ab7d782a4d55d9fc66633cca1375d7ceb3,91.46
f48d61ab7d782a4d55d9fc66633cca1375d7ceb3,90.10
f48d61ab7d782a4d55d9fc66633cca1375d7ceb3,89.28
f48d61ab7d782a4d55d9fc66633cca1375d7ceb3,89.35
f48d61ab7d782a4d55d9fc66633cca1375d7ceb3,88.68
f48d61ab7d782a4d55d9fc66633cca1375d7ceb3,89.03
f48d61ab7d782a4d55d9fc66633cca1375d7ceb3,87.84
f48d61ab7d782a4d55d9fc66633cca1375d7ceb3,90.85
f48d61ab7d782a4d55d9fc66633cca1375d7ceb3,89.72
f48d61ab7d782a4d55d9fc66633cca1375d7ceb3,89.71
f48d61ab7d782a4d55d9fc66633cca1375d7ceb3,91.18
f48d61ab7d782a4d55d9fc66633cca1375d7ceb3,87.43
f48d61ab7d782a4d55d9fc66633cca1375d7ceb3,91.30
f48d61ab7d782a4d55d9fc66633cca1375d7ceb3,90.17
60d365936aa37e1c3f82502c931fffe6fa7faf73,93.11
60d365936aa37e1c3f82502c931fffe6fa7faf73,91.04
60d365936aa37e1c3f82502c931fffe6fa7faf73,91.89
60d365936aa37e1c3f82502c931fffe6fa7faf73,93.69
60d365936aa37e1c3f82502c931fffe6fa7faf73,89.98
60d365936aa37e1c3f82502c931fffe6fa7faf73,89.21
60d365936aa37e1c3f82502c931fffe6fa7faf73,87.14
60d365936aa37e1c3f82502c931fffe6fa7faf73,92.01
60d365936aa37e1c3f82502c931fffe6fa7faf73,86.69
60d365936aa37e1c3f82502c931fffe6fa7faf73,89.67
60d365936aa37e1c3f82502c931fffe6fa7faf73,89.48
60d365936aa37e1c3f82502c931fffe6fa7faf73,89.33
60d365936aa37e1c3f82502c931fffe6fa7faf73,89.08
60d365936aa37e1c3f82502c931fffe6fa7faf73,88.72
60d365936aa37e1c3f82502c931fffe6fa7faf73,91.06
49fd47a15c96dbadec59323c5f41b67fdc4191a6,90.24
49fd47a15c96dbadec59323c5f41b67fdc4191a6,92.21
49fd47a15c96dbadec59323c5f41b67fdc4191a6,90.86
49fd47a15c96dbadec59323c5f41b67fdc4191a6,91.04
49fd47a15c96dbadec59323c5f41b67fdc4191a6,91.85
49fd47a15c96dbadec59323c5f41b67fdc4191a6,89.32
49fd47a15c96dbadec59323c5f41b67fdc4191a6,90.94
49fd47a15c96dbadec59323c5f41b67fdc4191a6,86.97
49fd47a15c96dbadec59323c5f41b67fdc4191a6,89.24
49fd47a15c96dbadec59323c5f41b67fdc4191a6,90.72
49fd47a15c96dbadec59323c5f41b67fdc4191a6,90.37
49fd47a15c96dbadec59323c5f41b67fdc4191a6,89.28
49fd47a15c96dbadec59323c5f41b67fdc4191a6,91.29
49fd47a15c96dbadec59323c5f41b67fdc4191a6,89.51
49fd47a15c96dbadec59323c5f41b67fdc4191a6,87.80
bb0fb80858735db202fa7ace790b1121580491f2,88.91
bb0fb80858735db202fa7ace790b1121580491f2,92.76
bb0fb80858735db202fa7ace790b1121580491f2,87.59
bb0fb80858735db202fa7ace790b1121580491f2,87.70
bb0fb80858735db202fa7ace790b1121580491f2,88.73
bb0fb80858735db202fa7ace790b1121580491f2,91.00
bb0fb80858735db202fa7ace790b1121580491f2,91.64
bb0fb80858735db202fa7ace790b1121580491f2,90.59
bb0fb80858735db202fa7ace790b1121580491f2,87.75
bb0fb80858735db202fa7ace790b1121580491f2,90.16
bb0fb80858735db202fa7ace790b1121580491f2,88.57
bb0fb80858735db202fa7ace790b1121580491f2,89.49
bb0fb80858735db202fa7ace790b1121580491f2,86.77
bb0fb80858735db202fa7ace790b1121580491f2,87.81
bb0fb80858735db202fa7ace790b1121580491f2,91.44
286726068c412aa5962f795f5fba162991947255,93.00
286726068c412aa5962f795f5fba162991947255,89.93
286726068c412aa5962f795f5fba162991947255,91.89
286726068c412aa5962f795f5fba162991947255,91.53
286726068c412aa5962f795f5fba162991947255,89.69
286726068c412aa5962f795f5fba162991947255,89.33
286726068c412aa5962f795f5fba162991947255,91.79
286726068c412aa5962f795f5fba162991947255,91.15
286726068c412aa5962f795f5fba162991947255,86.32
286726068c412aa5962f795f5fba162991947255,91.38
286726068c412aa5962f795f5fba162991947255,86.87
286726068c412aa5962f795f5fba162991947255,86.90
286726068c412aa5962f795f5fba162991947255,90.24
286726068c412aa5962f795f5fba162991947255,87.08
286726068c412aa5962f795f5fba162991947255,89.40
38d4365bf37294354bdae162448659c2524d8815,89.99
38d4365bf37294354bdae162448659c2524d8815,91.32
38d4365bf37294354bdae162448659c2524d8815,89.47
38d4365bf37294354bdae162448659c2524d8815,93.95
38d4365bf37294354bdae162448659c2524d8815,93.35
38d4365bf37294354bdae162448659c2524d8815,88.54
38d4365bf37294354bdae162448659c2524d8815,91.72
38d4365bf37294354bdae162448659c2524d8815,90.63
38d4365bf37294354bdae162448659c2524d8815,91.12
38d4365bf37294354bdae162448659c2524d8815,91.31
38d4365bf37294354bdae162448659c2524d8815,89.83
38d4365bf37294354bdae162448659c2524d8815,88.27
38d4365bf37294354bdae162448659c2524d8815,87.47
38d4365bf37294354bdae162448659c2524d8815,89.84
38d4365bf37294354bdae162448659c2524d8815,87.42
e682b960bc865070dec358f3981c855dac1ed18f,90.11
e682b960bc865070dec358f3981c855dac1ed18f,88.16
e682b960bc865070dec358f3981c855dac1ed18f,88.27
e682b960bc865070dec358f3981c855dac1ed18f,91.99
e682b960bc865070dec358f3981c855dac1ed18f,90.96
e682b960bc865070dec358f3981c855dac1ed18f,89.62
e682b960bc865070dec358f3981c855dac1ed18f,90.02
e682b960bc865070dec358f3981c855dac1ed18f,88.05
e682b960bc865070dec358f3981c855dac1ed18f,91.31
e682b960bc865070dec358f3981c855dac1ed18f,89.43
e682b960bc865070dec358f3981c855dac1ed18f,89.07
e682b960bc865070dec358f3981c855dac1ed18f,88.59
e682b960bc865070dec358f3981c855dac1ed18f,91.06
e682b960bc865070dec358f3981c855dac1ed18f,85.87
e682b960bc865070dec358f3981c855dac1ed18f,90.68
d6eba5000d14df3f47664ecb10aa094edb13cf13,91.05
d6eba5000d14df3f47664ecb10aa094edb13cf13,91.18
d6eba5000d14df3f47664ecb10aa094edb13cf13,89.21
d6eba5000d14df3f47664ecb10aa094edb13cf13,90.04
d6eba5000d14df3f47664ecb10aa094edb13cf13,90.06
d6eba5000d14df3f47664ecb10aa094edb13cf13,90.33
d6eba5000d14df3f47664ecb10aa094edb13cf13,91.29
d6eba5000d14df3f47664ecb10aa094edb13cf13,87.31
d6eba5000d14df3f47664ecb10aa094edb13cf13,90.77
d6eba5000d14df3f47664ecb10aa094edb13cf13,91.01
d6eba5000d14df3f47664ecb10aa094edb13cf13,87.38
d6eba5000d14df3f47664ecb10aa094edb13cf13,89.17
d6eba5000d14df3f47664ecb10aa094edb13cf13,91.26
d6eba5000d14df3f47664ecb10aa094edb13cf13,87.28
d6eba5000d14df3f47664ecb10aa094edb13cf13,91.45
766b16ff404ea95adc598da9cd015a2f29394fb3,92.59
766b16ff404ea95adc598da9cd015a2f29394fb3,90.36
766b16ff404ea95adc598da9cd015a2f29394fb3,92.86
766b16ff404ea95adc598da9cd015a2f29394fb3,86.74
766b16ff404ea95adc598da9cd015a2f29394fb3,91.55
766b16ff404ea95adc598da9cd015a2f29394fb3,88.96
766b16ff404ea95adc598da9cd015a2f29394fb3,89.90
766b16ff404ea95adc598da9cd015a2f29394fb3,90.47
766b16ff404ea95adc598da9cd015a2f29394fb3,89.25
766b16ff404ea95adc598da9cd015a2f29394fb3,88.99
766b16ff404ea95adc598da9cd015a2f29394fb3,90.40
766b16ff404ea95adc598da9cd015a2f29394fb3,89.95
766b16ff404ea95adc598da9cd015a2f29394fb3,91.10
766b16ff404ea95adc598da9cd015a2f29394fb3,91.45
766b16ff404ea95adc598da9cd015a2f29394fb3,86.64
53b04e4105a4aef8aa52c3428348526958ac1046,90.62
53b04e4105a4aef8aa52c3428348526958ac1046,91.74
53b04e4105a4aef8aa52c3428348526958ac1046,87.89
53b04e4105a4aef8aa52c3428348526958ac1046,91.53
53b04e4105a4aef8aa52c3428348526958ac1046,91.20
53b04e4105a4aef8aa52c3428348526958ac1046,89.12
53b04e4105a4aef8aa52c3428348526958ac1046,90.79
53b04e4105a4aef8aa52c3428348526958ac1046,90.64
53b04e4105a4aef8aa52c3428348526958ac1046,88.29
53b04e4105a4aef8aa52c3428348526958ac1046,90.80
53b04e4105a4aef8aa52c3428348526958ac1046,89.76
53b04e4105a4aef8aa52c3428348526958ac1046,86.57
53b04e4105a4aef8aa52c3428348526958ac1046,93.06
53b04e4105a4aef8aa52c3428348526958ac1046,89.45
53b04e4105a4aef8aa52c3428348526958ac1046,88.84
170d6b0ffdec4dfefab96cde092e79cc80d2158a,92.21
170d6b0ffdec4dfefab96cde092e79cc80d2158a,91.97
170d6b0ffdec4dfefab96cde092e79cc80d2158a,89.36
170d6b0ffdec4dfefab96cde092e79cc80d2158a,90.71
170d6b0ffdec4dfefab96cde092e79cc80d2158a,93.12
170d6b0ffdec4dfefab96cde092e79cc80d2158a,91.95
170d6b0ffdec4dfefab96cde092e79cc80d2158a,89.59
170d6b0ffdec4dfefab96cde092e79cc80d2158a,88.82
170d6b0ffdec4dfefab96cde092e79cc80d2158a,90.76
170d6b0ffdec4dfefab96cde092e79cc80d2158a,90.56
170d6b0ffdec4dfefab96cde092e79cc80d2158a,89.51
170d6b0ffdec4dfefab96cde092e79cc80d2158a,90.04
170d6b0ffdec4dfefab96cde092e79cc80d2158a,88.90
170d6b0ffdec4dfefab96cde092e79cc80d2158a,88.58
170d6b0ffdec4dfefab96cde092e79cc80d2158a,90.51
1f86b3611d022584ccff625dade7ac4123d5b7e3,94.15
1f86b3611d022584ccff625dade7ac4123d5b7e3,93.28
1f86b3611d022584ccff625dade7ac4123d5b7e3,91.12
1f86b3611d022584ccff625dade7ac4123d5b7e3,92.90
1f86b3611d022584ccff625dade7ac4123d5b7e3,91.75
1f86b3611d022584ccff625dade7ac4123d5b7e3,89.41
1f86b3611d022584ccff625dade7ac4123d5b7e3,88.02
1f86b3611d022584ccff625dade7ac4123d5b7e3,92.75
1f86b3611d022584ccff625dade7ac4123d5b7e3,87.79
1f86b3611d022584ccff625dade7ac4123d5b7e3,90.42
1f86b3611d022584ccff625dade7ac4123d5b7e3,91.54
1f86b3611d022584ccff625dade7ac4123d5b7e3,87.23
1f86b3611d022584ccff625dade7ac4123d5b7e3,87.70
1f86b3611d022584ccff625dade7ac4123d5b7e3,91.12
1f86b3611d022584ccff625dade7ac4123d5b7e3,89.75
1fba007ce7df034cff22f8fe1c076dbbc05b2429,93.03
1fba007ce7df034cff22f8fe1c076dbbc05b2429,89.30
1fba007ce7df034cff22f8fe1c076dbbc05b2429,92.32
1fba007ce7df034cff22f8fe1c076dbbc05b2429,92.94
1fba007ce7df034cff22f8fe1c076dbbc05b2429,92.00
1fba007ce7df034cff22f8fe1c076dbbc05b2429,90.01
1fba007ce7df034cff22f8fe1c076dbbc05b2429,91.24
1fba007ce7df034cff22f8fe1c076dbbc05b2429,87.71
1fba007ce7df034cff22f8fe1c076dbbc05b2429,91.25
1fba007ce7df034cff22f8fe1c076dbbc05b2429,91.03
1fba007ce7df034cff22f8fe1c076dbbc05b2429,91.50
1fba007ce7df034cff22f8fe1c076dbbc05b2429,88.31
1fba007ce7df034cff22f8fe1c076dbbc05b2429,87.37
1fba007ce7df034cff22f8fe1c076dbbc05b2429,89.26
1fba007ce7df034cff22f8fe1c076dbbc05b2429,86.09
e8453435efcb353ef136b2f498a8f990b6a672e1,92.34
e8453435efcb353ef136b2f498a8f990b6a672e1,90.88
e8453435efcb353ef136b2f498a8f990b6a672e1,90.78
e8453435efcb353ef136b2f498a8f990b6a672e1,91.31
e8453435efcb353ef136b2f498a8f990b6a672e1,88.64
e8453435efcb353ef136b2f498a8f990b6a672e1,89.98
e8453435efcb353ef136b2f498a8f990b6a672e1,88.38
e8453435efcb353ef136b2f498a8f990b6a672e1,91.62
e8453435efcb353ef136b2f498a8f990b6a672e1,91.92
e8453435efcb353ef136b2f498a8f990b6a672e1,89.53
e8453435efcb353ef136b2f498a8f990b6a672e1,91.27
e8453435efcb353ef136b2f498a8f990b6a672e1,89.99
e8453435efcb353ef136b2f498a8f990b6a672e1,86.35
e8453435efcb353ef136b2f498a8f990b6a672e1,88.71
e8453435efcb353ef136b2f498a8f990b6a672e1,89.89
a674e248d166d9355dd586cd76b950abdcff34d9,90.76
a674e248d166d9355dd586cd76b950abdcff34d9,89.92
a674e248d166d9355dd586cd76b950abdcff34d9,92.70
a674e248d166d9355dd586cd76b950abdcff34d9,89.56
a674e248d166d9355dd586cd76b950abdcff34d9,90.26
a674e248d166d9355dd586cd76b950abdcff34d9,89.81
a674e248d166d9355dd586cd76b950abdcff34d9,87.45
a674e248d166d9355dd586cd76b950abdcff34d9,88.69
a674e248d166d9355dd586cd76b950abdcff34d9,90.70
a674e248d166d9355dd586cd76b950abdcff34d9,90.20
a674e248d166d9355dd586cd76b950abdcff34d9,87.67
a674e248d166d9355dd586cd76b950abdcff34d9,91.30
a674e248d166d9355dd586cd76b950abdcff34d9,86.02
a674e248d166d9355dd586cd76b950abdcff34d9,89.59
a674e248d166d9355dd586cd76b950abdcff34d9,58.88
b3d586cdeb4aeb72ebbc020dbb4583eb02780af6,58.22
b3d586cdeb4aeb72ebbc020dbb4583eb02780af6,58.85
b3d586cdeb4aeb72ebbc020dbb4583eb02780af6,59.35
b3d586cdeb4aeb72ebbc020dbb4583eb02780af6,60.77
b3d586cdeb4aeb72ebbc020dbb4583eb02780af6,59.55
b3d586cdeb4aeb72ebbc020dbb4583eb02780af6,59.22
b3d586cdeb4aeb72ebbc020dbb4583eb02780af6,58.54
b3d586cdeb4aeb72ebbc020dbb4583eb02780af6,58.77
b3d586cdeb4aeb72ebbc020dbb4583eb02780af6,56.03
b3d586cdeb4aeb72ebbc020dbb4583eb02780af6,58.03
b3d586cdeb4aeb72ebbc020dbb4583eb02780af6,59.08
b3d586cdeb4aeb72ebbc020dbb4583eb02780af6,54.06
b3d586cdeb4aeb72ebbc020dbb4583eb02780af6,56.94
b3d586cdeb4aeb72ebbc020dbb4583eb02780af6,57.87
b3d586cdeb4aeb72ebbc020dbb4583eb02780af6,57.06
c91d4d26c1957c88c5dbb279b961cfe7efe52873,57.48
c91d4d26c1957c88c5dbb279b961cfe7efe52873,57.47
c91d4d26c1957c88c5dbb279b961cfe7efe52873,58.67
c91d4d26c1957c88c5dbb279b961cfe7efe52873,59.17
c91d4d26c1957c88c5dbb279b961cfe7efe52873,59.31
c91d4d26c1957c88c5dbb279b961cfe7efe52873,58.72
c91d4d26c1957c88c5dbb279b961cfe7efe52873,56.61
c91d4d26c1957c88c5dbb279b961cfe7efe52873,59.54
c91d4d26c1957c88c5dbb279b961cfe7efe52873,56.43
c91d4d26c1957c88c5dbb279b961cfe7efe52873,58.16
c91d4d26c1957c88c5dbb279b961cfe7efe52873,57.20
c91d4d26c1957c88c5dbb279b961cfe7efe52873,58.28
c91d4d26c1957c88c5dbb279b961cfe7efe52873,57.31
c91d4d26c1957c88c5dbb279b961cfe7efe52873,58.64
c91d4d26c1957c88c5dbb279b961cfe7efe52873,56.54
0316a0b08b9b59ed8a1aab822f18067c7b3365e1,57.41
0316a0b08b9b59ed8a1aab822f18067c7b3365e1,56.33
0316a0b08b9b59ed8a1aab822f18067c7b3365e1,57.12
0316a0b08b9b59ed8a1aab822f18067c7b3365e1,57.68
0316a0b08b9b59ed8a1aab822f18067c7b3365e1,55.29
0316a0b08b9b59ed8a1aab822f18067c7b3365e1,58.81
0316a0b08b9b59ed8a1aab822f18067c7b3365e1,58.57
0316a0b08b9b59ed8a1aab822f18067c7b3365e1,57.79
0316a0b08b9b59ed8a1aab822f18067c7b3365e1,54.66
0316a0b08b9b59ed8a1aab822f18067c7b3365e1,55.56
0316a0b08b9b59ed8a1aab822f18067c7b3365e1,58.95
0316a0b08b9b59ed8a1aab822f18067c7b3365e1,54.65
0316a0b08b9b59ed8a1aab822f18067c7b3365e1,58.69
0316a0b08b9b59ed8a1aab822f18067c7b3365e1,58.13
0316a0b08b9b59ed8a1aab822f18067c7b3365e1,54.75
93415b0293cf563a79618968de9b9dc778506c9b,57.33
93415b0293cf563a79618968de9b9dc778506c9b,60.00
93415b0293cf563a79618968de9b9dc778506c9b,55.99
93415b0293cf563a79618968de9b9dc778506c9b,59.69
93415b0293cf563a79618968de9b9dc778506c9b,59.01
93415b0293cf563a79618968de9b9dc778506c9b,59.05
93415b0293cf563a79618968de9b9dc778506c9b,58.46
93415b0293cf563a79618968de9b9dc778506c9b,58.80
93415b0293cf563a79618968de9b9dc778506c9b,58.45
93415b0293cf563a79618968de9b9dc778506c9b,58.58
93415b0293cf563a79618968de9b9dc778506c9b,56.29
93415b0293cf563a79618968de9b9dc778506c9b,54.11
93415b0293cf563a79618968de9b9dc778506c9b,56.17
93415b0293cf563a79618968de9b9dc778506c9b,53.88
93415b0293cf563a79618968de9b9dc778506c9b,58.08
7597d94db38181902abcc79a5946bede8d8aeb40,59.89
7597d94db38181902abcc79a5946bede8d8aeb40,60.16
7597d94db38181902abcc79a5946bede8d8aeb40,56.72
7597d94db38181902abcc79a5946bede8d8aeb40,56.07
7597d94db38181902abcc79a5946bede8d8aeb40,57.16
7597d94db38181902abcc79a5946bede8d8aeb40,59.17
7597d94db38181902abcc79a5946bede8d8aeb40,55.89
7597d94db38181902abcc79a5946bede8d8aeb40,59.81
7597d94db38181902abcc79a5946bede8d8aeb40,56.60
7597d94db38181902abcc79a5946bede8d8aeb40,54.01
7597d94db38181902abcc79a5946bede8d8aeb40,58.90
7597d94db38181902abcc79a5946bede8d8aeb40,56.58
7597d94db38181902abcc79a5946bede8d8aeb40,57.68
7597d94db38181902abcc79a5946bede8d8aeb40,56.60
7597d94db38181902abcc79a5946bede8d8aeb40,54.74
244fdeb6bcffb53a5b9b1d83f2e023322a7f91dd,91.21
244fdeb6bcffb53a5b9b1d83f2e023322a7f91dd,88.88
244fdeb6bcffb53a5b9b1d83f2e023322a7f91dd,91.20
244fdeb6bcffb53a5b9b1d83f2e023322a7f91dd,91.12
244fdeb6bcffb53a5b9b1d83f2e023322a7f91dd,90.82
244fdeb6bcffb53a5b9b1d83f2e023322a7f91dd,90.73
244fdeb6bcffb53a5b9b1d83f2e023322a7f91dd,91.42
244fdeb6bcffb53a5b9b1d83f2e023322a7f91dd,90.45
244fdeb6bcffb53a5b9b1d83f2e023322a7f91dd,91.03
244fdeb6bcffb53a5b9b1d83f2e023322a7f91dd,91.45
244fdeb6bcffb53a5b9b1d83f2e023322a7f91dd,86.85
244fdeb6bcffb53a5b9b1d83f2e023322a7f91dd,88.63
244fdeb6bcffb53a5b9b1d83f2e023322a7f91dd,90.17
244fdeb6bcffb53a5b9b1d83f2e023322a7f91dd,89.87
244fdeb6bcffb53a5b9b1d83f2e023322a7f91dd,88.10
30ef3666697318324b9888a221dfd9f589db33d4,93.64
30ef3666697318324b9888a221dfd9f589db33d4,93.08
30ef3666697318324b9888a221dfd9f589db33d4,93.67
30ef3666697318324b9888a221dfd9f589db33d4,87.95
30ef3666697318324b9888a221dfd9f589db33d4,90.67
30ef3666697318324b9888a221dfd9f589db33d4,88.85
30ef3666697318324b9888a221dfd9f589db33d4,90.93
30ef3666697318324b9888a221dfd9f589db33d4,88.93
30ef3666697318324b9888a221dfd9f589db33d4,91.70
30ef3666697318324b9888a221dfd9f589db33d4,89.19
30ef3666697318324b9888a221dfd9f589db33d4,87.58
30ef3666697318324b9888a221dfd9f589db33d4,89.93
30ef3666697318324b9888a221dfd9f589db33d4,86.12
30ef3666697318324b9888a221dfd9f589db33d4,91.12
30ef3666697318324b9888a221dfd9f589db33d4,90.29
b3aa85571b78911ad6ceb3ed543ff2ceb229ba55,93.41
b3aa85571b78911ad6ceb3ed543ff2ceb229ba55,89.99
b3aa85571b78911ad6ceb3ed543ff2ceb229ba55,92.24
b3aa85571b78911ad6ceb3ed543ff2ceb229ba55,91.15
b3aa85571b78911ad6ceb3ed543ff2ceb229ba55,90.92
b3aa85571b78911ad6ceb3ed543ff2ceb229ba55,92.60
b3aa85571b78911ad6ceb3ed543ff2ceb229ba55,90.67
b3aa85571b78911ad6ceb3ed543ff2ceb229ba55,90.41
b3aa85571b78911ad6ceb3ed543ff2ceb229ba55,92.02
b3aa85571b78911ad6ceb3ed543ff2ceb229ba55,91.82
b3aa85571b78911ad6ceb3ed543ff2ceb229ba55,87.10
b3aa85571b78911ad6ceb3ed543ff2ceb229ba55,89.51
b3aa85571b78911ad6ceb3ed543ff2ceb229ba55,91.02
b3aa85571b78911ad6ceb3ed543ff2ceb229ba55,90.79
b3aa85571b78911ad6ceb3ed543ff2ceb229ba55,89.61
00e75ccea19a9d741b6340fe08ae88e3219d1667,94.79
00e75ccea19a9d741b6340fe08ae88e3219d1667,93.40
00e75ccea19a9d741b6340fe08ae88e3219d1667,92.56
00e75ccea19a9d741b6340fe08ae88e3219d1667,90.53
00e75ccea19a9d741b6340fe08ae88e3219d1667,89.79
00e75ccea19a9d741b6340fe08ae88e3219d1667,88.22
00e75ccea19a9d741b6340fe08ae88e3219d1667,86.67
00e75ccea19a9d741b6340fe08ae88e3219d1667,87.38
00e75ccea19a9d741b6340fe08ae88e3219d1667,92.02
00e75ccea19a9d741b6340fe08ae88e3219d1667,91.33
00e75ccea19a9d741b6340fe08ae88e3219d1667,89.74
00e75ccea19a9d741b6340fe08ae88e3219d1667,91.04
00e75ccea19a9d741b6340fe08ae88e3219d1667,88.30
00e75ccea19a9d741b6340fe08ae88e3219d1667,89.58
00e75ccea19a9d741b6340fe08ae88e3219d1667,87.39
7aa74d9c533301b5908cd1762e8ef7b30f960616,92.87
7aa74d9c533301b5908cd1762e8ef7b30f960616,90.05
7aa74d9c533301b5908cd1762e8ef7b30f960616,87.86
7aa74d9c533301b5908cd1762e8ef7b30f960616,90.49
7aa74d9c533301b5908cd1762e8ef7b30f960616,92.30
7aa74d9c533301b5908cd1762e8ef7b30f960616,88.82
7aa74d9c533301b5908cd1762e8ef7b30f960616,91.93
7aa74d9c533301b5908cd1762e8ef7b30f960616,89.58
7aa74d9c533301b5908cd1762e8ef7b30f960616,88.35
7aa74d9c533301b5908cd1762e8ef7b30f960616,89.89
7aa74d9c533301b5908cd1762e8ef7b30f960616,88.92
7aa74d9c533301b5908cd1762e8ef7b30f960616,90.31
7aa74d9c533301b5908cd1762e8ef7b30f960616,89.52
7aa74d9c533301b5908cd1762e8ef7b30f960616,87.55
7aa74d9c533301b5908cd1762e8ef7b30f960616,88.63
cb8f9a5e33e66f02004d210325b21b9b653fa069,89.83
cb8f9a5e33e66f02004d210325b21b9b653fa069,93.23
cb8f9a5e33e66f02004d210325b21b9b653fa069,90.12
cb8f9a5e33e66f02004d210325b21b9b653fa069,89.80
cb8f9a5e33e66f02004d210325b21b9b653fa069,90.81
cb8f9a5e33e66f02004d210325b21b9b653fa069,91.78
cb8f9a5e33e66f02004d210325b21b9b653fa069,90.99
cb8f9a5e33e66f02004d210325b21b9b653fa069,90.23
cb8f9a5e33e66f02004d210325b21b9b653fa069,91.88
cb8f9a5e33e66f02004d210325b21b9b653fa069,89.07
cb8f9a5e33e66f02004d210325b21b9b653fa069,86.50
cb8f9a5e33e66f02004d210325b21b9b653fa069,90.86
cb8f9a5e33e66f02004d210325b21b9b653fa069,87.66
cb8f9a5e33e66f02004d210325b21b9b653fa069,89.44
cb8f9a5e33e66f02004d210325b21b9b653fa069,89.29
c5664ba5a260b3689f5268d906e8e02d0923a661,94.30
c5664ba5a260b3689f5268d906e8e02d0923a661,90.96
c5664ba5a260b3689f5268d906e8e02d0923a661,89.42
c5664ba5a260b3689f5268d906e8e02d0923a661,91.97
c5664ba5a260b3689f5268d906e8e02d0923a661,89.19
c5664ba5a260b3689f5268d906e8e02d0923a661,87.75
c5664ba5a260b3689f5268d906e8e02d0923a661,90.03
c5664ba5a260b3689f5268d906e8e02d0923a661,90.56
c5664ba5a260b3689f5268d906e8e02d0923a661,87.35
c5664ba5a260b3689f5268d906e8e02d0923a661,87.92
c5664ba5a260b3689f5268d906e8e02d0923a661,86.52
c5664ba5a260b3689f5268d906e8e02d0923a661,86.64
c5664ba5a260b3689f5268d906e8e02d0923a661,87.32
c5664ba5a260b3689f5268d906e8e02d0923a661,89.88
c5664ba5a260b3689f5268d906e8e02d0923a661,86.34
ca103ff75152b4a677bfebce07a2a5b77fd5bd03,92.60
ca103ff75152b4a677bfebce07a2a5b77fd5bd03,92.70
ca103ff75152b4a677bfebce07a2a5b77fd5bd03,93.67
ca103ff75152b4a677bfebce07a2a5b77fd5bd03,89.36
ca103ff75152b4a677bfebce07a2a5b77fd5bd03,92.34
ca103ff75152b4a677bfebce07a2a5b77fd5bd03,91.60
ca103ff75152b4a677bfebce07a2a5b77fd5bd03,92.48
ca103ff75152b4a677bfebce07a2a5b77fd5bd03,91.74
ca103ff75152b4a677bfebce07a2a5b77fd5bd03,91.80
ca103ff75152b4a677bfebce07a2a5b77fd5bd03,91.20
ca103ff75152b4a677bfebce07a2a5b77fd5bd03,87.01
ca103ff75152b4a677bfebce07a2a5b77fd5bd03,91.91
ca103ff75152b4a677bfebce07a2a5b77fd5bd03,91.18
ca103ff75152b4a677bfebce07a2a5b77fd5bd03,86.67
ca103ff75152b4a677bfebce07a2a5b77fd5bd03,89.52
39b0ba40a53ff7d9c3c06affb6ade135374eedfa,92.30
39b0ba40a53ff7d9c3c06affb6ade135374eedfa,89.75
39b0ba40a53ff7d9c3c06affb6ade135374eedfa,92.60
39b0ba40a53ff7d9c3c06affb6ade135374eedfa,88.66
39b0ba40a53ff7d9c3c06affb6ade135374eedfa,91.78
39b0ba40a53ff7d9c3c06affb6ade135374eedfa,91.68
39b0ba40a53ff7d9c3c06affb6ade135374eedfa,87.42
39b0ba40a53ff7d9c3c06affb6ade135374eedfa,90.11
39b0ba40a53ff7d9c3c06affb6ade135374eedfa,91.10
39b0ba40a53ff7d9c3c06affb6ade135374eedfa,90.19
39b0ba40a53ff7d9c3c06affb6ade135374eedfa,88.59
39b0ba40a53ff7d9c3c06affb6ade135374eedfa,89.71
39b0ba40a53ff7d9c3c06affb6ade135374eedfa,87.38
39b0ba40a53ff7d9c3c06affb6ade135374eedfa,91.19
39b0ba40a53ff7d9c3c06affb6ade135374eedfa,87.60
7cedd45f81ab37dcdd064ab16a462b853a82a16d,90.66
7cedd45f81ab37dcdd064ab16a462b853a82a16d,92.41
7cedd45f81ab37dcdd064ab16a462b853a82a16d,89.66
7cedd45f81ab37dcdd064ab16a462b853a82a16d,92.82
7cedd45f81ab37dcdd064ab16a462b853a82a16d,89.13
7cedd45f81ab37dcdd064ab16a462b853a82a16d,88.70
7cedd45f81ab37dcdd064ab16a462b853a82a16d,87.45
7cedd45f81ab37dcdd064ab16a462b853a82a16d,88.96
7cedd45f81ab37dcdd064ab16a462b853a82a16d,89.16
7cedd45f81ab37dcdd064ab16a462b853a82a16d,90.05
7cedd45f81ab37dcdd064ab16a462b853a82a16d,89.45
7cedd45f81ab37dcdd064ab16a462b853a82a16d,91.18
7cedd45f81ab37dcdd064ab16a462b853a82a16d,87.72
7cedd45f81ab37dcdd064ab16a462b853a82a16d,89.87
7cedd45f81ab37dcdd064ab16a462b853a82a16d,86.81
449f23218a0fd20c34dd02644c93096a13246e25,93.10
449f23218a0fd20c34dd02644c93096a13246e25,92.70
449f23218a0fd20c34dd02644c93096a13246e25,92.86
449f23218a0fd20c34dd02644c93096a13246e25,93.57
449f23218a0fd20c34dd02644c93096a13246e25,89.43
449f23218a0fd20c34dd02644c93096a13246e25,91.54
449f23218a0fd20c34dd02644c93096a13246e25,90.91
449f23218a0fd20c34dd02644c93096a13246e25,89.29
449f23218a0fd20c34dd02644c93096a13246e25,90.20
449f23218a0fd20c34dd02644c93096a13246e25,88.00
449f23218a0fd20c34dd02644c93096a13246e25,89.20
449f23218a0fd20c34dd02644c93096a13246e25,88.50
449f23218a0fd20c34dd02644c93096a13246e25,91.43
449f23218a0fd20c34dd02644c93096a13246e25,90.72
449f23218a0fd20c34dd02644c93096a13246e25,92.11
f895539d2b286f3da73ba2f69ca85598830f4b91,90.30
f895539d2b286f3da73ba2f69ca85598830f4b91,93.84
f895539d2b286f3da73ba2f69ca85598830f4b91,90.80
f895539d2b286f3da73ba2f69ca85598830f4b91,92.38
f895539d2b286f3da73ba2f69ca85598830f4b91,90.38
f895539d2b286f3da73ba2f69ca85598830f4b91,90.50
f895539d2b286f3da73ba2f69ca85598830f4b91,89.15
f895539d2b286f3da73ba2f69ca85598830f4b91,86.53
f895539d2b286f3da73ba2f69ca85598830f4b91,86.35
f895539d2b286f3da73ba2f69ca85598830f4b91,88.34
f895539d2b286f3da73ba2f69ca85598830f4b91,90.69
f895539d2b286f3da73ba2f69ca85598830f4b91,91.10
f895539d2b286f3da73ba2f69ca85598830f4b91,89.75
f895539d2b286f3da73ba2f69ca85598830f4b91,89.56
f895539d2b286f3da73ba2f69ca85598830f4b91,86.20
0dec1e06d512f923708b9abebac8b79063e10db0,91.60
0dec1e06d512f923708b9abebac8b79063e10db0,91.18
0dec1e06d512f923708b9abebac8b79063e10db0,91.99
0dec1e06d512f923708b9abebac8b79063e10db0,91.55
0dec1e06d512f923708b9abebac8b79063e10db0,91.78
0dec1e06d512f923708b9abebac8b79063e10db0,91.25
0dec1e06d512f923708b9abebac8b79063e10db0,91.49
0dec1e06d512f923708b9abebac8b79063e10db0,91.53
0dec1e06d512f923708b9abebac8b79063e10db0,89.72
0dec1e06d512f923708b9abebac8b79063e10db0,89.28
0dec1e06d512f923708b9abebac8b79063e10db0,87.86
0dec1e06d512f923708b9abebac8b79063e10db0,86.38
0dec1e06d512f923708b9abebac8b79063e10db0,87.99
0dec1e06d512f923708b9abebac8b79063e10db0,91.15
0dec1e06d512f923708b9abebac8b79063e10db0,88.20
b20ffc15af39152e962f6ba9e846e7f451678526,93.26
b20ffc15af39152e962f6ba9e846e7f451678526,89.94
b20ffc15af39152e962f6ba9e846e7f451678526,87.08
b20ffc15af39152e962f6ba9e846e7f451678526,87.82
b20ffc15af39152e962f6ba9e846e7f451678526,88.88
b20ffc15af39152e962f6ba9e846e7f451678526,88.34
b20ffc15af39152e962f6ba9e846e7f451678526,91.25
b20ffc15af39152e962f6ba9e846e7f451678526,88.17
b20ffc15af39152e962f6ba9e846e7f451678526,89.24
b20ffc15af39152e962f6ba9e846e7f451678526,89.27
b20ffc15af39152e962f6ba9e846e7f451678526,88.55
b20ffc15af39152e962f6ba9e846e7f451678526,87.15
b20ffc15af39152e962f6ba9e846e7f451678526,90.53
b20ffc15af39152e962f6ba9e846e7f451678526,90.13
b20ffc15af39152e962f6ba9e846e7f451678526,90.38
63e8b0f8a3ddc15c1f500f198ab5004d76e4d633,89.18
63e8b0f8a3ddc15c1f500f198ab5004d76e4d633,89.87
63e8b0f8a3ddc15c1f500f198ab5004d76e4d633,87.45
63e8b0f8a3ddc15c1f500f198ab5004d76e4d633,91.42
63e8b0f8a3ddc15c1f500f198ab5004d76e4d633,88.88
63e8b0f8a3ddc15c1f500f198ab5004d76e4d633,88.87
63e8b0f8a3ddc15c1f500f198ab5004d76e4d633,91.76
63e8b0f8a3ddc15c1f500f198ab5004d76e4d633,87.99
63e8b0f8a3ddc15c1f500f198ab5004d76e4d633,87.40
63e8b0f8a3ddc15c1f500f198ab5004d76e4d633,88.82
63e8b0f8a3ddc15c1f500f198ab5004d76e4d633,90.12
63e8b0f8a3ddc15c1f500f198ab5004d76e4d633,89.49
63e8b0f8a3ddc15c1f500f198ab5004d76e4d633,87.12
63e8b0f8a3ddc15c1f500f198ab5004d76e4d633,89.46
63e8b0f8a3ddc15c1f500f198ab5004d76e4d633,89.52
f95e40e7a85274ba7acfc3e33f9138fab71547ca,89.97
f95e40e7a85274ba7acfc3e33f9138fab71547ca,92.73
f95e40e7a85274ba7acfc3e33f9138fab71547ca,91.29
f95e40e7a85274ba7acfc3e33f9138fab71547ca,92.33
f95e40e7a85274ba7acfc3e33f9138fab71547ca,89.00
f95e40e7a85274ba7acfc3e33f9138fab71547ca,91.16
f95e40e7a85274ba7acfc3e33f9138fab71547ca,90.43
f95e40e7a85274ba7acfc3e33f9138fab71547ca,89.15
f95e40e7a85274ba7acfc3e33f9138fab71547ca,91.09
f95e40e7a85274ba7acfc3e33f9138fab71547ca,88.23
f95e40e7a85274ba7acfc3e33f9138fab71547ca,89.13
f95e40e7a85274ba7acfc3e33f9138fab71547ca,89.42
f95e40e7a85274ba7acfc3e33f9138fab71547ca,89.01
f95e40e7a85274ba7acfc3e33f9138fab71547ca,92.58
f95e40e7a85274ba7acfc3e33f9138fab71547ca,91.47
467af6f38b14078ec7845ea6e1ec96c3f420cf6a,92.91
467af6f38b14078ec7845ea6e1ec96c3f420cf6a,90.51
467af6f38b14078ec7845ea6e1ec96c3f420cf6a,91.86
467af6f38b14078ec7845ea6e1ec96c3f420cf6a,89.00
467af6f38b14078ec7845ea6e1ec96c3f420cf6a,91.91
467af6f38b14078ec7845ea6e1ec96c3f420cf6a,90.51
467af6f38b14078ec7845ea6e1ec96c3f420cf6a,85.88
467af6f38b14078ec7845ea6e1ec96c3f420cf6a,88.29
467af6f38b14078ec7845ea6e1ec96c3f420cf6a,87.17
467af6f38b14078ec7845ea6e1ec96c3f420cf6a,87.22
467af6f38b14078ec7845ea6e1ec96c3f420cf6a,87.56
467af6f38b14078ec7845ea6e1ec96c3f420cf6a,91.10
467af6f38b14078ec7845ea6e1ec96c3f420cf6a,88.88
467af6f38b14078ec7845ea6e1ec96c3f420cf6a,88.28
467af6f38b14078ec7845ea6e1ec96c3f420cf6a,88.55
41f97ef748b702688904ad9131e92b6fdc865b62,92.38
41f97ef748b702688904ad9131e92b6fdc865b62,92.27
41f97ef748b702688904ad9131e92b6fdc865b62,90.15
41f97ef748b702688904ad9131e92b6fdc865b62,92.04
41f97ef748b702688904ad9131e92b6fdc865b62,91.86
41f97ef748b702688904ad9131e92b6fdc865b62,92.39
41f97ef748b702688904ad9131e92b6fdc865b62,86.95
41f97ef748b702688904ad9131e92b6fdc865b62,91.01
41f97ef748b702688904ad9131e92b6fdc865b62,89.18
41f97ef748b702688904ad9131e92b6fdc865b62,90.74
41f97ef748b702688904ad9131e92b6fdc865b62,87.99
41f97ef748b702688904ad9131e92b6fdc865b62,88.05
41f97ef748b702688904ad9131e92b6fdc865b62,87.15
41f97ef748b702688904ad9131e92b6fdc865b62,89.96
41f97ef748b702688904ad9131e92b6fdc865b62,90.03
9e17e9c353a6b51f386fdfdcb116883089f544a7,89.55
9e17e9c353a6b51f386fdfdcb116883089f544a7,89.95
9e17e9c353a6b51f386fdfdcb116883089f544a7,92.36
9e17e9c353a6b51f386fdfdcb116883089f544a7,88.25
9e17e9c353a6b51f386fdfdcb116883089f544a7,90.61
9e17e9c353a6b51f386fdfdcb116883089f544a7,89.37
9e17e9c353a6b51f386fdfdcb116883089f544a7,91.94
9e17e9c353a6b51f386fdfdcb116883089f544a7,89.16
9e17e9c353a6b51f386fdfdcb116883089f544a7,88.77
9e17e9c353a6b51f386fdfdcb116883089f544a7,91.99
9e17e9c353a6b51f386fdfdcb116883089f544a7,89.78
9e17e9c353a6b51f386fdfdcb116883089f544a7,89.40
9e17e9c353a6b51f386fdfdcb116883089f544a7,89.05
9e17e9c353a6b51f386fdfdcb116883089f544a7,90.62
9e17e9c353a6b51f386fdfdcb116883089f544a7,92.05
15c519ec0cabbe73647748d869ada7605a45b25f,93.95
15c519ec0cabbe73647748d869ada7605a45b25f,90.49
15c519ec0cabbe73647748d869ada7605a45b25f,93.73
15c519ec0cabbe73647748d869ada7605a45b25f,90.67
15c519ec0cabbe73647748d869ada7605a45b25f,88.19
15c519ec0cabbe73647748d869ada7605a45b25f,88.52
15c519ec0cabbe73647748d869ada7605a45b25f,90.57
15c519ec0cabbe73647748d869ada7605a45b25f,91.56
15c519ec0cabbe73647748d869ada7605a45b25f,90.34
15c519ec0cabbe73647748d869ada7605a45b25f,90.92
15c519ec0cabbe73647748d869ada7605a45b25f,89.18
15c519ec0cabbe73647748d869ada7605a45b25f,90.62
15c519ec0cabbe73647748d869ada7605a45b25f,90.60
15c519ec0cabbe73647748d869ada7605a45b25f,90.45
15c519ec0cabbe73647748d869ada7605a45b25f,90.92
fc84db82d714150f1f6ee3d28e384ef1a81850cc,89.27
fc84db82d714150f1f6ee3d28e384ef1a81850cc,89.51
fc84db82d714150f1f6ee3d28e384ef1a81850cc,89.77
fc84db82d714150f1f6ee3d28e384ef1a81850cc,88.22
fc84db82d714150f1f6ee3d28e384ef1a81850cc,90.75
fc84db82d714150f1f6ee3d28e384ef1a81850cc,90.20
fc84db82d714150f1f6ee3d28e384ef1a81850cc,88.41
fc84db82d714150f1f6ee3d28e384ef1a81850cc,87.21
fc84db82d714150f1f6ee3d28e384ef1a81850cc,90.70
fc84db82d714150f1f6ee3d28e384ef1a81850cc,91.33
fc84db82d714150f1f6ee3d28e384ef1a81850cc,90.20
fc84db82d714150f1f6ee3d28e384ef1a81850cc,91.04
fc84db82d714150f1f6ee3d28e384ef1a81850cc,89.29
fc84db82d714150f1f6ee3d28e384ef1a81850cc,89.60
fc84db82d714150f1f6ee3d28e384ef1a81850cc,90.38
03dc75147e32186484968725f36615f21ed22f8c,93.34
03dc75147e32186484968725f36615f21ed22f8c,94.35
03dc75147e32186484968725f36615f21ed22f8c,94.72
03dc75147e32186484968725f36615f21ed22f8c,91.92
03dc75147e32186484968725f36615f21ed22f8c,90.34
03dc75147e32186484968725f36615f21ed22f8c,89.10
03dc75147e32186484968725f36615f21ed22f8c,90.99
03dc75147e32186484968725f36615f21ed22f8c,90.76
03dc75147e32186484968725f36615f21ed22f8c,91.99
03dc75147e32186484968725f36615f21ed22f8c,88.83
03dc75147e32186484968725f36615f21ed22f8c,91.22
03dc75147e32186484968725f36615f21ed22f8c,91.27
03dc75147e32186484968725f36615f21ed22f8c,91.82
03dc75147e32186484968725f36615f21ed22f8c,90.92
03dc75147e32186484968725f36615f21ed22f8c,90.22
3a91d78ae010415a7267ad3d1da759c5da88c227,89.59
3a91d78ae010415a7267ad3d1da759c5da88c227,89.64
3a91d78ae010415a7267ad3d1da759c5da88c227,91.09
3a91d78ae010415a7267ad3d1da759c5da88c227,89.19
3a91d78ae010415a7267ad3d1da759c5da88c227,88.80
3a91d78ae010415a7267ad3d1da759c5da88c227,89.01
3a91d78ae010415a7267ad3d1da759c5da88c227,86.38
3a91d78ae010415a7267ad3d1da759c5da88c227,90.58
3a91d78ae010415a7267ad3d1da759c5da88c227,87.35
3a91d78ae010415a7267ad3d1da759c5da88c227,87.27
3a91d78ae010415a7267ad3d1da759c5da88c227,90.35
3a91d78ae010415a7267ad3d1da759c5da88c227,91.23
3a91d78ae010415a7267ad3d1da759c5da88c227,89.59
3a91d78ae010415a7267ad3d1da759c5da88c227,86.44
3a91d78ae010415a7267ad3d1da759c5da88c227,89.42
b2279f301f85d7cf0728115c7b2cbf630cb47489,89.66
b2279f301f85d7cf0728115c7b2cbf630cb47489,90.10
b2279f301f85d7cf0728115c7b2cbf630cb47489,90.76
b2279f301f85d7cf0728115c7b2cbf630cb47489,91.72
b2279f301f85d7cf0728115c7b2cbf630cb47489,88.30
b2279f301f85d7cf0728115c7b2cbf630cb47489,91.22
b2279f301f85d7cf0728115c7b2cbf630cb47489,90.27
b2279f301f85d7cf0728115c7b2cbf630cb47489,87.55
b2279f301f85d7cf0728115c7b2cbf630cb47489,87.96
b2279f301f85d7cf0728115c7b2cbf630cb47489,86.27
b2279f301f85d7cf0728115c7b2cbf630cb47489,90.42
b2279f301f85d7cf0728115c7b2cbf630cb47489,90.12
b2279f301f85d7cf0728115c7b2cbf630cb47489,90.17
b2279f301f85d7cf0728115c7b2cbf630cb47489,88.97
b2279f301f85d7cf0728115c7b2cbf630cb47489,88.48
47ddb7a2352dda38d9ad45eaee2b0829b42a9f01,90.02
47ddb7a2352dda38d9ad45eaee2b0829b42a9f01,92.17
47ddb7a2352dda38d9ad45eaee2b0829b42a9f01,89.70
47ddb7a2352dda38d9ad45eaee2b0829b42a9f01,90.64
47ddb7a2352dda38d9ad45eaee2b0829b42a9f01,91.96
47ddb7a2352dda38d9ad45eaee2b0829b42a9f01,91.83
47ddb7a2352dda38d9ad45eaee2b0829b42a9f01,91.62
47ddb7a2352dda38d9ad45eaee2b0829b42a9f01,89.51
47ddb7a2352dda38d9ad45eaee2b0829b42a9f01,90.42
47ddb7a2352dda38d9ad45eaee2b0829b42a9f01,92.47
47ddb7a2352dda38d9ad45eaee2b0829b42a9f01,87.84
47ddb7a2352dda38d9ad45eaee2b0829b42a9f01,89.40
47ddb7a2352dda38d9ad45eaee2b0829b42a9f01,87.86
47ddb7a2352dda38d9ad45eaee2b0829b42a9f01,86.45
47ddb7a2352dda38d9ad45eaee2b0829b42a9f01,91.23
7383f5938122d970852301baad9f38ed3c257168,91.73
7383f5938122d970852301baad9f38ed3c257168,92.59
7383f5938122d970852301baad9f38ed3c257168,90.94
7383f5938122d970852301baad9f38ed3c257168,88.44
7383f5938122d970852301baad9f38ed3c257168,88.52
7383f5938122d970852301baad9f38ed3c257168,88.61
7383f5938122d970852301baad9f38ed3c257168,90.57
7383f5938122d970852301baad9f38ed3c257168,91.86
7383f5938122d970852301baad9f38ed3c257168,90.67
7383f5938122d970852301baad9f38ed3c257168,87.75
7383f5938122d970852301baad9f38ed3c257168,91.54
7383f5938122d970852301baad9f38ed3c257168,90.75
7383f5938122d970852301baad9f38ed3c257168,90.60
7383f5938122d970852301baad9f38ed3c257168,90.41
7383f5938122d970852301baad9f38ed3c257168,88.11
99c54e5a9b5adcbf89f90de0ee36ed4837645985,94.13
99c54e5a9b5adcbf89f90de0ee36ed4837645985,91.19
99c54e5a9b5adcbf89f90de0ee36ed4837645985,89.12
99c54e5a9b5adcbf89f90de0ee36ed4837645985,87.98
99c54e5a9b5adcbf89f90de0ee36ed4837645985,87.21
99c54e5a9b5adcbf89f90de0ee36ed4837645985,89.37
99c54e5a9b5adcbf89f90de0ee36ed4837645985,91.36
99c54e5a9b5adcbf89f90de0ee36ed4837645985,91.50
99c54e5a9b5adcbf89f90de0ee36ed4837645985,91.19
99c54e5a9b5adcbf89f90de0ee36ed4837645985,88.58
99c54e5a9b5adcbf89f90de0ee36ed4837645985,87.11
99c54e5a9b5adcbf89f90de0ee36ed4837645985,88.18
99c54e5a9b5adcbf89f90de0ee36ed4837645985,88.68
99c54e5a9b5adcbf89f90de0ee36ed4837645985,86.74
99c54e5a9b5adcbf89f90de0ee36ed4837645985,90.12
dd8aa21086ab813e8926c96bc76a5ef132a814cd,90.19
dd8aa21086ab813e8926c96bc76a5ef132a814cd,91.03
dd8aa21086ab813e8926c96bc76a5ef132a814cd,92.37
dd8aa21086ab813e8926c96bc76a5ef132a814cd,90.71
dd8aa21086ab813e8926c96bc76a5ef132a814cd,92.94
dd8aa21086ab813e8926c96bc76a5ef132a814cd,90.81
dd8aa21086ab813e8926c96bc76a5ef132a814cd,87.50
dd8aa21086ab813e8926c96bc76a5ef132a814cd,88.99
dd8aa21086ab813e8926c96bc76a5ef132a814cd,87.30
dd8aa21086ab813e8926c96bc76a5ef132a814cd,86.52
dd8aa21086ab813e8926c96bc76a5ef132a814cd,91.54
dd8aa21086ab813e8926c96bc76a5ef132a814cd,87.51
dd8aa21086ab813e8926c96bc76a5ef132a814cd,89.46
dd8aa21086ab813e8926c96bc76a5ef132a814cd,88.25
dd8aa21086ab813e8926c96bc76a5ef132a814cd,88.67
f5c1359f042ad2f5502791fbaa3d819b6e8c8b95,91.93
f5c1359f042ad2f5502791fbaa3d819b6e8c8b95,93.32
f5c1359f042ad2f5502791fbaa3d819b6e8c8b95,91.71
f5c1359f042ad2f5502791fbaa3d819b6e8c8b95,90.98
f5c1359f042ad2f5502791fbaa3d819b6e8c8b95,92.80
f5c1359f042ad2f5502791fbaa3d819b6e8c8b95,92.00
f5c1359f042ad2f5502791fbaa3d819b6e8c8b95,92.24
f5c1359f042ad2f5502791fbaa3d819b6e8c8b95,92.91
f5c1359f042ad2f5502791fbaa3d819b6e8c8b95,91.83
f5c1359f042ad2f5502791fbaa3d819b6e8c8b95,88.75
f5c1359f042ad2f5502791fbaa3d819b6e8c8b95,88.23
f5c1359f042ad2f5502791fbaa3d819b6e8c8b95,87.62
f5c1359f042ad2f5502791fbaa3d819b6e8c8b95,87.65
f5c1359f042ad2f5502791fbaa3d819b6e8c8b95,90.73
f5c1359f042ad2f5502791fbaa3d819b6e8c8b95,91.23
ec1c8cf2f471590cb2524b9a27d8a525f2343ed3,93.32
ec1c8cf2f471590cb2524b9a27d8a525f2343ed3,91.27
ec1c8cf2f471590cb2524b9a27d8a525f2343ed3,90.85
ec1c8cf2f471590cb2524b9a27d8a525f2343ed3,92.74
ec1c8cf2f471590cb2524b9a27d8a525f2343ed3,91.75
ec1c8cf2f471590cb2524b9a27d8a525f2343ed3,92.38
ec1c8cf2f471590cb2524b9a27d8a525f2343ed3,91.41
ec1c8cf2f471590cb2524b9a27d8a525f2343ed3,88.82
ec1c8cf2f471590cb2524b9a27d8a525f2343ed3,86.62
ec1c8cf2f471590cb2524b9a27d8a525f2343ed3,90.36
ec1c8cf2f471590cb2524b9a27d8a525f2343ed3,90.47
ec1c8cf2f471590cb2524b9a27d8a525f2343ed3,88.12
ec1c8cf2f471590cb2524b9a27d8a525f2343ed3,86.78
ec1c8cf2f471590cb2524b9a27d8a525f2343ed3,90.34
ec1c8cf2f471590cb2524b9a27d8a525f2343ed3,90.07
64002794c278b80f25aca34472d28936eaec869d,93.21
64002794c278b80f25aca34472d28936eaec869d,91.57
64002794c278b80f25aca34472d28936eaec869d,92.97
64002794c278b80f25aca34472d28936eaec869d,92.89
64002794c278b80f25aca34472d28936eaec869d,91.38
64002794c278b80f25aca34472d28936eaec869d,89.41
64002794c278b80f25aca34472d28936eaec869d,89.87
64002794c278b80f25aca34472d28936eaec869d,89.73
64002794c278b80f25aca34472d28936eaec869d,91.89
64002794c278b80f25aca34472d28936eaec869d,89.65
64002794c278b80f25aca34472d28936eaec869d,91.06
64002794c278b80f25aca34472d28936eaec869d,89.12
64002794c278b80f25aca34472d28936eaec869d,89.07
64002794c278b80f25aca34472d28936eaec869d,88.04
64002794c278b80f25aca34472d28936eaec869d,90.76
2228d63e2024974eca6474014493d6646e5603ae,94.79
2228d63e2024974eca6474014493d6646e5603ae,93.87
2228d63e2024974eca6474014493d6646e5603ae,91.18
2228d63e2024974eca6474014493d6646e5603ae,89.06
2228d63e2024974eca6474014493d6646e5603ae,89.98
2228d63e2024974eca6474014493d6646e5603ae,87.55
2228d63e2024974eca6474014493d6646e5603ae,89.01
2228d63e2024974eca6474014493d6646e5603ae,92.72
2228d63e2024974eca6474014493d6646e5603ae,87.85
2228d63e2024974eca6474014493d6646e5603ae,92.27
2228d63e2024974eca6474014493d6646e5603ae,89.53
2228d63e2024974eca6474014493d6646e5603ae,89.50
2228d63e2024974eca6474014493d6646e5603ae,87.65
2228d63e2024974eca6474014493d6646e5603ae,90.17
2228d63e2024974eca6474014493d6646e5603ae,89.66
703cb2774a7fdcfde8e2aba0d24d6ed410e83ae4,90.03
703cb2774a7fdcfde8e2aba0d24d6ed410e83ae4,92.89
703cb2774a7fdcfde8e2aba0d24d6ed410e83ae4,89.51
703cb2774a7fdcfde8e2aba0d24d6ed410e83ae4,90.74
703cb2774a7fdcfde8e2aba0d24d6ed410e83ae4,91.35
703cb2774a7fdcfde8e2aba0d24d6ed410e83ae4,90.13
703cb2774a7fdcfde8e2aba0d24d6ed410e83ae4,88.84
703cb2774a7fdcfde8e2aba0d24d6ed410e83ae4,92.45
703cb2774a7fdcfde8e2aba0d24d6ed410e83ae4,88.51
703cb2774a7fdcfde8e2aba0d24d6ed410e83ae4,90.68
703cb2774a7fdcfde8e2aba0d24d6ed410e83ae4,91.74
703cb2774a7fdcfde8e2aba0d24d6ed410e83ae4,89.12
703cb2774a7fdcfde8e2aba0d24d6ed410e83ae4,87.91
703cb2774a7fdcfde8e2aba0d24d6ed410e83ae4,88.40
703cb2774a7fdcfde8e2aba0d24d6ed410e83ae4,87.77
c9c0cd168ce51350344b085a25edd0662aa3a851,89.14
c9c0cd168ce51350344b085a25edd0662aa3a851,92.34
c9c0cd168ce51350344b085a25edd0662aa3a851,92.00
c9c0cd168ce51350344b085a25edd0662aa3a851,90.56
c9c0cd168ce51350344b085a25edd0662aa3a851,86.66
c9c0cd168ce51350344b085a25edd0662aa3a851,92.17
c9c0cd168ce51350344b085a25edd0662aa3a851,89.22
c9c0cd168ce51350344b085a25edd0662aa3a851,91.44
c9c0cd168ce51350344b085a25edd0662aa3a851,90.61
c9c0cd168ce51350344b085a25edd0662aa3a851,88.80
c9c0cd168ce51350344b085a25edd0662aa3a851,88.68
c9c0cd168ce51350344b085a25edd0662aa3a851,88.14
c9c0cd168ce51350344b085a25edd0662aa3a851,88.06
c9c0cd168ce51350344b085a25edd0662aa3a851,87.70
c9c0cd168ce51350344b085a25edd0662aa3a851,90.00
7442d7900a863c98eac603478f928315b085e557,90.67
7442d7900a863c98eac603478f928315b085e557,91.78
7442d7900a863c98eac603478f928315b085e557,87.71
7442d7900a863c98eac603478f928315b085e557,91.61
7442d7900a863c98eac603478f928315b085e557,92.54
7442d7900a863c98eac603478f928315b085e557,90.88
7442d7900a863c98eac603478f928315b085e557,88.08
7442d7900a863c98eac603478f928315b085e557,92.29
7442d7900a863c98eac603478f928315b085e557,88.79
7442d7900a863c98eac603478f928315b085e557,89.17
7442d7900a863c98eac603478f928315b085e557,91.33
7442d7900a863c98eac603478f928315b085e557,88.72
7442d7900a863c98eac603478f928315b085e557,92.59
7442d7900a863c98eac603478f928315b085e557,88.97
7442d7900a863c98eac603478f928315b085e557,90.21
22a82cecd2a029a99a42812f6a7eebd01c7dee56,90.23
22a82cecd2a029a99a42812f6a7eebd01c7dee56,92.81
22a82cecd2a029a99a42812f6a7eebd01c7dee56,93.34
22a82cecd2a029a99a42812f6a7eebd01c7dee56,89.97
22a82cecd2a029a99a42812f6a7eebd01c7dee56,89.45
22a82cecd2a029a99a42812f6a7eebd01c7dee56,89.81
22a82cecd2a029a99a42812f6a7eebd01c7dee56,90.20
22a82cecd2a029a99a42812f6a7eebd01c7dee56,89.00
22a82cecd2a029a99a42812f6a7eebd01c7dee56,91.50
22a82cecd2a029a99a42812f6a7eebd01c7dee56,90.10
22a82cecd2a029a99a42812f6a7eebd01c7dee56,90.37
22a82cecd2a029a99a42812f6a7eebd01c7dee56,88.28
22a82cecd2a029a99a42812f6a7eebd01c7dee56,89.13
22a82cecd2a029a99a42812f6a7eebd01c7dee56,88.59
22a82cecd2a029a99a42812f6a7eebd01c7dee56,90.17
5c849d0a0bdd38063a3d127510b10dfe448bf009,92.81
5c849d0a0bdd38063a3d127510b10dfe448bf009,89.73
5c849d0a0bdd38063a3d127510b10dfe448bf009,91.03
5c849d0a0bdd38063a3d127510b10dfe448bf009,91.97
5c849d0a0bdd38063a3d127510b10dfe448bf009,89.77
5c849d0a0bdd38063a3d127510b10dfe448bf009,88.49
5c849d0a0bdd38063a3d127510b10dfe448bf009,91.87
5c849d0a0bdd38063a3d127510b10dfe448bf009,90.50
5c849d0a0bdd38063a3d127510b10dfe448bf009,87.92
5c849d0a0bdd38063a3d127510b10dfe448bf009,88.27
5c849d0a0bdd38063a3d127510b10dfe448bf009,89.08
5c849d0a0bdd38063a3d127510b10dfe448bf009,91.29
5c849d0a0bdd38063a3d127510b10dfe448bf009,88.60
5c849d0a0bdd38063a3d127510b10dfe448bf009,90.45
5c849d0a0bdd38063a3d127510b10dfe448bf009,87.02
c8b532030560ed7075b34cccdff3edee83dbd982,92.80
c8b532030560ed7075b34cccdff3edee83dbd982,92.72
c8b532030560ed7075b34cccdff3edee83dbd982,91.87
c8b532030560ed7075b34cccdff3edee83dbd982,89.52
c8b532030560ed7075b34cccdff3edee83dbd982,88.90
c8b532030560ed7075b34cccdff3edee83dbd982,91.05
c8b532030560ed7075b34cccdff3edee83dbd982,87.41
c8b532030560ed7075b34cccdff3edee83dbd982,90.42
c8b532030560ed7075b34cccdff3edee83dbd982,89.48
c8b532030560ed7075b34cccdff3edee83dbd982,91.17
c8b532030560ed7075b34cccdff3edee83dbd982,90.95
c8b532030560ed7075b34cccdff3edee83dbd982,87.87
c8b532030560ed7075b34cccdff3edee83dbd982,90.22
c8b532030560ed7075b34cccdff3edee83dbd982,91.23
c8b532030560ed7075b34cccdff3edee83dbd982,89.97
42a10c502382ddd7160b90804a8a90e09981dce9,92.80
42a10c502382ddd7160b90804a8a90e09981dce9,92.29
42a10c502382ddd7160b90804a8a90e09981dce9,92.34
42a10c502382ddd7160b90804a8a90e09981dce9,89.38
42a10c502382ddd7160b90804a8a90e09981dce9,91.60
42a10c502382ddd7160b90804a8a90e09981dce9,87.42
42a10c502382ddd7160b90804a8a90e09981dce9,91.42
42a10c502382ddd7160b90804a8a90e09981dce9,91.12
42a10c502382ddd7160b90804a8a90e09981dce9,88.72
42a10c502382ddd7160b90804a8a90e09981dce9,88.62
42a10c502382ddd7160b90804a8a90e09981dce9,87.88
42a10c502382ddd7160b90804a8a90e09981dce9,88.41
42a10c502382ddd7160b90804a8a90e09981dce9,87.16
42a10c502382ddd7160b90804a8a90e09981dce9,88.21
42a10c502382ddd7160b90804a8a90e09981dce9,86.35
21ee9810bef522669f11f9aa45551b74c35d6411,92.13
21ee9810bef522669f11f9aa45551b74c35d6411,91.71
21ee9810bef522669f11f9aa45551b74c35d6411,91.11
21ee9810bef522669f11f9aa45551b74c35d6411,89.35
21ee9810bef522669f11f9aa45551b74c35d6411,90.45
21ee9810bef522669f11f9aa45551b74c35d6411,91.37
21ee9810bef522669f11f9aa45551b74c35d6411,91.13
21ee9810bef522669f11f9aa45551b74c35d6411,91.96
21ee9810bef522669f11f9aa45551b74c35d6411,88.94
21ee9810bef522669f11f9aa45551b74c35d6411,92.26
21ee9810bef522669f11f9aa45551b74c35d6411,88.01
21ee9810bef522669f11f9aa45551b74c35d6411,88.69
21ee9810bef522669f11f9aa45551b74c35d6411,89.04
21ee9810bef522669f11f9aa45551b74c35d6411,91.09
21ee9810bef522669f11f9aa45551b74c35d6411,87.35
b444f8346e6393382467e66de5f609fb4fdce3e8,91.21
b444f8346e6393382467e66de5f609fb4fdce3e8,88.61
b444f8346e6393382467e66de5f609fb4fdce3e8,87.50
b444f8346e6393382467e66de5f609fb4fdce3e8,91.89
b444f8346e6393382467e66de5f609fb4fdce3e8,91.21
b444f8346e6393382467e66de5f609fb4fdce3e8,90.12
b444f8346e6393382467e66de5f609fb4fdce3e8,90.12
b444f8346e6393382467e66de5f609fb4fdce3e8,90.15
b444f8346e6393382467e66de5f609fb4fdce3e8,92.03
b444f8346e6393382467e66de5f609fb4fdce3e8,90.45
b444f8346e6393382467e66de5f609fb4fdce3e8,88.06
b444f8346e6393382467e66de5f609fb4fdce3e8,88.17
b444f8346e6393382467e66de5f609fb4fdce3e8,88.19
b444f8346e6393382467e66de5f609fb4fdce3e8,88.07
b444f8346e6393382467e66de5f609fb4fdce3e8,88.14
93580b443cac46b0c3120a1639d386e13c2a147f,92.71
93580b443cac46b0c3120a1639d386e13c2a147f,92.76
93580b443cac46b0c3120a1639d386e13c2a147f,90.45
93580b443cac46b0c3120a1639d386e13c2a147f,91.24
93580b443cac46b0c3120a1639d386e13c2a147f,92.43
93580b443cac46b0c3120a1639d386e13c2a147f,92.01
93580b443cac46b0c3120a1639d386e13c2a147f,88.89
93580b443cac46b0c3120a1639d386e13c2a147f,87.78
93580b443cac46b0c3120a1639d386e13c2a147f,88.81
93580b443cac46b0c3120a1639d386e13c2a147f,89.71
93580b443cac46b0c3120a1639d386e13c2a147f,91.96
93580b443cac46b0c3120a1639d386e13c2a147f,90.64
93580b443cac46b0c3120a1639d386e13c2a147f,88.39
93580b443cac46b0c3120a1639d386e13c2a147f,87.08
93580b443cac46b0c3120a1639d386e13c2a147f,91.62
4be9e2e4e2b35157299ff719e6be7c10f8a996e3,93.36
4be9e2e4e2b35157299ff719e6be7c10f8a996e3,89.72
4be9e2e4e2b35157299ff719e6be7c10f8a996e3,91.69
4be9e2e4e2b35157299ff719e6be7c10f8a996e3,92.58
4be9e2e4e2b35157299ff719e6be7c10f8a996e3,91.13
4be9e2e4e2b35157299ff719e6be7c10f8a996e3,89.94
4be9e2e4e2b35157299ff719e6be7c10f8a996e3,89.55
4be9e2e4e2b35157299ff719e6be7c10f8a996e3,86.88
4be9e2e4e2b35157299ff719e6be7c10f8a996e3,89.12
4be9e2e4e2b35157299ff719e6be7c10f8a996e3,88.73
4be9e2e4e2b35157299ff719e6be7c10f8a996e3,88.62
4be9e2e4e2b35157299ff719e6be7c10f8a996e3,90.39
4be9e2e4e2b35157299ff719e6be7c10f8a996e3,91.14
4be9e2e4e2b35157299ff719e6be7c10f8a996e3,89.57
4be9e2e4e2b35157299ff719e6be7c10f8a996e3,87.16
f32f4a41b657435122a5ed5ebb5d3d7aa19715b4,89.86
f32f4a41b657435122a5ed5ebb5d3d7aa19715b4,93.43
f32f4a41b657435122a5ed5ebb5d3d7aa19715b4,89.92
f32f4a41b657435122a5ed5ebb5d3d7aa19715b4,89.05
f32f4a41b657435122a5ed5ebb5d3d7aa19715b4,91.85
f32f4a41b657435122a5ed5ebb5d3d7aa19715b4,90.80
f32f4a41b657435122a5ed5ebb5d3d7aa19715b4,88.73
f32f4a41b657435122a5ed5ebb5d3d7aa19715b4,91.72
f32f4a41b657435122a5ed5ebb5d3d7aa19715b4,91.33
f32f4a41b657435122a5ed5ebb5d3d7aa19715b4,88.33
f32f4a41b657435122a5ed5ebb5d3d7aa19715b4,91.14
f32f4a41b657435122a5ed5ebb5d3d7aa19715b4,88.76
f32f4a41b657435122a5ed5ebb5d3d7aa19715b4,86.51
f32f4a41b657435122a5ed5ebb5d3d7aa19715b4,88.64
f32f4a41b657435122a5ed5ebb5d3d7aa19715b4,90.70
