b891b6f54f7c53b0ca4510093251f0c1a81b02e6,209.44
b891b6f54f7c53b0ca4510093251f0c1a81b02e6,205.80
b891b6f54f7c53b0ca4510093251f0c1a81b02e6,210.17
b891b6f54f7c53b0ca4510093251f0c1a81b02e6,208.88
b891b6f54f7c53b0ca4510093251f0c1a81b02e6,205.95
b891b6f54f7c53b0ca4510093251f0c1a81b02e6,209.71
b891b6f54f7c53b0ca4510093251f0c1a81b02e6,207.15
b891b6f54f7c53b0ca4510093251f0c1a81b02e6,210.25
b891b6f54f7c53b0ca4510093251f0c1a81b02e6,208.33
b891b6f54f7c53b0ca4510093251f0c1a81b02e6,204.89
b891b6f54f7c53b0ca4510093251f0c1a81b02e6,208.30
b891b6f54f7c53b0ca4510093251f0c1a81b02e6,210.70
b891b6f54f7c53b0ca4510093251f0c1a81b02e6,207.07
b891b6f54f7c53b0ca4510093251f0c1a81b02e6,206.33
b891b6f54f7c53b0ca4510093251f0c1a81b02e6,202.67
3a9bf46eeb36196d841c3fa05597e40a13f51f43,210.16
3a9bf46eeb36196d841c3fa05597e40a13f51f43,203.42
3a9bf46eeb36196d841c3fa05597e40a13f51f43,207.02
3a9bf46eeb36196d841c3fa05597e40a13f51f43,209.88
3a9bf46eeb36196d841c3fa05597e40a13f51f43,208.23
3a9bf46eeb36196d841c3fa05597e40a13f51f43,204.67
3a9bf46eeb36196d841c3fa05597e40a13f51f43,206.12
3a9bf46eeb36196d841c3fa05597e40a13f51f43,206.72
3a9bf46eeb36196d841c3fa05597e40a13f51f43,205.00
3a9bf46eeb36196d841c3fa05597e40a13f51f43,208.55
3a9bf46eeb36196d841c3fa05597e40a13f51f43,207.77
3a9bf46eeb36196d841c3fa05597e40a13f51f43,206.86
3a9bf46eeb36196d841c3fa05597e40a13f51f43,202.68
3a9bf46eeb36196d841c3fa05597e40a13f51f43,205.42
3a9bf46eeb36196d841c3fa05597e40a13f51f43,205.22
88e045eb50b304ecfb909eb9088c98bb46fe7806,206.15
88e045eb50b304ecfb909eb9088c98bb46fe7806,210.93
88e045eb50b304ecfb909eb9088c98bb46fe7806,209.03
88e045eb50b304ecfb909eb9088c98bb46fe7806,202.48
88e045eb50b304ecfb909eb9088c98bb46fe7806,203.60
88e045eb50b304ecfb909eb9088c98bb46fe7806,201.76
88e045eb50b304ecfb909eb9088c98bb46fe7806,205.83
88e045eb50b304ecfb909eb9088c98bb46fe7806,210.35
88e045eb50b304ecfb909eb9088c98bb46fe7806,209.32
88e045eb50b304ecfb909eb9088c98bb46fe7806,205.07
88e045eb50b304ecfb909eb9088c98bb46fe7806,206.39
88e045eb50b304ecfb909eb9088c98bb46fe7806,206.13
88e045eb50b304ecfb909eb9088c98bb46fe7806,208.53
88e045eb50b304ecfb909eb9088c98bb46fe7806,209.18
88e045eb50b304ecfb909eb9088c98bb46fe7806,205.24
4e0974876e256d7822769b246900eb726508ca55,151.14
4e0974876e256d7822769b246900eb726508ca55,144.06
4e0974876e256d7822769b246900eb726508ca55,150.18
4e0974876e256d7822769b246900eb726508ca55,153.41
4e0974876e256d7822769b246900eb726508ca55,149.67
4e0974876e256d7822769b246900eb726508ca55,148.38
4e0974876e256d7822769b246900eb726508ca55,151.17
4e0974876e256d7822769b246900eb726508ca55,148.12
4e0974876e256d7822769b246900eb726508ca55,147.99
4e0974876e256d7822769b246900eb726508ca55,147.48
4e0974876e256d7822769b246900eb726508ca55,152.87
4e0974876e256d7822769b246900eb726508ca55,147.86
4e0974876e256d7822769b246900eb726508ca55,153.81
4e0974876e256d7822769b246900eb726508ca55,153.45
4e0974876e256d7822769b246900eb726508ca55,150.36
c198334e12c68dd547fd4c63f892b14529f5fed6,211.40
c198334e12c68dd547fd4c63f892b14529f5fed6,205.91
c198334e12c68dd547fd4c63f892b14529f5fed6,217.80
c198334e12c68dd547fd4c63f892b14529f5fed6,209.25
c198334e12c68dd547fd4c63f892b14529f5fed6,210.00
c198334e12c68dd547fd4c63f892b14529f5fed6,198.19
c198334e12c68dd547fd4c63f892b14529f5fed6,209.04
c198334e12c68dd547fd4c63f892b14529f5fed6,206.78
c198334e12c68dd547fd4c63f892b14529f5fed6,207.49
c198334e12c68dd547fd4c63f892b14529f5fed6,220.67
c198334e12c68dd547fd4c63f892b14529f5fed6,206.51
c198334e12c68dd547fd4c63f892b14529f5fed6,207.28
c198334e12c68dd547fd4c63f892b14529f5fed6,206.06
c198334e12c68dd547fd4c63f892b14529f5fed6,209.92
c198334e12c68dd547fd4c63f892b14529f5fed6,218.86
9297a22afcf1396c54539e0f225d048f794783ab,206.59
9297a22afcf1396c54539e0f225d048f794783ab,209.59
9297a22afcf1396c54539e0f225d048f794783ab,203.88
9297a22afcf1396c54539e0f225d048f794783ab,210.82
9297a22afcf1396c54539e0f225d048f794783ab,206.77
9297a22afcf1396c54539e0f225d048f794783ab,207.40
9297a22afcf1396c54539e0f225d048f794783ab,210.16
9297a22afcf1396c54539e0f225d048f794783ab,210.19
9297a22afcf1396c54539e0f225d048f794783ab,207.36
9297a22afcf1396c54539e0f225d048f794783ab,205.01
9297a22afcf1396c54539e0f225d048f794783ab,209.12
9297a22afcf1396c54539e0f225d048f794783ab,206.76
9297a22afcf1396c54539e0f225d048f794783ab,206.69
9297a22afcf1396c54539e0f225d048f794783ab,204.57
9297a22afcf1396c54539e0f225d048f794783ab,206.94
d36f91a47fc5e4ae8a8b172d6822e5019abf356c,208.27
d36f91a47fc5e4ae8a8b172d6822e5019abf356c,210.97
d36f91a47fc5e4ae8a8b172d6822e5019abf356c,203.87
d36f91a47fc5e4ae8a8b172d6822e5019abf356c,205.20
d36f91a47fc5e4ae8a8b172d6822e5019abf356c,206.87
d36f91a47fc5e4ae8a8b172d6822e5019abf356c,208.16
d36f91a47fc5e4ae8a8b172d6822e5019abf356c,201.73
d36f91a47fc5e4ae8a8b172d6822e5019abf356c,209.55
d36f91a47fc5e4ae8a8b172d6822e5019abf356c,205.85
d36f91a47fc5e4ae8a8b172d6822e5019abf356c,205.11
d36f91a47fc5e4ae8a8b172d6822e5019abf356c,208.27
d36f91a47fc5e4ae8a8b172d6822e5019abf356c,204.64
d36f91a47fc5e4ae8a8b172d6822e5019abf356c,207.43
d36f91a47fc5e4ae8a8b172d6822e5019abf356c,206.09
d36f91a47fc5e4ae8a8b172d6822e5019abf356c,208.84
a0711e57666055161a9eab9346e16e9ce2e0d547,199.67
a0711e57666055161a9eab9346e16e9ce2e0d547,201.03
a0711e57666055161a9eab9346e16e9ce2e0d547,190.84
a0711e57666055161a9eab9346e16e9ce2e0d547,198.33
a0711e57666055161a9eab9346e16e9ce2e0d547,195.53
a0711e57666055161a9eab9346e16e9ce2e0d547,197.75
a0711e57666055161a9eab9346e16e9ce2e0d547,199.52
a0711e57666055161a9eab9346e16e9ce2e0d547,197.17
a0711e57666055161a9eab9346e16e9ce2e0d547,199.09
a0711e57666055161a9eab9346e16e9ce2e0d547,194.77
a0711e57666055161a9eab9346e16e9ce2e0d547,196.26
a0711e57666055161a9eab9346e16e9ce2e0d547,197.30
a0711e57666055161a9eab9346e16e9ce2e0d547,203.89
a0711e57666055161a9eab9346e16e9ce2e0d547,196.00
a0711e57666055161a9eab9346e16e9ce2e0d547,202.95
f91e1e8dac668024c693a2ecd238b1c6b7219c30,200.64
f91e1e8dac668024c693a2ecd238b1c6b7219c30,200.51
f91e1e8dac668024c693a2ecd238b1c6b7219c30,197.30
f91e1e8dac668024c693a2ecd238b1c6b7219c30,197.19
f91e1e8dac668024c693a2ecd238b1c6b7219c30,200.61
f91e1e8dac668024c693a2ecd238b1c6b7219c30,201.67
f91e1e8dac668024c693a2ecd238b1c6b7219c30,196.13
f91e1e8dac668024c693a2ecd238b1c6b7219c30,200.05
f91e1e8dac668024c693a2ecd238b1c6b7219c30,199.48
f91e1e8dac668024c693a2ecd238b1c6b7219c30,190.85
f91e1e8dac668024c693a2ecd238b1c6b7219c30,197.30
f91e1e8dac668024c693a2ecd238b1c6b7219c30,194.84
f91e1e8dac668024c693a2ecd238b1c6b7219c30,199.17
f91e1e8dac668024c693a2ecd238b1c6b7219c30,196.20
f91e1e8dac668024c693a2ecd238b1c6b7219c30,202.03
d06d8f423439290032dbbb8211c58220fa13e7bd,198.59
d06d8f423439290032dbbb8211c58220fa13e7bd,195.84
d06d8f423439290032dbbb8211c58220fa13e7bd,198.25
d06d8f423439290032dbbb8211c58220fa13e7bd,199.98
d06d8f423439290032dbbb8211c58220fa13e7bd,197.01
d06d8f423439290032dbbb8211c58220fa13e7bd,196.23
d06d8f423439290032dbbb8211c58220fa13e7bd,196.25
d06d8f423439290032dbbb8211c58220fa13e7bd,197.33
d06d8f423439290032dbbb8211c58220fa13e7bd,198.51
d06d8f423439290032dbbb8211c58220fa13e7bd,199.68
d06d8f423439290032dbbb8211c58220fa13e7bd,195.22
d06d8f423439290032dbbb8211c58220fa13e7bd,195.29
d06d8f423439290032dbbb8211c58220fa13e7bd,201.25
d06d8f423439290032dbbb8211c58220fa13e7bd,193.61
d06d8f423439290032dbbb8211c58220fa13e7bd,197.14
e81c35f9ffa3eb56a7cdff92ff2e5d44f5e7ac51,191.51
e81c35f9ffa3eb56a7cdff92ff2e5d44f5e7ac51,196.98
e81c35f9ffa3eb56a7cdff92ff2e5d44f5e7ac51,197.10
e81c35f9ffa3eb56a7cdff92ff2e5d44f5e7ac51,187.22
e81c35f9ffa3eb56a7cdff92ff2e5d44f5e7ac51,194.77
e81c35f9ffa3eb56a7cdff92ff2e5d44f5e7ac51,195.99
e81c35f9ffa3eb56a7cdff92ff2e5d44f5e7ac51,192.20
e81c35f9ffa3eb56a7cdff92ff2e5d44f5e7ac51,198.36
e81c35f9ffa3eb56a7cdff92ff2e5d44f5e7ac51,193.26
e81c35f9ffa3eb56a7cdff92ff2e5d44f5e7ac51,198.24
e81c35f9ffa3eb56a7cdff92ff2e5d44f5e7ac51,195.67
e81c35f9ffa3eb56a7cdff92ff2e5d44f5e7ac51,200.88
e81c35f9ffa3eb56a7cdff92ff2e5d44f5e7ac51,197.63
e81c35f9ffa3eb56a7cdff92ff2e5d44f5e7ac51,200.15
e81c35f9ffa3eb56a7cdff92ff2e5d44f5e7ac51,195.82
6ef89226deae4683ccc0f2367db048278e94d5b0,195.86
6ef89226deae4683ccc0f2367db048278e94d5b0,198.70
6ef89226deae4683ccc0f2367db048278e94d5b0,194.92
6ef89226deae4683ccc0f2367db048278e94d5b0,190.76
6ef89226deae4683ccc0f2367db048278e94d5b0,198.19
6ef89226deae4683ccc0f2367db048278e94d5b0,195.55
6ef89226deae4683ccc0f2367db048278e94d5b0,196.74
6ef89226deae4683ccc0f2367db048278e94d5b0,203.41
6ef89226deae4683ccc0f2367db048278e94d5b0,197.44
6ef89226deae4683ccc0f2367db048278e94d5b0,198.79
6ef89226deae4683ccc0f2367db048278e94d5b0,199.45
6ef89226deae4683ccc0f2367db048278e94d5b0,197.30
6ef89226deae4683ccc0f2367db048278e94d5b0,194.58
6ef89226deae4683ccc0f2367db048278e94d5b0,199.82
6ef89226deae4683ccc0f2367db048278e94d5b0,194.26
437c727f6c33272c7a971aa75cbfd38d666fc229,191.40
437c727f6c33272c7a971aa75cbfd38d666fc229,195.44
437c727f6c33272c7a971aa75cbfd38d666fc229,198.27
437c727f6c33272c7a971aa75cbfd38d666fc229,197.91
437c727f6c33272c7a971aa75cbfd38d666fc229,197.10
437c727f6c33272c7a971aa75cbfd38d666fc229,199.34
437c727f6c33272c7a971aa75cbfd38d666fc229,196.50
437c727f6c33272c7a971aa75cbfd38d666fc229,194.46
437c727f6c33272c7a971aa75cbfd38d666fc229,198.23
437c727f6c33272c7a971aa75cbfd38d666fc229,200.93
437c727f6c33272c7a971aa75cbfd38d666fc229,198.42
437c727f6c33272c7a971aa75cbfd38d666fc229,201.53
437c727f6c33272c7a971aa75cbfd38d666fc229,196.20
437c727f6c33272c7a971aa75cbfd38d666fc229,202.36
437c727f6c33272c7a971aa75cbfd38d666fc229,196.40
a7b0c2df028f49fa246c7b6a51b6b83011655865,193.69
a7b0c2df028f49fa246c7b6a51b6b83011655865,194.71
a7b0c2df028f49fa246c7b6a51b6b83011655865,204.29
a7b0c2df028f49fa246c7b6a51b6b83011655865,196.66
a7b0c2df028f49fa246c7b6a51b6b83011655865,197.59
a7b0c2df028f49fa246c7b6a51b6b83011655865,198.64
a7b0c2df028f49fa246c7b6a51b6b83011655865,196.53
a7b0c2df028f49fa246c7b6a51b6b83011655865,197.94
a7b0c2df028f49fa246c7b6a51b6b83011655865,195.80
a7b0c2df028f49fa246c7b6a51b6b83011655865,199.89
a7b0c2df028f49fa246c7b6a51b6b83011655865,200.93
a7b0c2df028f49fa246c7b6a51b6b83011655865,201.18
a7b0c2df028f49fa246c7b6a51b6b83011655865,197.47
a7b0c2df028f49fa246c7b6a51b6b83011655865,198.48
a7b0c2df028f49fa246c7b6a51b6b83011655865,191.11
1c51c84e68f0d76ee239a4a1ab52a487a4e2e764,193.43
1c51c84e68f0d76ee239a4a1ab52a487a4e2e764,197.97
1c51c84e68f0d76ee239a4a1ab52a487a4e2e764,196.79
1c51c84e68f0d76ee239a4a1ab52a487a4e2e764,198.16
1c51c84e68f0d76ee239a4a1ab52a487a4e2e764,194.19
1c51c84e68f0d76ee239a4a1ab52a487a4e2e764,197.84
1c51c84e68f0d76ee239a4a1ab52a487a4e2e764,197.52
1c51c84e68f0d76ee239a4a1ab52a487a4e2e764,199.20
1c51c84e68f0d76ee239a4a1ab52a487a4e2e764,196.27
1c51c84e68f0d76ee239a4a1ab52a487a4e2e764,199.42
1c51c84e68f0d76ee239a4a1ab52a487a4e2e764,196.45
1c51c84e68f0d76ee239a4a1ab52a487a4e2e764,197.21
1c51c84e68f0d76ee239a4a1ab52a487a4e2e764,196.93
1c51c84e68f0d76ee239a4a1ab52a487a4e2e764,201.29
1c51c84e68f0d76ee239a4a1ab52a487a4e2e764,197.73
2080cbb75a2746123eb89db2bd9f923e7c109e15,192.89
2080cbb75a2746123eb89db2bd9f923e7c109e15,195.21
2080cbb75a2746123eb89db2bd9f923e7c109e15,193.16
2080cbb75a2746123eb89db2bd9f923e7c109e15,195.23
2080cbb75a2746123eb89db2bd9f923e7c109e15,200.03
2080cbb75a2746123eb89db2bd9f923e7c109e15,194.99
2080cbb75a2746123eb89db2bd9f923e7c109e15,200.38
2080cbb75a2746123eb89db2bd9f923e7c109e15,199.03
2080cbb75a2746123eb89db2bd9f923e7c109e15,200.66
2080cbb75a2746123eb89db2bd9f923e7c109e15,196.30
2080cbb75a2746123eb89db2bd9f923e7c109e15,195.50
2080cbb75a2746123eb89db2bd9f923e7c109e15,198.92
2080cbb75a2746123eb89db2bd9f923e7c109e15,199.89
2080cbb75a2746123eb89db2bd9f923e7c109e15,195.86
2080cbb75a2746123eb89db2bd9f923e7c109e15,193.75
f93f2fe951a73a386cac980ad917a675ee557f67,194.02
f93f2fe951a73a386cac980ad917a675ee557f67,192.01
f93f2fe951a73a386cac980ad917a675ee557f67,193.37
f93f2fe951a73a386cac980ad917a675ee557f67,194.20
f93f2fe951a73a386cac980ad917a675ee557f67,195.44
f93f2fe951a73a386cac980ad917a675ee557f67,192.25
f93f2fe951a73a386cac980ad917a675ee557f67,194.83
f93f2fe951a73a386cac980ad917a675ee557f67,191.55
f93f2fe951a73a386cac980ad917a675ee557f67,197.44
f93f2fe951a73a386cac980ad917a675ee557f67,197.18
f93f2fe951a73a386cac980ad917a675ee557f67,198.38
f93f2fe951a73a386cac980ad917a675ee557f67,192.71
f93f2fe951a73a386cac980ad917a675ee557f67,197.52
f93f2fe951a73a386cac980ad917a675ee557f67,196.24
f93f2fe951a73a386cac980ad917a675ee557f67,193.41
fb79deab9ddac9ac494ab444ba0086b935c10e6e,198.36
fb79deab9ddac9ac494ab444ba0086b935c10e6e,189.56
fb79deab9ddac9ac494ab444ba0086b935c10e6e,194.50
fb79deab9ddac9ac494ab444ba0086b935c10e6e,198.81
fb79deab9ddac9ac494ab444ba0086b935c10e6e,192.67
fb79deab9ddac9ac494ab444ba0086b935c10e6e,193.38
fb79deab9ddac9ac494ab444ba0086b935c10e6e,196.00
fb79deab9ddac9ac494ab444ba0086b935c10e6e,203.75
fb79deab9ddac9ac494ab444ba0086b935c10e6e,193.95
fb79deab9ddac9ac494ab444ba0086b935c10e6e,187.13
fb79deab9ddac9ac494ab444ba0086b935c10e6e,195.88
fb79deab9ddac9ac494ab444ba0086b935c10e6e,196.10
fb79deab9ddac9ac494ab444ba0086b935c10e6e,200.05
fb79deab9ddac9ac494ab444ba0086b935c10e6e,199.21
fb79deab9ddac9ac494ab444ba0086b935c10e6e,196.27
f54857ed7a0423a0d5482b33308bc3d1a65bb97e,194.54
f54857ed7a0423a0d5482b33308bc3d1a65bb97e,195.60
f54857ed7a0423a0d5482b33308bc3d1a65bb97e,196.92
f54857ed7a0423a0d5482b33308bc3d1a65bb97e,199.43
f54857ed7a0423a0d5482b33308bc3d1a65bb97e,194.50
f54857ed7a0423a0d5482b33308bc3d1a65bb97e,198.92
f54857ed7a0423a0d5482b33308bc3d1a65bb97e,193.34
f54857ed7a0423a0d5482b33308bc3d1a65bb97e,194.06
f54857ed7a0423a0d5482b33308bc3d1a65bb97e,196.85
f54857ed7a0423a0d5482b33308bc3d1a65bb97e,199.69
f54857ed7a0423a0d5482b33308bc3d1a65bb97e,199.30
f54857ed7a0423a0d5482b33308bc3d1a65bb97e,196.39
f54857ed7a0423a0d5482b33308bc3d1a65bb97e,197.65
f54857ed7a0423a0d5482b33308bc3d1a65bb97e,198.02
f54857ed7a0423a0d5482b33308bc3d1a65bb97e,196.75
265653e3f2e04321fa327a5a32241de70cdbe234,198.15
265653e3f2e04321fa327a5a32241de70cdbe234,198.71
265653e3f2e04321fa327a5a32241de70cdbe234,198.70
265653e3f2e04321fa327a5a32241de70cdbe234,201.00
265653e3f2e04321fa327a5a32241de70cdbe234,196.27
265653e3f2e04321fa327a5a32241de70cdbe234,194.42
265653e3f2e04321fa327a5a32241de70cdbe234,196.68
265653e3f2e04321fa327a5a32241de70cdbe234,197.48
265653e3f2e04321fa327a5a32241de70cdbe234,201.73
265653e3f2e04321fa327a5a32241de70cdbe234,196.02
265653e3f2e04321fa327a5a32241de70cdbe234,200.32
265653e3f2e04321fa327a5a32241de70cdbe234,197.61
265653e3f2e04321fa327a5a32241de70cdbe234,193.39
265653e3f2e04321fa327a5a32241de70cdbe234,193.31
265653e3f2e04321fa327a5a32241de70cdbe234,199.78
7a405918f4fdf71ebc2a8b07ce3f6fb09f987c0a,195.85
7a405918f4fdf71ebc2a8b07ce3f6fb09f987c0a,195.43
7a405918f4fdf71ebc2a8b07ce3f6fb09f987c0a,197.57
7a405918f4fdf71ebc2a8b07ce3f6fb09f987c0a,196.94
7a405918f4fdf71ebc2a8b07ce3f6fb09f987c0a,196.90
7a405918f4fdf71ebc2a8b07ce3f6fb09f987c0a,199.82
7a405918f4fdf71ebc2a8b07ce3f6fb09f987c0a,196.47
7a405918f4fdf71ebc2a8b07ce3f6fb09f987c0a,199.03
7a405918f4fdf71ebc2a8b07ce3f6fb09f987c0a,191.26
7a405918f4fdf71ebc2a8b07ce3f6fb09f987c0a,196.49
7a405918f4fdf71ebc2a8b07ce3f6fb09f987c0a,189.20
7a405918f4fdf71ebc2a8b07ce3f6fb09f987c0a,198.80
7a405918f4fdf71ebc2a8b07ce3f6fb09f987c0a,188.63
7a405918f4fdf71ebc2a8b07ce3f6fb09f987c0a,200.82
7a405918f4fdf71ebc2a8b07ce3f6fb09f987c0a,198.51
bd64b0192c7d3485665afdc10805b587df19eab3,198.78
bd64b0192c7d3485665afdc10805b587df19eab3,192.52
bd64b0192c7d3485665afdc10805b587df19eab3,194.12
bd64b0192c7d3485665afdc10805b587df19eab3,191.18
bd64b0192c7d3485665afdc10805b587df19eab3,195.54
bd64b0192c7d3485665afdc10805b587df19eab3,187.84
bd64b0192c7d3485665afdc10805b587df19eab3,197.97
bd64b0192c7d3485665afdc10805b587df19eab3,198.32
bd64b0192c7d3485665afdc10805b587df19eab3,196.68
bd64b0192c7d3485665afdc10805b587df19eab3,198.44
bd64b0192c7d3485665afdc10805b587df19eab3,200.02
bd64b0192c7d3485665afdc10805b587df19eab3,195.24
bd64b0192c7d3485665afdc10805b587df19eab3,196.35
bd64b0192c7d3485665afdc10805b587df19eab3,198.02
bd64b0192c7d3485665afdc10805b587df19eab3,201.60
9d9e53c8f5ab7d5dfa689ff39ee9e5dc5f7a881e,146.19
9d9e53c8f5ab7d5dfa689ff39ee9e5dc5f7a881e,145.18
9d9e53c8f5ab7d5dfa689ff39ee9e5dc5f7a881e,142.16
9d9e53c8f5ab7d5dfa689ff39ee9e5dc5f7a881e,146.75
9d9e53c8f5ab7d5dfa689ff39ee9e5dc5f7a881e,147.97
9d9e53c8f5ab7d5dfa689ff39ee9e5dc5f7a881e,150.49
9d9e53c8f5ab7d5dfa689ff39ee9e5dc5f7a881e,144.39
9d9e53c8f5ab7d5dfa689ff39ee9e5dc5f7a881e,147.79
9d9e53c8f5ab7d5dfa689ff39ee9e5dc5f7a881e,146.23
9d9e53c8f5ab7d5dfa689ff39ee9e5dc5f7a881e,144.94
9d9e53c8f5ab7d5dfa689ff39ee9e5dc5f7a881e,147.50
9d9e53c8f5ab7d5dfa689ff39ee9e5dc5f7a881e,144.26
9d9e53c8f5ab7d5dfa689ff39ee9e5dc5f7a881e,143.83
9d9e53c8f5ab7d5dfa689ff39ee9e5dc5f7a881e,147.46
9d9e53c8f5ab7d5dfa689ff39ee9e5dc5f7a881e,144.42
c693d6e42a06c09fca13dab8bd2c8d465481badb,145.17
c693d6e42a06c09fca13dab8bd2c8d465481badb,148.49
c693d6e42a06c09fca13dab8bd2c8d465481badb,147.04
c693d6e42a06c09fca13dab8bd2c8d465481badb,143.20
c693d6e42a06c09fca13dab8bd2c8d465481badb,151.05
c693d6e42a06c09fca13dab8bd2c8d465481badb,149.63
c693d6e42a06c09fca13dab8bd2c8d465481badb,147.15
c693d6e42a06c09fca13dab8bd2c8d465481badb,149.81
c693d6e42a06c09fca13dab8bd2c8d465481badb,152.65
c693d6e42a06c09fca13dab8bd2c8d465481badb,150.72
c693d6e42a06c09fca13dab8bd2c8d465481badb,148.92
c693d6e42a06c09fca13dab8bd2c8d465481badb,145.84
c693d6e42a06c09fca13dab8bd2c8d465481badb,152.84
c693d6e42a06c09fca13dab8bd2c8d465481badb,149.55
c693d6e42a06c09fca13dab8bd2c8d465481badb,148.61
1f5ffb85c35e0fd42fcefc1eb562e36d809a3d15,148.86
1f5ffb85c35e0fd42fcefc1eb562e36d809a3d15,147.20
1f5ffb85c35e0fd42fcefc1eb562e36d809a3d15,143.29
1f5ffb85c35e0fd42fcefc1eb562e36d809a3d15,147.28
1f5ffb85c35e0fd42fcefc1eb562e36d809a3d15,145.99
1f5ffb85c35e0fd42fcefc1eb562e36d809a3d15,150.64
1f5ffb85c35e0fd42fcefc1eb562e36d809a3d15,144.22
1f5ffb85c35e0fd42fcefc1eb562e36d809a3d15,146.41
1f5ffb85c35e0fd42fcefc1eb562e36d809a3d15,150.69
1f5ffb85c35e0fd42fcefc1eb562e36d809a3d15,151.31
1f5ffb85c35e0fd42fcefc1eb562e36d809a3d15,150.90
1f5ffb85c35e0fd42fcefc1eb562e36d809a3d15,147.53
1f5ffb85c35e0fd42fcefc1eb562e36d809a3d15,146.60
1f5ffb85c35e0fd42fcefc1eb562e36d809a3d15,150.05
1f5ffb85c35e0fd42fcefc1eb562e36d809a3d15,145.73
696461b3288ad792ae41d057693a07b7e01d0635,148.62
696461b3288ad792ae41d057693a07b7e01d0635,146.77
696461b3288ad792ae41d057693a07b7e01d0635,150.34
696461b3288ad792ae41d057693a07b7e01d0635,144.32
696461b3288ad792ae41d057693a07b7e01d0635,146.08
696461b3288ad792ae41d057693a07b7e01d0635,148.91
696461b3288ad792ae41d057693a07b7e01d0635,145.04
696461b3288ad792ae41d057693a07b7e01d0635,148.43
696461b3288ad792ae41d057693a07b7e01d0635,144.88
696461b3288ad792ae41d057693a07b7e01d0635,144.81
696461b3288ad792ae41d057693a07b7e01d0635,141.58
696461b3288ad792ae41d057693a07b7e01d0635,144.72
696461b3288ad792ae41d057693a07b7e01d0635,145.82
696461b3288ad792ae41d057693a07b7e01d0635,149.07
696461b3288ad792ae41d057693a07b7e01d0635,149.09
ebd2a773d67e8d1d042607fd2458f92e18b9203b,143.70
ebd2a773d67e8d1d042607fd2458f92e18b9203b,148.50
ebd2a773d67e8d1d042607fd2458f92e18b9203b,145.28
ebd2a773d67e8d1d042607fd2458f92e18b9203b,142.53
ebd2a773d67e8d1d042607fd2458f92e18b9203b,145.04
ebd2a773d67e8d1d042607fd2458f92e18b9203b,142.67
ebd2a773d67e8d1d042607fd2458f92e18b9203b,149.25
ebd2a773d67e8d1d042607fd2458f92e18b9203b,149.07
ebd2a773d67e8d1d042607fd2458f92e18b9203b,149.73
ebd2a773d67e8d1d042607fd2458f92e18b9203b,146.28
ebd2a773d67e8d1d042607fd2458f92e18b9203b,144.92
ebd2a773d67e8d1d042607fd2458f92e18b9203b,145.44
ebd2a773d67e8d1d042607fd2458f92e18b9203b,146.58
ebd2a773d67e8d1d042607fd2458f92e18b9203b,149.81
ebd2a773d67e8d1d042607fd2458f92e18b9203b,152.44
51278145ef4f55e7b45276ac071332a53e6b19a6,141.15
51278145ef4f55e7b45276ac071332a53e6b19a6,148.32
51278145ef4f55e7b45276ac071332a53e6b19a6,146.80
51278145ef4f55e7b45276ac071332a53e6b19a6,144.44
51278145ef4f55e7b45276ac071332a53e6b19a6,145.26
51278145ef4f55e7b45276ac071332a53e6b19a6,148.12
51278145ef4f55e7b45276ac071332a53e6b19a6,148.14
51278145ef4f55e7b45276ac071332a53e6b19a6,147.00
51278145ef4f55e7b45276ac071332a53e6b19a6,140.75
51278145ef4f55e7b45276ac071332a53e6b19a6,143.19
51278145ef4f55e7b45276ac071332a53e6b19a6,148.72
51278145ef4f55e7b45276ac071332a53e6b19a6,146.19
51278145ef4f55e7b45276ac071332a53e6b19a6,147.65
51278145ef4f55e7b45276ac071332a53e6b19a6,147.52
51278145ef4f55e7b45276ac071332a53e6b19a6,142.06
328f2e4ea8edb4c993051ba6834f12cde513657e,144.29
328f2e4ea8edb4c993051ba6834f12cde513657e,141.98
328f2e4ea8edb4c993051ba6834f12cde513657e,141.82
328f2e4ea8edb4c993051ba6834f12cde513657e,146.35
328f2e4ea8edb4c993051ba6834f12cde513657e,156.53
328f2e4ea8edb4c993051ba6834f12cde513657e,147.32
328f2e4ea8edb4c993051ba6834f12cde513657e,144.48
328f2e4ea8edb4c993051ba6834f12cde513657e,146.87
328f2e4ea8edb4c993051ba6834f12cde513657e,148.21
328f2e4ea8edb4c993051ba6834f12cde513657e,147.09
328f2e4ea8edb4c993051ba6834f12cde513657e,150.65
328f2e4ea8edb4c993051ba6834f12cde513657e,144.01
328f2e4ea8edb4c993051ba6834f12cde513657e,146.20
328f2e4ea8edb4c993051ba6834f12cde513657e,150.63
328f2e4ea8edb4c993051ba6834f12cde513657e,149.63
dcf3c8ba5a0963260999f463ee80b6a787928bb9,142.99
dcf3c8ba5a0963260999f463ee80b6a787928bb9,142.49
dcf3c8ba5a0963260999f463ee80b6a787928bb9,147.03
dcf3c8ba5a0963260999f463ee80b6a787928bb9,156.21
dcf3c8ba5a0963260999f463ee80b6a787928bb9,142.01
dcf3c8ba5a0963260999f463ee80b6a787928bb9,145.90
dcf3c8ba5a0963260999f463ee80b6a787928bb9,147.20
dcf3c8ba5a0963260999f463ee80b6a787928bb9,146.04
dcf3c8ba5a0963260999f463ee80b6a787928bb9,145.83
dcf3c8ba5a0963260999f463ee80b6a787928bb9,146.10
dcf3c8ba5a0963260999f463ee80b6a787928bb9,148.10
dcf3c8ba5a0963260999f463ee80b6a787928bb9,142.63
dcf3c8ba5a0963260999f463ee80b6a787928bb9,148.53
dcf3c8ba5a0963260999f463ee80b6a787928bb9,144.75
dcf3c8ba5a0963260999f463ee80b6a787928bb9,150.27
1330299a3d763b05f1a29296328c1105a1f791c9,143.36
1330299a3d763b05f1a29296328c1105a1f791c9,139.44
1330299a3d763b05f1a29296328c1105a1f791c9,144.67
1330299a3d763b05f1a29296328c1105a1f791c9,144.86
1330299a3d763b05f1a29296328c1105a1f791c9,144.57
1330299a3d763b05f1a29296328c1105a1f791c9,147.49
1330299a3d763b05f1a29296328c1105a1f791c9,145.98
1330299a3d763b05f1a29296328c1105a1f791c9,147.72
1330299a3d763b05f1a29296328c1105a1f791c9,140.04
1330299a3d763b05f1a29296328c1105a1f791c9,148.65
1330299a3d763b05f1a29296328c1105a1f791c9,147.69
1330299a3d763b05f1a29296328c1105a1f791c9,145.38
1330299a3d763b05f1a29296328c1105a1f791c9,145.47
1330299a3d763b05f1a29296328c1105a1f791c9,144.60
1330299a3d763b05f1a29296328c1105a1f791c9,149.12
e807847d7c56c2014df8a3945d94585cccc13ddd,144.00
e807847d7c56c2014df8a3945d94585cccc13ddd,146.33
e807847d7c56c2014df8a3945d94585cccc13ddd,144.67
e807847d7c56c2014df8a3945d94585cccc13ddd,150.36
e807847d7c56c2014df8a3945d94585cccc13ddd,144.69
e807847d7c56c2014df8a3945d94585cccc13ddd,144.13
e807847d7c56c2014df8a3945d94585cccc13ddd,149.00
e807847d7c56c2014df8a3945d94585cccc13ddd,147.43
e807847d7c56c2014df8a3945d94585cccc13ddd,142.42
e807847d7c56c2014df8a3945d94585cccc13ddd,146.35
e807847d7c56c2014df8a3945d94585cccc13ddd,142.95
e807847d7c56c2014df8a3945d94585cccc13ddd,147.14
e807847d7c56c2014df8a3945d94585cccc13ddd,147.92
e807847d7c56c2014df8a3945d94585cccc13ddd,143.23
e807847d7c56c2014df8a3945d94585cccc13ddd,146.94
89d9677ff905e2b19cc70f8875f64a340e0f5aae,145.36
89d9677ff905e2b19cc70f8875f64a340e0f5aae,144.17
89d9677ff905e2b19cc70f8875f64a340e0f5aae,143.68
89d9677ff905e2b19cc70f8875f64a340e0f5aae,146.76
89d9677ff905e2b19cc70f8875f64a340e0f5aae,148.53
89d9677ff905e2b19cc70f8875f64a340e0f5aae,149.45
89d9677ff905e2b19cc70f8875f64a340e0f5aae,144.34
89d9677ff905e2b19cc70f8875f64a340e0f5aae,145.03
89d9677ff905e2b19cc70f8875f64a340e0f5aae,145.29
89d9677ff905e2b19cc70f8875f64a340e0f5aae,145.09
89d9677ff905e2b19cc70f8875f64a340e0f5aae,148.21
89d9677ff905e2b19cc70f8875f64a340e0f5aae,139.24
89d9677ff905e2b19cc70f8875f64a340e0f5aae,145.64
89d9677ff905e2b19cc70f8875f64a340e0f5aae,146.58
89d9677ff905e2b19cc70f8875f64a340e0f5aae,145.70
140b48a58568c9614ad91773598b56891bb70bac,144.17
140b48a58568c9614ad91773598b56891bb70bac,142.53
140b48a58568c9614ad91773598b56891bb70bac,148.08
140b48a58568c9614ad91773598b56891bb70bac,142.64
140b48a58568c9614ad91773598b56891bb70bac,145.78
140b48a58568c9614ad91773598b56891bb70bac,149.15
140b48a58568c9614ad91773598b56891bb70bac,145.07
140b48a58568c9614ad91773598b56891bb70bac,144.03
140b48a58568c9614ad91773598b56891bb70bac,144.98
140b48a58568c9614ad91773598b56891bb70bac,148.35
140b48a58568c9614ad91773598b56891bb70bac,145.43
140b48a58568c9614ad91773598b56891bb70bac,145.76
140b48a58568c9614ad91773598b56891bb70bac,142.21
140b48a58568c9614ad91773598b56891bb70bac,148.54
140b48a58568c9614ad91773598b56891bb70bac,141.68
8ddcef3c420f64689ae486237291daf975940973,144.68
8ddcef3c420f64689ae486237291daf975940973,145.85
8ddcef3c420f64689ae486237291daf975940973,141.96
8ddcef3c420f64689ae486237291daf975940973,147.12
8ddcef3c420f64689ae486237291daf975940973,140.57
8ddcef3c420f64689ae486237291daf975940973,148.69
8ddcef3c420f64689ae486237291daf975940973,144.95
8ddcef3c420f64689ae486237291daf975940973,145.99
8ddcef3c420f64689ae486237291daf975940973,149.31
8ddcef3c420f64689ae486237291daf975940973,148.28
8ddcef3c420f64689ae486237291daf975940973,143.35
8ddcef3c420f64689ae486237291daf975940973,149.25
8ddcef3c420f64689ae486237291daf975940973,145.65
8ddcef3c420f64689ae486237291daf975940973,145.43
8ddcef3c420f64689ae486237291daf975940973,148.84
6b103e1e9d4bfcef5a10bcb7be5c827894bd75ce,185.89
6b103e1e9d4bfcef5a10bcb7be5c827894bd75ce,182.45
6b103e1e9d4bfcef5a10bcb7be5c827894bd75ce,189.49
6b103e1e9d4bfcef5a10bcb7be5c827894bd75ce,185.91
6b103e1e9d4bfcef5a10bcb7be5c827894bd75ce,186.50
6b103e1e9d4bfcef5a10bcb7be5c827894bd75ce,181.78
6b103e1e9d4bfcef5a10bcb7be5c827894bd75ce,184.19
6b103e1e9d4bfcef5a10bcb7be5c827894bd75ce,188.24
6b103e1e9d4bfcef5a10bcb7be5c827894bd75ce,182.81
6b103e1e9d4bfcef5a10bcb7be5c827894bd75ce,195.58
6b103e1e9d4bfcef5a10bcb7be5c827894bd75ce,186.06
6b103e1e9d4bfcef5a10bcb7be5c827894bd75ce,185.34
6b103e1e9d4bfcef5a10bcb7be5c827894bd75ce,188.50
6b103e1e9d4bfcef5a10bcb7be5c827894bd75ce,187.50
6b103e1e9d4bfcef5a10bcb7be5c827894bd75ce,184.08
23a0e22ede7a83c7c8ea61d7877be414c2f9abf1,185.71
23a0e22ede7a83c7c8ea61d7877be414c2f9abf1,188.90
23a0e22ede7a83c7c8ea61d7877be414c2f9abf1,181.93
23a0e22ede7a83c7c8ea61d7877be414c2f9abf1,183.52
23a0e22ede7a83c7c8ea61d7877be414c2f9abf1,186.62
23a0e22ede7a83c7c8ea61d7877be414c2f9abf1,182.18
23a0e22ede7a83c7c8ea61d7877be414c2f9abf1,186.68
23a0e22ede7a83c7c8ea61d7877be414c2f9abf1,185.90
23a0e22ede7a83c7c8ea61d7877be414c2f9abf1,187.20
23a0e22ede7a83c7c8ea61d7877be414c2f9abf1,186.14
23a0e22ede7a83c7c8ea61d7877be414c2f9abf1,186.92
23a0e22ede7a83c7c8ea61d7877be414c2f9abf1,188.40
23a0e22ede7a83c7c8ea61d7877be414c2f9abf1,182.86
23a0e22ede7a83c7c8ea61d7877be414c2f9abf1,195.89
23a0e22ede7a83c7c8ea61d7877be414c2f9abf1,183.97
89580cc3d25d0d89ac1f46b349e5cd315883dc79,185.20
89580cc3d25d0d89ac1f46b349e5cd315883dc79,181.57
89580cc3d25d0d89ac1f46b349e5cd315883dc79,183.58
89580cc3d25d0d89ac1f46b349e5cd315883dc79,185.52
89580cc3d25d0d89ac1f46b349e5cd315883dc79,184.87
89580cc3d25d0d89ac1f46b349e5cd315883dc79,184.60
89580cc3d25d0d89ac1f46b349e5cd315883dc79,183.17
89580cc3d25d0d89ac1f46b349e5cd315883dc79,182.37
89580cc3d25d0d89ac1f46b349e5cd315883dc79,188.92
89580cc3d25d0d89ac1f46b349e5cd315883dc79,185.19
89580cc3d25d0d89ac1f46b349e5cd315883dc79,181.29
89580cc3d25d0d89ac1f46b349e5cd315883dc79,181.03
89580cc3d25d0d89ac1f46b349e5cd315883dc79,187.78
89580cc3d25d0d89ac1f46b349e5cd315883dc79,189.62
89580cc3d25d0d89ac1f46b349e5cd315883dc79,187.37
653d5e7c832b33b793d110b0feea549a2604eb65,184.82
653d5e7c832b33b793d110b0feea549a2604eb65,180.33
653d5e7c832b33b793d110b0feea549a2604eb65,183.26
653d5e7c832b33b793d110b0feea549a2604eb65,181.94
653d5e7c832b33b793d110b0feea549a2604eb65,183.08
653d5e7c832b33b793d110b0feea549a2604eb65,189.29
653d5e7c832b33b793d110b0feea549a2604eb65,187.49
653d5e7c832b33b793d110b0feea549a2604eb65,184.24
653d5e7c832b33b793d110b0feea549a2604eb65,186.02
653d5e7c832b33b793d110b0feea549a2604eb65,184.74
653d5e7c832b33b793d110b0feea549a2604eb65,186.34
653d5e7c832b33b793d110b0feea549a2604eb65,182.64
653d5e7c832b33b793d110b0feea549a2604eb65,190.30
653d5e7c832b33b793d110b0feea549a2604eb65,188.73
653d5e7c832b33b793d110b0feea549a2604eb65,186.11
6dba1650712043c8292e67a68bbc9493247d61e8,187.54
6dba1650712043c8292e67a68bbc9493247d61e8,185.53
6dba1650712043c8292e67a68bbc9493247d61e8,182.02
6dba1650712043c8292e67a68bbc9493247d61e8,184.19
6dba1650712043c8292e67a68bbc9493247d61e8,187.94
6dba1650712043c8292e67a68bbc9493247d61e8,186.04
6dba1650712043c8292e67a68bbc9493247d61e8,184.89
6dba1650712043c8292e67a68bbc9493247d61e8,188.45
6dba1650712043c8292e67a68bbc9493247d61e8,180.69
6dba1650712043c8292e67a68bbc9493247d61e8,179.15
6dba1650712043c8292e67a68bbc9493247d61e8,182.77
6dba1650712043c8292e67a68bbc9493247d61e8,190.56
6dba1650712043c8292e67a68bbc9493247d61e8,191.12
6dba1650712043c8292e67a68bbc9493247d61e8,183.16
6dba1650712043c8292e67a68bbc9493247d61e8,185.61
6c689fce6aae9410b01bb47c12679662ba3df5d8,178.84
6c689fce6aae9410b01bb47c12679662ba3df5d8,190.49
6c689fce6aae9410b01bb47c12679662ba3df5d8,186.35
6c689fce6aae9410b01bb47c12679662ba3df5d8,183.68
6c689fce6aae9410b01bb47c12679662ba3df5d8,188.50
6c689fce6aae9410b01bb47c12679662ba3df5d8,183.78
6c689fce6aae9410b01bb47c12679662ba3df5d8,188.43
6c689fce6aae9410b01bb47c12679662ba3df5d8,183.33
6c689fce6aae9410b01bb47c12679662ba3df5d8,186.50
6c689fce6aae9410b01bb47c12679662ba3df5d8,187.94
6c689fce6aae9410b01bb47c12679662ba3df5d8,181.74
6c689fce6aae9410b01bb47c12679662ba3df5d8,186.94
6c689fce6aae9410b01bb47c12679662ba3df5d8,187.76
6c689fce6aae9410b01bb47c12679662ba3df5d8,186.07
6c689fce6aae9410b01bb47c12679662ba3df5d8,183.22
c52f8312c2838918e27865370a4a7fef1bd986ea,197.15
c52f8312c2838918e27865370a4a7fef1bd986ea,176.38
c52f8312c2838918e27865370a4a7fef1bd986ea,186.75
c52f8312c2838918e27865370a4a7fef1bd986ea,185.08
c52f8312c2838918e27865370a4a7fef1bd986ea,187.13
c52f8312c2838918e27865370a4a7fef1bd986ea,182.91
c52f8312c2838918e27865370a4a7fef1bd986ea,183.67
c52f8312c2838918e27865370a4a7fef1bd986ea,185.55
c52f8312c2838918e27865370a4a7fef1bd986ea,190.48
c52f8312c2838918e27865370a4a7fef1bd986ea,183.77
c52f8312c2838918e27865370a4a7fef1bd986ea,182.22
c52f8312c2838918e27865370a4a7fef1bd986ea,187.00
c52f8312c2838918e27865370a4a7fef1bd986ea,181.40
c52f8312c2838918e27865370a4a7fef1bd986ea,180.56
c52f8312c2838918e27865370a4a7fef1bd986ea,181.51
22405b7980ec56d4570c24eb1cda612d5f6775dd,187.72
22405b7980ec56d4570c24eb1cda612d5f6775dd,184.58
22405b7980ec56d4570c24eb1cda612d5f6775dd,177.72
22405b7980ec56d4570c24eb1cda612d5f6775dd,187.38
22405b7980ec56d4570c24eb1cda612d5f6775dd,183.86
22405b7980ec56d4570c24eb1cda612d5f6775dd,184.37
22405b7980ec56d4570c24eb1cda612d5f6775dd,182.61
22405b7980ec56d4570c24eb1cda612d5f6775dd,184.23
22405b7980ec56d4570c24eb1cda612d5f6775dd,185.57
22405b7980ec56d4570c24eb1cda612d5f6775dd,183.97
22405b7980ec56d4570c24eb1cda612d5f6775dd,179.05
22405b7980ec56d4570c24eb1cda612d5f6775dd,184.92
22405b7980ec56d4570c24eb1cda612d5f6775dd,192.48
22405b7980ec56d4570c24eb1cda612d5f6775dd,179.00
22405b7980ec56d4570c24eb1cda612d5f6775dd,180.79
6ea3c3676bc7f53636dd1db0b5e6937282473798,67.46
6ea3c3676bc7f53636dd1db0b5e6937282473798,69.77
6ea3c3676bc7f53636dd1db0b5e6937282473798,71.12
6ea3c3676bc7f53636dd1db0b5e6937282473798,67.73
6ea3c3676bc7f53636dd1db0b5e6937282473798,66.84
6ea3c3676bc7f53636dd1db0b5e6937282473798,70.70
6ea3c3676bc7f53636dd1db0b5e6937282473798,67.49
6ea3c3676bc7f53636dd1db0b5e6937282473798,71.64
6ea3c3676bc7f53636dd1db0b5e6937282473798,70.50
6ea3c3676bc7f53636dd1db0b5e6937282473798,73.58
6ea3c3676bc7f53636dd1db0b5e6937282473798,70.03
6ea3c3676bc7f53636dd1db0b5e6937282473798,71.58
6ea3c3676bc7f53636dd1db0b5e6937282473798,70.40
6ea3c3676bc7f53636dd1db0b5e6937282473798,67.07
6ea3c3676bc7f53636dd1db0b5e6937282473798,73.80
6e24d79eb0726ef97aa7e579195a650569894fe0,66.92
6e24d79eb0726ef97aa7e579195a650569894fe0,68.93
6e24d79eb0726ef97aa7e579195a650569894fe0,70.80
6e24d79eb0726ef97aa7e579195a650569894fe0,69.62
6e24d79eb0726ef97aa7e579195a650569894fe0,68.40
6e24d79eb0726ef97aa7e579195a650569894fe0,67.32
6e24d79eb0726ef97aa7e579195a650569894fe0,72.36
6e24d79eb0726ef97aa7e579195a650569894fe0,71.08
6e24d79eb0726ef97aa7e579195a650569894fe0,69.32
6e24d79eb0726ef97aa7e579195a650569894fe0,68.10
6e24d79eb0726ef97aa7e579195a650569894fe0,67.61
6e24d79eb0726ef97aa7e579195a650569894fe0,67.91
6e24d79eb0726ef97aa7e579195a650569894fe0,68.45
6e24d79eb0726ef97aa7e579195a650569894fe0,67.74
6e24d79eb0726ef97aa7e579195a650569894fe0,72.51
aa36135f58ada8c5198de0a541009357aa21db4e,67.10
aa36135f58ada8c5198de0a541009357aa21db4e,70.67
aa36135f58ada8c5198de0a541009357aa21db4e,68.33
aa36135f58ada8c5198de0a541009357aa21db4e,71.47
aa36135f58ada8c5198de0a541009357aa21db4e,70.63
aa36135f58ada8c5198de0a541009357aa21db4e,65.88
aa36135f58ada8c5198de0a541009357aa21db4e,70.50
aa36135f58ada8c5198de0a541009357aa21db4e,71.16
aa36135f58ada8c5198de0a541009357aa21db4e,68.93
aa36135f58ada8c5198de0a541009357aa21db4e,68.41
aa36135f58ada8c5198de0a541009357aa21db4e,70.79
aa36135f58ada8c5198de0a541009357aa21db4e,70.97
aa36135f58ada8c5198de0a541009357aa21db4e,67.84
aa36135f58ada8c5198de0a541009357aa21db4e,71.21
aa36135f58ada8c5198de0a541009357aa21db4e,70.92
c0b275361ce8409f85de3573d89f6a617f0084d5,66.06
c0b275361ce8409f85de3573d89f6a617f0084d5,67.67
c0b275361ce8409f85de3573d89f6a617f0084d5,71.49
c0b275361ce8409f85de3573d89f6a617f0084d5,66.49
c0b275361ce8409f85de3573d89f6a617f0084d5,71.68
c0b275361ce8409f85de3573d89f6a617f0084d5,71.03
c0b275361ce8409f85de3573d89f6a617f0084d5,69.73
c0b275361ce8409f85de3573d89f6a617f0084d5,69.66
c0b275361ce8409f85de3573d89f6a617f0084d5,69.64
c0b275361ce8409f85de3573d89f6a617f0084d5,71.48
c0b275361ce8409f85de3573d89f6a617f0084d5,66.06
c0b275361ce8409f85de3573d89f6a617f0084d5,70.82
c0b275361ce8409f85de3573d89f6a617f0084d5,72.19
c0b275361ce8409f85de3573d89f6a617f0084d5,72.74
c0b275361ce8409f85de3573d89f6a617f0084d5,73.21
28a4591949d5cb7d6c59a1dcfa5ee83048ad139a,70.54
28a4591949d5cb7d6c59a1dcfa5ee83048ad139a,65.03
28a4591949d5cb7d6c59a1dcfa5ee83048ad139a,69.92
28a4591949d5cb7d6c59a1dcfa5ee83048ad139a,67.68
28a4591949d5cb7d6c59a1dcfa5ee83048ad139a,68.49
28a4591949d5cb7d6c59a1dcfa5ee83048ad139a,71.04
28a4591949d5cb7d6c59a1dcfa5ee83048ad139a,71.50
28a4591949d5cb7d6c59a1dcfa5ee83048ad139a,72.81
28a4591949d5cb7d6c59a1dcfa5ee83048ad139a,70.66
28a4591949d5cb7d6c59a1dcfa5ee83048ad139a,68.73
28a4591949d5cb7d6c59a1dcfa5ee83048ad139a,66.67
28a4591949d5cb7d6c59a1dcfa5ee83048ad139a,71.19
28a4591949d5cb7d6c59a1dcfa5ee83048ad139a,69.69
28a4591949d5cb7d6c59a1dcfa5ee83048ad139a,72.10
28a4591949d5cb7d6c59a1dcfa5ee83048ad139a,71.34
ee53143738f61fe9e85daf4fa5e4ebe00830caf0,179.43
ee53143738f61fe9e85daf4fa5e4ebe00830caf0,184.31
ee53143738f61fe9e85daf4fa5e4ebe00830caf0,194.09
ee53143738f61fe9e85daf4fa5e4ebe00830caf0,181.87
ee53143738f61fe9e85daf4fa5e4ebe00830caf0,191.18
ee53143738f61fe9e85daf4fa5e4ebe00830caf0,190.18
ee53143738f61fe9e85daf4fa5e4ebe00830caf0,187.47
ee53143738f61fe9e85daf4fa5e4ebe00830caf0,187.04
ee53143738f61fe9e85daf4fa5e4ebe00830caf0,187.41
ee53143738f61fe9e85daf4fa5e4ebe00830caf0,189.47
ee53143738f61fe9e85daf4fa5e4ebe00830caf0,186.02
ee53143738f61fe9e85daf4fa5e4ebe00830caf0,185.61
ee53143738f61fe9e85daf4fa5e4ebe00830caf0,180.72
ee53143738f61fe9e85daf4fa5e4ebe00830caf0,182.89
ee53143738f61fe9e85daf4fa5e4ebe00830caf0,185.91
62f5035bc6b466f59231c59a7ed414db8783c0c3,182.01
62f5035bc6b466f59231c59a7ed414db8783c0c3,184.76
62f5035bc6b466f59231c59a7ed414db8783c0c3,179.09
62f5035bc6b466f59231c59a7ed414db8783c0c3,182.93
62f5035bc6b466f59231c59a7ed414db8783c0c3,185.14
62f5035bc6b466f59231c59a7ed414db8783c0c3,188.70
62f5035bc6b466f59231c59a7ed414db8783c0c3,183.28
62f5035bc6b466f59231c59a7ed414db8783c0c3,183.97
62f5035bc6b466f59231c59a7ed414db8783c0c3,183.75
62f5035bc6b466f59231c59a7ed414db8783c0c3,183.31
62f5035bc6b466f59231c59a7ed414db8783c0c3,190.64
62f5035bc6b466f59231c59a7ed414db8783c0c3,186.99
62f5035bc6b466f59231c59a7ed414db8783c0c3,185.91
62f5035bc6b466f59231c59a7ed414db8783c0c3,185.54
62f5035bc6b466f59231c59a7ed414db8783c0c3,187.12
2ccd3f886857d2189254aaa198c8257dacd6964c,187.23
2ccd3f886857d2189254aaa198c8257dacd6964c,186.81
2ccd3f886857d2189254aaa198c8257dacd6964c,183.85
2ccd3f886857d2189254aaa198c8257dacd6964c,188.73
2ccd3f886857d2189254aaa198c8257dacd6964c,186.37
2ccd3f886857d2189254aaa198c8257dacd6964c,182.13
2ccd3f886857d2189254aaa198c8257dacd6964c,188.81
2ccd3f886857d2189254aaa198c8257dacd6964c,183.38
2ccd3f886857d2189254aaa198c8257dacd6964c,186.49
2ccd3f886857d2189254aaa198c8257dacd6964c,187.77
2ccd3f886857d2189254aaa198c8257dacd6964c,197.48
2ccd3f886857d2189254aaa198c8257dacd6964c,182.51
2ccd3f886857d2189254aaa198c8257dacd6964c,188.07
2ccd3f886857d2189254aaa198c8257dacd6964c,189.82
2ccd3f886857d2189254aaa198c8257dacd6964c,186.41
6e3c98c4a578fb7910241e72a5a33014bb8e85f1,188.11
6e3c98c4a578fb7910241e72a5a33014bb8e85f1,184.19
6e3c98c4a578fb7910241e72a5a33014bb8e85f1,183.33
6e3c98c4a578fb7910241e72a5a33014bb8e85f1,183.78
6e3c98c4a578fb7910241e72a5a33014bb8e85f1,194.71
6e3c98c4a578fb7910241e72a5a33014bb8e85f1,188.33
6e3c98c4a578fb7910241e72a5a33014bb8e85f1,184.57
6e3c98c4a578fb7910241e72a5a33014bb8e85f1,180.34
6e3c98c4a578fb7910241e72a5a33014bb8e85f1,184.63
6e3c98c4a578fb7910241e72a5a33014bb8e85f1,186.72
6e3c98c4a578fb7910241e72a5a33014bb8e85f1,189.77
6e3c98c4a578fb7910241e72a5a33014bb8e85f1,188.22
6e3c98c4a578fb7910241e72a5a33014bb8e85f1,187.84
6e3c98c4a578fb7910241e72a5a33014bb8e85f1,187.97
6e3c98c4a578fb7910241e72a5a33014bb8e85f1,186.28
27b656744b273eca3f43111fe20cc15aa978e52d,181.53
27b656744b273eca3f43111fe20cc15aa978e52d,185.15
27b656744b273eca3f43111fe20cc15aa978e52d,186.35
27b656744b273eca3f43111fe20cc15aa978e52d,189.00
27b656744b273eca3f43111fe20cc15aa978e52d,187.69
27b656744b273eca3f43111fe20cc15aa978e52d,190.45
27b656744b273eca3f43111fe20cc15aa978e52d,183.07
27b656744b273eca3f43111fe20cc15aa978e52d,180.41
27b656744b273eca3f43111fe20cc15aa978e52d,186.90
27b656744b273eca3f43111fe20cc15aa978e52d,188.43
27b656744b273eca3f43111fe20cc15aa978e52d,180.49
27b656744b273eca3f43111fe20cc15aa978e52d,188.90
27b656744b273eca3f43111fe20cc15aa978e52d,184.12
27b656744b273eca3f43111fe20cc15aa978e52d,188.37
27b656744b273eca3f43111fe20cc15aa978e52d,182.12
a4edbe03d1eee65f19c8727b1356763523438d09,185.63
a4edbe03d1eee65f19c8727b1356763523438d09,178.28
a4edbe03d1eee65f19c8727b1356763523438d09,191.29
a4edbe03d1eee65f19c8727b1356763523438d09,181.66
a4edbe03d1eee65f19c8727b1356763523438d09,187.17
a4edbe03d1eee65f19c8727b1356763523438d09,189.92
a4edbe03d1eee65f19c8727b1356763523438d09,182.10
a4edbe03d1eee65f19c8727b1356763523438d09,184.28
a4edbe03d1eee65f19c8727b1356763523438d09,191.53
a4edbe03d1eee65f19c8727b1356763523438d09,189.91
a4edbe03d1eee65f19c8727b1356763523438d09,188.36
a4edbe03d1eee65f19c8727b1356763523438d09,183.22
a4edbe03d1eee65f19c8727b1356763523438d09,186.26
a4edbe03d1eee65f19c8727b1356763523438d09,187.79
a4edbe03d1eee65f19c8727b1356763523438d09,183.23
02bb8a90cad36fe00cf5887a2924df658b084ff5,182.76
02bb8a90cad36fe00cf5887a2924df658b084ff5,188.49
02bb8a90cad36fe00cf5887a2924df658b084ff5,188.52
02bb8a90cad36fe00cf5887a2924df658b084ff5,185.86
02bb8a90cad36fe00cf5887a2924df658b084ff5,186.74
02bb8a90cad36fe00cf5887a2924df658b084ff5,187.16
02bb8a90cad36fe00cf5887a2924df658b084ff5,180.66
02bb8a90cad36fe00cf5887a2924df658b084ff5,186.03
02bb8a90cad36fe00cf5887a2924df658b084ff5,190.73
02bb8a90cad36fe00cf5887a2924df658b084ff5,188.35
02bb8a90cad36fe00cf5887a2924df658b084ff5,186.97
02bb8a90cad36fe00cf5887a2924df658b084ff5,184.16
02bb8a90cad36fe00cf5887a2924df658b084ff5,186.77
02bb8a90cad36fe00cf5887a2924df658b084ff5,192.01
02bb8a90cad36fe00cf5887a2924df658b084ff5,186.43
dc33b400cea01d76905ddadc12e5125427cbc264,182.03
dc33b400cea01d76905ddadc12e5125427cbc264,179.75
dc33b400cea01d76905ddadc12e5125427cbc264,184.89
dc33b400cea01d76905ddadc12e5125427cbc264,182.40
dc33b400cea01d76905ddadc12e5125427cbc264,183.76
dc33b400cea01d76905ddadc12e5125427cbc264,181.84
dc33b400cea01d76905ddadc12e5125427cbc264,187.59
dc33b400cea01d76905ddadc12e5125427cbc264,188.95
dc33b400cea01d76905ddadc12e5125427cbc264,186.00
dc33b400cea01d76905ddadc12e5125427cbc264,185.91
dc33b400cea01d76905ddadc12e5125427cbc264,180.27
dc33b400cea01d76905ddadc12e5125427cbc264,185.41
dc33b400cea01d76905ddadc12e5125427cbc264,190.73
dc33b400cea01d76905ddadc12e5125427cbc264,182.21
dc33b400cea01d76905ddadc12e5125427cbc264,187.77
9edccb17aec39e0c4d1182dac88b91c634fdf456,179.39
9edccb17aec39e0c4d1182dac88b91c634fdf456,180.58
9edccb17aec39e0c4d1182dac88b91c634fdf456,188.55
9edccb17aec39e0c4d1182dac88b91c634fdf456,181.64
9edccb17aec39e0c4d1182dac88b91c634fdf456,178.93
9edccb17aec39e0c4d1182dac88b91c634fdf456,182.17
9edccb17aec39e0c4d1182dac88b91c634fdf456,189.71
9edccb17aec39e0c4d1182dac88b91c634fdf456,187.89
9edccb17aec39e0c4d1182dac88b91c634fdf456,180.51
9edccb17aec39e0c4d1182dac88b91c634fdf456,183.92
9edccb17aec39e0c4d1182dac88b91c634fdf456,182.11
9edccb17aec39e0c4d1182dac88b91c634fdf456,188.56
9edccb17aec39e0c4d1182dac88b91c634fdf456,183.17
9edccb17aec39e0c4d1182dac88b91c634fdf456,182.96
9edccb17aec39e0c4d1182dac88b91c634fdf456,183.26
4df2bcd184dcf33f145c1ab3f3a11cd789546a14,183.07
4df2bcd184dcf33f145c1ab3f3a11cd789546a14,183.73
4df2bcd184dcf33f145c1ab3f3a11cd789546a14,185.75
4df2bcd184dcf33f145c1ab3f3a11cd789546a14,186.77
4df2bcd184dcf33f145c1ab3f3a11cd789546a14,187.82
4df2bcd184dcf33f145c1ab3f3a11cd789546a14,187.27
4df2bcd184dcf33f145c1ab3f3a11cd789546a14,184.03
4df2bcd184dcf33f145c1ab3f3a11cd789546a14,184.88
4df2bcd184dcf33f145c1ab3f3a11cd789546a14,178.38
4df2bcd184dcf33f145c1ab3f3a11cd789546a14,182.42
4df2bcd184dcf33f145c1ab3f3a11cd789546a14,184.27
4df2bcd184dcf33f145c1ab3f3a11cd789546a14,190.36
4df2bcd184dcf33f145c1ab3f3a11cd789546a14,185.93
4df2bcd184dcf33f145c1ab3f3a11cd789546a14,187.96
4df2bcd184dcf33f145c1ab3f3a11cd789546a14,190.63
e8ae03d25c0bd50d433fbf493834484b068e5479,182.04
e8ae03d25c0bd50d433fbf493834484b068e5479,184.46
e8ae03d25c0bd50d433fbf493834484b068e5479,181.54
e8ae03d25c0bd50d433fbf493834484b068e5479,187.63
e8ae03d25c0bd50d433fbf493834484b068e5479,182.20
e8ae03d25c0bd50d433fbf493834484b068e5479,185.27
e8ae03d25c0bd50d433fbf493834484b068e5479,185.00
e8ae03d25c0bd50d433fbf493834484b068e5479,182.36
e8ae03d25c0bd50d433fbf493834484b068e5479,190.74
e8ae03d25c0bd50d433fbf493834484b068e5479,180.29
e8ae03d25c0bd50d433fbf493834484b068e5479,184.27
e8ae03d25c0bd50d433fbf493834484b068e5479,189.14
e8ae03d25c0bd50d433fbf493834484b068e5479,187.86
e8ae03d25c0bd50d433fbf493834484b068e5479,187.36
e8ae03d25c0bd50d433fbf493834484b068e5479,185.72
d45098eb5657e83880476fd1f7ff257f0ba6b59c,188.14
d45098eb5657e83880476fd1f7ff257f0ba6b59c,181.69
d45098eb5657e83880476fd1f7ff257f0ba6b59c,185.45
d45098eb5657e83880476fd1f7ff257f0ba6b59c,188.53
d45098eb5657e83880476fd1f7ff257f0ba6b59c,185.58
d45098eb5657e83880476fd1f7ff257f0ba6b59c,187.65
d45098eb5657e83880476fd1f7ff257f0ba6b59c,183.84
d45098eb5657e83880476fd1f7ff257f0ba6b59c,185.13
d45098eb5657e83880476fd1f7ff257f0ba6b59c,188.23
d45098eb5657e83880476fd1f7ff257f0ba6b59c,191.31
d45098eb5657e83880476fd1f7ff257f0ba6b59c,185.09
d45098eb5657e83880476fd1f7ff257f0ba6b59c,185.82
d45098eb5657e83880476fd1f7ff257f0ba6b59c,188.26
d45098eb5657e83880476fd1f7ff257f0ba6b59c,187.43
d45098eb5657e83880476fd1f7ff257f0ba6b59c,186.14
ee05221daeba68e00fb452341b13dd6520334630,186.16
ee05221daeba68e00fb452341b13dd6520334630,187.33
ee05221daeba68e00fb452341b13dd6520334630,184.04
ee05221daeba68e00fb452341b13dd6520334630,187.23
ee05221daeba68e00fb452341b13dd6520334630,184.55
ee05221daeba68e00fb452341b13dd6520334630,182.47
ee05221daeba68e00fb452341b13dd6520334630,188.50
ee05221daeba68e00fb452341b13dd6520334630,189.16
ee05221daeba68e00fb452341b13dd6520334630,187.12
ee05221daeba68e00fb452341b13dd6520334630,187.51
ee05221daeba68e00fb452341b13dd6520334630,186.62
ee05221daeba68e00fb452341b13dd6520334630,192.63
ee05221daeba68e00fb452341b13dd6520334630,184.95
ee05221daeba68e00fb452341b13dd6520334630,180.08
ee05221daeba68e00fb452341b13dd6520334630,190.90
a7c07d968dd76c24cea805363f00550a84e15533,183.59
a7c07d968dd76c24cea805363f00550a84e15533,181.24
a7c07d968dd76c24cea805363f00550a84e15533,188.98
a7c07d968dd76c24cea805363f00550a84e15533,183.08
a7c07d968dd76c24cea805363f00550a84e15533,194.32
a7c07d968dd76c24cea805363f00550a84e15533,187.71
a7c07d968dd76c24cea805363f00550a84e15533,189.49
a7c07d968dd76c24cea805363f00550a84e15533,190.35
a7c07d968dd76c24cea805363f00550a84e15533,187.74
a7c07d968dd76c24cea805363f00550a84e15533,180.92
a7c07d968dd76c24cea805363f00550a84e15533,186.42
a7c07d968dd76c24cea805363f00550a84e15533,190.15
a7c07d968dd76c24cea805363f00550a84e15533,184.69
a7c07d968dd76c24cea805363f00550a84e15533,181.85
a7c07d968dd76c24cea805363f00550a84e15533,188.13
457aea0619e1dad63e03a8b7b7a61d030d5ec946,181.45
457aea0619e1dad63e03a8b7b7a61d030d5ec946,179.69
457aea0619e1dad63e03a8b7b7a61d030d5ec946,185.88
457aea0619e1dad63e03a8b7b7a61d030d5ec946,190.45
457aea0619e1dad63e03a8b7b7a61d030d5ec946,185.28
457aea0619e1dad63e03a8b7b7a61d030d5ec946,186.89
457aea0619e1dad63e03a8b7b7a61d030d5ec946,190.59
457aea0619e1dad63e03a8b7b7a61d030d5ec946,189.26
457aea0619e1dad63e03a8b7b7a61d030d5ec946,187.75
457aea0619e1dad63e03a8b7b7a61d030d5ec946,187.87
457aea0619e1dad63e03a8b7b7a61d030d5ec946,188.60
457aea0619e1dad63e03a8b7b7a61d030d5ec946,187.00
457aea0619e1dad63e03a8b7b7a61d030d5ec946,191.25
457aea0619e1dad63e03a8b7b7a61d030d5ec946,185.89
457aea0619e1dad63e03a8b7b7a61d030d5ec946,189.28
4dc96506ca76074e59341cf1e7ef46450baf777a,183.02
4dc96506ca76074e59341cf1e7ef46450baf777a,183.47
4dc96506ca76074e59341cf1e7ef46450baf777a,183.32
4dc96506ca76074e59341cf1e7ef46450baf777a,183.43
4dc96506ca76074e59341cf1e7ef46450baf777a,189.31
4dc96506ca76074e59341cf1e7ef46450baf777a,181.34
4dc96506ca76074e59341cf1e7ef46450baf777a,189.73
4dc96506ca76074e59341cf1e7ef46450baf777a,183.50
4dc96506ca76074e59341cf1e7ef46450baf777a,187.50
4dc96506ca76074e59341cf1e7ef46450baf777a,186.87
4dc96506ca76074e59341cf1e7ef46450baf777a,187.07
4dc96506ca76074e59341cf1e7ef46450baf777a,185.48
4dc96506ca76074e59341cf1e7ef46450baf777a,190.50
4dc96506ca76074e59341cf1e7ef46450baf777a,183.72
4dc96506ca76074e59341cf1e7ef46450baf777a,185.17
5727d18a04df73982ce8e6d77e965cb768cfee7d,181.78
5727d18a04df73982ce8e6d77e965cb768cfee7d,182.14
5727d18a04df73982ce8e6d77e965cb768cfee7d,184.70
5727d18a04df73982ce8e6d77e965cb768cfee7d,184.92
5727d18a04df73982ce8e6d77e965cb768cfee7d,186.41
5727d18a04df73982ce8e6d77e965cb768cfee7d,190.33
5727d18a04df73982ce8e6d77e965cb768cfee7d,184.65
5727d18a04df73982ce8e6d77e965cb768cfee7d,188.77
5727d18a04df73982ce8e6d77e965cb768cfee7d,183.72
5727d18a04df73982ce8e6d77e965cb768cfee7d,186.87
5727d18a04df73982ce8e6d77e965cb768cfee7d,188.41
5727d18a04df73982ce8e6d77e965cb768cfee7d,184.01
5727d18a04df73982ce8e6d77e965cb768cfee7d,188.32
5727d18a04df73982ce8e6d77e965cb768cfee7d,202.50
5727d18a04df73982ce8e6d77e965cb768cfee7d,188.51
1350463cd819c924497f1cc260ab0096ea270e34,189.51
1350463cd819c924497f1cc260ab0096ea270e34,186.77
1350463cd819c924497f1cc260ab0096ea270e34,186.57
1350463cd819c924497f1cc260ab0096ea270e34,183.97
1350463cd819c924497f1cc260ab0096ea270e34,191.40
1350463cd819c924497f1cc260ab0096ea270e34,191.50
1350463cd819c924497f1cc260ab0096ea270e34,182.70
1350463cd819c924497f1cc260ab0096ea270e34,187.32
1350463cd819c924497f1cc260ab0096ea270e34,188.52
1350463cd819c924497f1cc260ab0096ea270e34,189.33
1350463cd819c924497f1cc260ab0096ea270e34,182.23
1350463cd819c924497f1cc260ab0096ea270e34,192.59
1350463cd819c924497f1cc260ab0096ea270e34,185.08
1350463cd819c924497f1cc260ab0096ea270e34,185.43
1350463cd819c924497f1cc260ab0096ea270e34,190.18
532b79a61ae8191e2927c59300af68d18a54aa4e,189.08
532b79a61ae8191e2927c59300af68d18a54aa4e,182.89
532b79a61ae8191e2927c59300af68d18a54aa4e,188.52
532b79a61ae8191e2927c59300af68d18a54aa4e,192.59
532b79a61ae8191e2927c59300af68d18a54aa4e,185.24
532b79a61ae8191e2927c59300af68d18a54aa4e,190.21
532b79a61ae8191e2927c59300af68d18a54aa4e,184.25
532b79a61ae8191e2927c59300af68d18a54aa4e,185.59
532b79a61ae8191e2927c59300af68d18a54aa4e,182.19
532b79a61ae8191e2927c59300af68d18a54aa4e,188.11
532b79a61ae8191e2927c59300af68d18a54aa4e,190.99
532b79a61ae8191e2927c59300af68d18a54aa4e,186.32
532b79a61ae8191e2927c59300af68d18a54aa4e,186.06
532b79a61ae8191e2927c59300af68d18a54aa4e,187.37
532b79a61ae8191e2927c59300af68d18a54aa4e,184.91
1c5071f150d20b17e47707c6db72e72fa299be15,208.43
1c5071f150d20b17e47707c6db72e72fa299be15,209.69
1c5071f150d20b17e47707c6db72e72fa299be15,200.21
1c5071f150d20b17e47707c6db72e72fa299be15,208.60
1c5071f150d20b17e47707c6db72e72fa299be15,209.98
1c5071f150d20b17e47707c6db72e72fa299be15,209.84
1c5071f150d20b17e47707c6db72e72fa299be15,202.50
1c5071f150d20b17e47707c6db72e72fa299be15,211.47
1c5071f150d20b17e47707c6db72e72fa299be15,216.02
1c5071f150d20b17e47707c6db72e72fa299be15,211.67
1c5071f150d20b17e47707c6db72e72fa299be15,217.57
1c5071f150d20b17e47707c6db72e72fa299be15,210.10
1c5071f150d20b17e47707c6db72e72fa299be15,206.29
1c5071f150d20b17e47707c6db72e72fa299be15,205.02
1c5071f150d20b17e47707c6db72e72fa299be15,219.42
c2ef8e9785d814fcb2b805df120a99036267ed81,203.93
c2ef8e9785d814fcb2b805df120a99036267ed81,216.52
c2ef8e9785d814fcb2b805df120a99036267ed81,213.93
c2ef8e9785d814fcb2b805df120a99036267ed81,209.56
c2ef8e9785d814fcb2b805df120a99036267ed81,206.01
c2ef8e9785d814fcb2b805df120a99036267ed81,207.90
c2ef8e9785d814fcb2b805df120a99036267ed81,219.68
c2ef8e9785d814fcb2b805df120a99036267ed81,204.34
c2ef8e9785d814fcb2b805df120a99036267ed81,209.54
c2ef8e9785d814fcb2b805df120a99036267ed81,209.14
c2ef8e9785d814fcb2b805df120a99036267ed81,208.22
c2ef8e9785d814fcb2b805df120a99036267ed81,216.52
c2ef8e9785d814fcb2b805df120a99036267ed81,205.62
c2ef8e9785d814fcb2b805df120a99036267ed81,211.85
c2ef8e9785d814fcb2b805df120a99036267ed81,215.72
b482e0081bf51e4d6f94393fef4d1dc743fe41dd,207.71
b482e0081bf51e4d6f94393fef4d1dc743fe41dd,211.17
b482e0081bf51e4d6f94393fef4d1dc743fe41dd,214.23
b482e0081bf51e4d6f94393fef4d1dc743fe41dd,208.97
b482e0081bf51e4d6f94393fef4d1dc743fe41dd,212.83
b482e0081bf51e4d6f94393fef4d1dc743fe41dd,204.71
b482e0081bf51e4d6f94393fef4d1dc743fe41dd,211.54
b482e0081bf51e4d6f94393fef4d1dc743fe41dd,212.97
b482e0081bf51e4d6f94393fef4d1dc743fe41dd,204.80
b482e0081bf51e4d6f94393fef4d1dc743fe41dd,204.63
b482e0081bf51e4d6f94393fef4d1dc743fe41dd,209.78
b482e0081bf51e4d6f94393fef4d1dc743fe41dd,212.40
b482e0081bf51e4d6f94393fef4d1dc743fe41dd,207.37
b482e0081bf51e4d6f94393fef4d1dc743fe41dd,209.77
b482e0081bf51e4d6f94393fef4d1dc743fe41dd,203.05
50576455fd4f244375d05b029c25b3b17edfbb74,206.76
50576455fd4f244375d05b029c25b3b17edfbb74,208.96
50576455fd4f244375d05b029c25b3b17edfbb74,207.21
50576455fd4f244375d05b029c25b3b17edfbb74,216.54
50576455fd4f244375d05b029c25b3b17edfbb74,217.43
50576455fd4f244375d05b029c25b3b17edfbb74,202.93
50576455fd4f244375d05b029c25b3b17edfbb74,208.78
50576455fd4f244375d05b029c25b3b17edfbb74,204.10
50576455fd4f244375d05b029c25b3b17edfbb74,216.91
50576455fd4f244375d05b029c25b3b17edfbb74,204.00
50576455fd4f244375d05b029c25b3b17edfbb74,209.13
50576455fd4f244375d05b029c25b3b17edfbb74,211.89
50576455fd4f244375d05b029c25b3b17edfbb74,220.07
50576455fd4f244375d05b029c25b3b17edfbb74,207.90
50576455fd4f244375d05b029c25b3b17edfbb74,213.74
1a0ba6a331a2776ae56d0111481f4b25e67bb1a5,212.78
1a0ba6a331a2776ae56d0111481f4b25e67bb1a5,202.79
1a0ba6a331a2776ae56d0111481f4b25e67bb1a5,206.59
1a0ba6a331a2776ae56d0111481f4b25e67bb1a5,213.20
1a0ba6a331a2776ae56d0111481f4b25e67bb1a5,212.52
1a0ba6a331a2776ae56d0111481f4b25e67bb1a5,216.51
1a0ba6a331a2776ae56d0111481f4b25e67bb1a5,207.43
1a0ba6a331a2776ae56d0111481f4b25e67bb1a5,210.47
1a0ba6a331a2776ae56d0111481f4b25e67bb1a5,206.60
1a0ba6a331a2776ae56d0111481f4b25e67bb1a5,213.07
1a0ba6a331a2776ae56d0111481f4b25e67bb1a5,200.62
1a0ba6a331a2776ae56d0111481f4b25e67bb1a5,209.48
1a0ba6a331a2776ae56d0111481f4b25e67bb1a5,208.27
1a0ba6a331a2776ae56d0111481f4b25e67bb1a5,218.33
1a0ba6a331a2776ae56d0111481f4b25e67bb1a5,214.76
fbd74e726108934eb7002a24aeef60c589eafdef,204.53
fbd74e726108934eb7002a24aeef60c589eafdef,209.55
fbd74e726108934eb7002a24aeef60c589eafdef,205.96
fbd74e726108934eb7002a24aeef60c589eafdef,216.71
fbd74e726108934eb7002a24aeef60c589eafdef,213.61
fbd74e726108934eb7002a24aeef60c589eafdef,211.89
fbd74e726108934eb7002a24aeef60c589eafdef,215.02
fbd74e726108934eb7002a24aeef60c589eafdef,210.47
fbd74e726108934eb7002a24aeef60c589eafdef,202.36
fbd74e726108934eb7002a24aeef60c589eafdef,211.40
fbd74e726108934eb7002a24aeef60c589eafdef,206.97
fbd74e726108934eb7002a24aeef60c589eafdef,206.54
fbd74e726108934eb7002a24aeef60c589eafdef,216.30
fbd74e726108934eb7002a24aeef60c589eafdef,217.03
fbd74e726108934eb7002a24aeef60c589eafdef,218.60
3afde5830e5bc811dfaf214be86652e2c1f95489,217.40
3afde5830e5bc811dfaf214be86652e2c1f95489,200.86
3afde5830e5bc811dfaf214be86652e2c1f95489,211.48
3afde5830e5bc811dfaf214be86652e2c1f95489,211.94
3afde5830e5bc811dfaf214be86652e2c1f95489,216.60
3afde5830e5bc811dfaf214be86652e2c1f95489,199.36
3afde5830e5bc811dfaf214be86652e2c1f95489,217.02
3afde5830e5bc811dfaf214be86652e2c1f95489,212.49
3afde5830e5bc811dfaf214be86652e2c1f95489,213.42
3afde5830e5bc811dfaf214be86652e2c1f95489,206.00
3afde5830e5bc811dfaf214be86652e2c1f95489,213.91
3afde5830e5bc811dfaf214be86652e2c1f95489,205.93
3afde5830e5bc811dfaf214be86652e2c1f95489,218.56
3afde5830e5bc811dfaf214be86652e2c1f95489,210.97
3afde5830e5bc811dfaf214be86652e2c1f95489,219.38
032f021538a1cca90278c2cdf5321c95b7b61083,209.15
032f021538a1cca90278c2cdf5321c95b7b61083,208.22
032f021538a1cca90278c2cdf5321c95b7b61083,205.01
032f021538a1cca90278c2cdf5321c95b7b61083,212.89
032f021538a1cca90278c2cdf5321c95b7b61083,206.18
032f021538a1cca90278c2cdf5321c95b7b61083,212.34
032f021538a1cca90278c2cdf5321c95b7b61083,218.98
032f021538a1cca90278c2cdf5321c95b7b61083,209.21
032f021538a1cca90278c2cdf5321c95b7b61083,209.54
032f021538a1cca90278c2cdf5321c95b7b61083,215.68
032f021538a1cca90278c2cdf5321c95b7b61083,213.35
032f021538a1cca90278c2cdf5321c95b7b61083,215.25
032f021538a1cca90278c2cdf5321c95b7b61083,210.34
032f021538a1cca90278c2cdf5321c95b7b61083,207.30
032f021538a1cca90278c2cdf5321c95b7b61083,219.21
21b01b258952fd6aeb55d061f98321e5b9fe93e0,204.92
21b01b258952fd6aeb55d061f98321e5b9fe93e0,216.45
21b01b258952fd6aeb55d061f98321e5b9fe93e0,211.59
21b01b258952fd6aeb55d061f98321e5b9fe93e0,209.79
21b01b258952fd6aeb55d061f98321e5b9fe93e0,216.08
21b01b258952fd6aeb55d061f98321e5b9fe93e0,213.11
21b01b258952fd6aeb55d061f98321e5b9fe93e0,219.51
21b01b258952fd6aeb55d061f98321e5b9fe93e0,212.80
21b01b258952fd6aeb55d061f98321e5b9fe93e0,213.22
21b01b258952fd6aeb55d061f98321e5b9fe93e0,219.23
21b01b258952fd6aeb55d061f98321e5b9fe93e0,214.02
21b01b258952fd6aeb55d061f98321e5b9fe93e0,213.40
21b01b258952fd6aeb55d061f98321e5b9fe93e0,221.20
21b01b258952fd6aeb55d061f98321e5b9fe93e0,218.28
21b01b258952fd6aeb55d061f98321e5b9fe93e0,212.93
42d77caa66546bfeb4451b0061c74569e3100815,209.12
42d77caa66546bfeb4451b0061c74569e3100815,219.91
42d77caa66546bfeb4451b0061c74569e3100815,209.10
42d77caa66546bfeb4451b0061c74569e3100815,205.37
42d77caa66546bfeb4451b0061c74569e3100815,212.89
42d77caa66546bfeb4451b0061c74569e3100815,216.91
42d77caa66546bfeb4451b0061c74569e3100815,213.78
42d77caa66546bfeb4451b0061c74569e3100815,216.05
42d77caa66546bfeb4451b0061c74569e3100815,215.30
42d77caa66546bfeb4451b0061c74569e3100815,214.83
42d77caa66546bfeb4451b0061c74569e3100815,214.44
42d77caa66546bfeb4451b0061c74569e3100815,217.26
42d77caa66546bfeb4451b0061c74569e3100815,215.88
42d77caa66546bfeb4451b0061c74569e3100815,217.82
42d77caa66546bfeb4451b0061c74569e3100815,212.41
165b3c8225eaed0dd3bff1284375b1ff4340c9ad,215.46
165b3c8225eaed0dd3bff1284375b1ff4340c9ad,205.96
165b3c8225eaed0dd3bff1284375b1ff4340c9ad,215.00
165b3c8225eaed0dd3bff1284375b1ff4340c9ad,212.11
165b3c8225eaed0dd3bff1284375b1ff4340c9ad,218.76
165b3c8225eaed0dd3bff1284375b1ff4340c9ad,209.79
165b3c8225eaed0dd3bff1284375b1ff4340c9ad,221.01
165b3c8225eaed0dd3bff1284375b1ff4340c9ad,214.50
165b3c8225eaed0dd3bff1284375b1ff4340c9ad,218.17
165b3c8225eaed0dd3bff1284375b1ff4340c9ad,222.87
165b3c8225eaed0dd3bff1284375b1ff4340c9ad,211.95
165b3c8225eaed0dd3bff1284375b1ff4340c9ad,213.16
165b3c8225eaed0dd3bff1284375b1ff4340c9ad,211.63
165b3c8225eaed0dd3bff1284375b1ff4340c9ad,210.03
165b3c8225eaed0dd3bff1284375b1ff4340c9ad,207.55
ec03d27474df95abcf36e038e1c98997f57096e0,212.36
ec03d27474df95abcf36e038e1c98997f57096e0,212.19
ec03d27474df95abcf36e038e1c98997f57096e0,209.30
ec03d27474df95abcf36e038e1c98997f57096e0,205.61
ec03d27474df95abcf36e038e1c98997f57096e0,221.32
ec03d27474df95abcf36e038e1c98997f57096e0,217.86
ec03d27474df95abcf36e038e1c98997f57096e0,220.72
ec03d27474df95abcf36e038e1c98997f57096e0,212.37
ec03d27474df95abcf36e038e1c98997f57096e0,209.15
ec03d27474df95abcf36e038e1c98997f57096e0,213.20
ec03d27474df95abcf36e038e1c98997f57096e0,219.48
ec03d27474df95abcf36e038e1c98997f57096e0,223.86
ec03d27474df95abcf36e038e1c98997f57096e0,209.04
ec03d27474df95abcf36e038e1c98997f57096e0,215.24
ec03d27474df95abcf36e038e1c98997f57096e0,208.32
90fd58cdaee35d4e9b4b9a405bf155be12b02b0b,202.25
90fd58cdaee35d4e9b4b9a405bf155be12b02b0b,219.42
90fd58cdaee35d4e9b4b9a405bf155be12b02b0b,212.22
90fd58cdaee35d4e9b4b9a405bf155be12b02b0b,212.10
90fd58cdaee35d4e9b4b9a405bf155be12b02b0b,219.16
90fd58cdaee35d4e9b4b9a405bf155be12b02b0b,219.51
90fd58cdaee35d4e9b4b9a405bf155be12b02b0b,217.12
90fd58cdaee35d4e9b4b9a405bf155be12b02b0b,221.36
90fd58cdaee35d4e9b4b9a405bf155be12b02b0b,214.36
90fd58cdaee35d4e9b4b9a405bf155be12b02b0b,219.51
90fd58cdaee35d4e9b4b9a405bf155be12b02b0b,206.52
90fd58cdaee35d4e9b4b9a405bf155be12b02b0b,209.55
90fd58cdaee35d4e9b4b9a405bf155be12b02b0b,207.90
90fd58cdaee35d4e9b4b9a405bf155be12b02b0b,223.26
90fd58cdaee35d4e9b4b9a405bf155be12b02b0b,212.46
0802228b14ca2bf411bd06c69dc562d0b8e96a36,209.89
0802228b14ca2bf411bd06c69dc562d0b8e96a36,217.68
0802228b14ca2bf411bd06c69dc562d0b8e96a36,211.96
0802228b14ca2bf411bd06c69dc562d0b8e96a36,207.36
0802228b14ca2bf411bd06c69dc562d0b8e96a36,215.70
0802228b14ca2bf411bd06c69dc562d0b8e96a36,209.47
0802228b14ca2bf411bd06c69dc562d0b8e96a36,210.42
0802228b14ca2bf411bd06c69dc562d0b8e96a36,208.79
0802228b14ca2bf411bd06c69dc562d0b8e96a36,220.92
0802228b14ca2bf411bd06c69dc562d0b8e96a36,221.68
0802228b14ca2bf411bd06c69dc562d0b8e96a36,214.03
0802228b14ca2bf411bd06c69dc562d0b8e96a36,209.28
0802228b14ca2bf411bd06c69dc562d0b8e96a36,214.98
0802228b14ca2bf411bd06c69dc562d0b8e96a36,218.47
0802228b14ca2bf411bd06c69dc562d0b8e96a36,210.68
5174584e4d52135e82652d021aa2faf64bf31074,216.40
5174584e4d52135e82652d021aa2faf64bf31074,215.24
5174584e4d52135e82652d021aa2faf64bf31074,219.23
5174584e4d52135e82652d021aa2faf64bf31074,204.14
5174584e4d52135e82652d021aa2faf64bf31074,220.91
5174584e4d52135e82652d021aa2faf64bf31074,214.99
5174584e4d52135e82652d021aa2faf64bf31074,216.13
5174584e4d52135e82652d021aa2faf64bf31074,216.55
5174584e4d52135e82652d021aa2faf64bf31074,207.11
5174584e4d52135e82652d021aa2faf64bf31074,204.67
5174584e4d52135e82652d021aa2faf64bf31074,207.63
5174584e4d52135e82652d021aa2faf64bf31074,213.83
5174584e4d52135e82652d021aa2faf64bf31074,212.12
5174584e4d52135e82652d021aa2faf64bf31074,223.21
5174584e4d52135e82652d021aa2faf64bf31074,213.47
1736e79861a2b17923e0b4e5b35ffccd729b3026,219.91
1736e79861a2b17923e0b4e5b35ffccd729b3026,218.14
1736e79861a2b17923e0b4e5b35ffccd729b3026,217.63
1736e79861a2b17923e0b4e5b35ffccd729b3026,211.33
1736e79861a2b17923e0b4e5b35ffccd729b3026,210.79
1736e79861a2b17923e0b4e5b35ffccd729b3026,206.43
1736e79861a2b17923e0b4e5b35ffccd729b3026,219.60
1736e79861a2b17923e0b4e5b35ffccd729b3026,213.80
1736e79861a2b17923e0b4e5b35ffccd729b3026,204.95
1736e79861a2b17923e0b4e5b35ffccd729b3026,211.51
1736e79861a2b17923e0b4e5b35ffccd729b3026,216.14
1736e79861a2b17923e0b4e5b35ffccd729b3026,216.56
1736e79861a2b17923e0b4e5b35ffccd729b3026,211.08
1736e79861a2b17923e0b4e5b35ffccd729b3026,216.77
1736e79861a2b17923e0b4e5b35ffccd729b3026,215.55
7d4f963539e6206af7f79af5ef08c8fb7535746c,206.50
7d4f963539e6206af7f79af5ef08c8fb7535746c,204.05
7d4f963539e6206af7f79af5ef08c8fb7535746c,213.21
7d4f963539e6206af7f79af5ef08c8fb7535746c,219.66
7d4f963539e6206af7f79af5ef08c8fb7535746c,207.81
7d4f963539e6206af7f79af5ef08c8fb7535746c,206.14
7d4f963539e6206af7f79af5ef08c8fb7535746c,209.09
7d4f963539e6206af7f79af5ef08c8fb7535746c,211.20
7d4f963539e6206af7f79af5ef08c8fb7535746c,212.51
7d4f963539e6206af7f79af5ef08c8fb7535746c,204.24
7d4f963539e6206af7f79af5ef08c8fb7535746c,211.11
7d4f963539e6206af7f79af5ef08c8fb7535746c,215.19
7d4f963539e6206af7f79af5ef08c8fb7535746c,216.34
7d4f963539e6206af7f79af5ef08c8fb7535746c,217.10
7d4f963539e6206af7f79af5ef08c8fb7535746c,218.12
55e5a4284e0b45f57380f062a933a746564b264a,218.64
55e5a4284e0b45f57380f062a933a746564b264a,212.17
55e5a4284e0b45f57380f062a933a746564b264a,218.95
55e5a4284e0b45f57380f062a933a746564b264a,208.89
55e5a4284e0b45f57380f062a933a746564b264a,219.50
55e5a4284e0b45f57380f062a933a746564b264a,211.47
55e5a4284e0b45f57380f062a933a746564b264a,221.91
55e5a4284e0b45f57380f062a933a746564b264a,207.37
55e5a4284e0b45f57380f062a933a746564b264a,216.36
55e5a4284e0b45f57380f062a933a746564b264a,210.89
55e5a4284e0b45f57380f062a933a746564b264a,211.48
55e5a4284e0b45f57380f062a933a746564b264a,220.41
55e5a4284e0b45f57380f062a933a746564b264a,217.58
55e5a4284e0b45f57380f062a933a746564b264a,206.89
55e5a4284e0b45f57380f062a933a746564b264a,221.78
73e23c1aafe283c227b22993a9c9510d1113ac86,213.98
73e23c1aafe283c227b22993a9c9510d1113ac86,218.67
73e23c1aafe283c227b22993a9c9510d1113ac86,218.14
73e23c1aafe283c227b22993a9c9510d1113ac86,216.41
73e23c1aafe283c227b22993a9c9510d1113ac86,208.84
73e23c1aafe283c227b22993a9c9510d1113ac86,212.32
73e23c1aafe283c227b22993a9c9510d1113ac86,218.22
73e23c1aafe283c227b22993a9c9510d1113ac86,229.75
73e23c1aafe283c227b22993a9c9510d1113ac86,223.95
73e23c1aafe283c227b22993a9c9510d1113ac86,214.19
73e23c1aafe283c227b22993a9c9510d1113ac86,213.57
73e23c1aafe283c227b22993a9c9510d1113ac86,219.81
73e23c1aafe283c227b22993a9c9510d1113ac86,215.88
73e23c1aafe283c227b22993a9c9510d1113ac86,226.46
73e23c1aafe283c227b22993a9c9510d1113ac86,207.60
ae9a18c9e1382b5d8bad14d09279eda725490c25,215.01
ae9a18c9e1382b5d8bad14d09279eda725490c25,209.06
ae9a18c9e1382b5d8bad14d09279eda725490c25,221.40
ae9a18c9e1382b5d8bad14d09279eda725490c25,217.82
ae9a18c9e1382b5d8bad14d09279eda725490c25,214.71
ae9a18c9e1382b5d8bad14d09279eda725490c25,219.83
ae9a18c9e1382b5d8bad14d09279eda725490c25,216.70
ae9a18c9e1382b5d8bad14d09279eda725490c25,212.97
ae9a18c9e1382b5d8bad14d09279eda725490c25,214.20
ae9a18c9e1382b5d8bad14d09279eda725490c25,220.24
ae9a18c9e1382b5d8bad14d09279eda725490c25,210.33
ae9a18c9e1382b5d8bad14d09279eda725490c25,213.00
ae9a18c9e1382b5d8bad14d09279eda725490c25,214.71
ae9a18c9e1382b5d8bad14d09279eda725490c25,220.71
ae9a18c9e1382b5d8bad14d09279eda725490c25,216.08
8a168eafd89ecbc109f811cfa2056f0722eaff0b,216.94
8a168eafd89ecbc109f811cfa2056f0722eaff0b,218.24
8a168eafd89ecbc109f811cfa2056f0722eaff0b,219.46
8a168eafd89ecbc109f811cfa2056f0722eaff0b,214.87
8a168eafd89ecbc109f811cfa2056f0722eaff0b,215.30
8a168eafd89ecbc109f811cfa2056f0722eaff0b,223.57
8a168eafd89ecbc109f811cfa2056f0722eaff0b,223.56
8a168eafd89ecbc109f811cfa2056f0722eaff0b,213.23
8a168eafd89ecbc109f811cfa2056f0722eaff0b,223.08
8a168eafd89ecbc109f811cfa2056f0722eaff0b,215.89
8a168eafd89ecbc109f811cfa2056f0722eaff0b,218.78
8a168eafd89ecbc109f811cfa2056f0722eaff0b,224.18
8a168eafd89ecbc109f811cfa2056f0722eaff0b,219.60
8a168eafd89ecbc109f811cfa2056f0722eaff0b,230.74
8a168eafd89ecbc109f811cfa2056f0722eaff0b,224.55
32064f089cdd59e3ed3f54bff3e160d94523d5c7,223.46
32064f089cdd59e3ed3f54bff3e160d94523d5c7,223.10
32064f089cdd59e3ed3f54bff3e160d94523d5c7,222.59
32064f089cdd59e3ed3f54bff3e160d94523d5c7,227.32
32064f089cdd59e3ed3f54bff3e160d94523d5c7,223.09
32064f089cdd59e3ed3f54bff3e160d94523d5c7,224.33
32064f089cdd59e3ed3f54bff3e160d94523d5c7,223.03
32064f089cdd59e3ed3f54bff3e160d94523d5c7,217.71
32064f089cdd59e3ed3f54bff3e160d94523d5c7,226.31
32064f089cdd59e3ed3f54bff3e160d94523d5c7,217.55
32064f089cdd59e3ed3f54bff3e160d94523d5c7,219.87
32064f089cdd59e3ed3f54bff3e160d94523d5c7,234.33
32064f089cdd59e3ed3f54bff3e160d94523d5c7,219.66
32064f089cdd59e3ed3f54bff3e160d94523d5c7,230.94
32064f089cdd59e3ed3f54bff3e160d94523d5c7,227.90
f8d4e12814cee17ab8ee1812692e86b7a867b695,223.97
f8d4e12814cee17ab8ee1812692e86b7a867b695,227.55
f8d4e12814cee17ab8ee1812692e86b7a867b695,225.68
f8d4e12814cee17ab8ee1812692e86b7a867b695,219.63
f8d4e12814cee17ab8ee1812692e86b7a867b695,222.79
f8d4e12814cee17ab8ee1812692e86b7a867b695,227.13
f8d4e12814cee17ab8ee1812692e86b7a867b695,224.14
f8d4e12814cee17ab8ee1812692e86b7a867b695,231.21
f8d4e12814cee17ab8ee1812692e86b7a867b695,217.10
f8d4e12814cee17ab8ee1812692e86b7a867b695,222.87
f8d4e12814cee17ab8ee1812692e86b7a867b695,228.22
f8d4e12814cee17ab8ee1812692e86b7a867b695,225.10
f8d4e12814cee17ab8ee1812692e86b7a867b695,229.45
f8d4e12814cee17ab8ee1812692e86b7a867b695,217.86
f8d4e12814cee17ab8ee1812692e86b7a867b695,227.54
d19d96c57979a76229172c78b093792dbdf5dcb4,225.90
d19d96c57979a76229172c78b093792dbdf5dcb4,227.05
d19d96c57979a76229172c78b093792dbdf5dcb4,230.12
d19d96c57979a76229172c78b093792dbdf5dcb4,229.28
d19d96c57979a76229172c78b093792dbdf5dcb4,229.10
d19d96c57979a76229172c78b093792dbdf5dcb4,227.54
d19d96c57979a76229172c78b093792dbdf5dcb4,224.97
d19d96c57979a76229172c78b093792dbdf5dcb4,234.80
d19d96c57979a76229172c78b093792dbdf5dcb4,234.40
d19d96c57979a76229172c78b093792dbdf5dcb4,233.69
d19d96c57979a76229172c78b093792dbdf5dcb4,219.85
d19d96c57979a76229172c78b093792dbdf5dcb4,231.25
d19d96c57979a76229172c78b093792dbdf5dcb4,228.99
d19d96c57979a76229172c78b093792dbdf5dcb4,227.33
d19d96c57979a76229172c78b093792dbdf5dcb4,230.82
0acf488bbf47e48669617d49468be8698762428d,217.52
0acf488bbf47e48669617d49468be8698762428d,221.82
0acf488bbf47e48669617d49468be8698762428d,222.37
0acf488bbf47e48669617d49468be8698762428d,230.16
0acf488bbf47e48669617d49468be8698762428d,218.15
0acf488bbf47e48669617d49468be8698762428d,228.05
0acf488bbf47e48669617d49468be8698762428d,224.53
0acf488bbf47e48669617d49468be8698762428d,229.60
0acf488bbf47e48669617d49468be8698762428d,218.26
0acf488bbf47e48669617d49468be8698762428d,225.33
0acf488bbf47e48669617d49468be8698762428d,229.46
0acf488bbf47e48669617d49468be8698762428d,226.48
0acf488bbf47e48669617d49468be8698762428d,224.81
0acf488bbf47e48669617d49468be8698762428d,235.16
0acf488bbf47e48669617d49468be8698762428d,235.14
48d86458bfef17e5ed1118235c422b7a9d4e5c7c,224.38
48d86458bfef17e5ed1118235c422b7a9d4e5c7c,223.51
48d86458bfef17e5ed1118235c422b7a9d4e5c7c,210.75
48d86458bfef17e5ed1118235c422b7a9d4e5c7c,213.69
48d86458bfef17e5ed1118235c422b7a9d4e5c7c,224.40
48d86458bfef17e5ed1118235c422b7a9d4e5c7c,225.79
48d86458bfef17e5ed1118235c422b7a9d4e5c7c,219.37
48d86458bfef17e5ed1118235c422b7a9d4e5c7c,213.25
48d86458bfef17e5ed1118235c422b7a9d4e5c7c,224.35
48d86458bfef17e5ed1118235c422b7a9d4e5c7c,221.07
48d86458bfef17e5ed1118235c422b7a9d4e5c7c,226.30
48d86458bfef17e5ed1118235c422b7a9d4e5c7c,220.44
48d86458bfef17e5ed1118235c422b7a9d4e5c7c,217.90
48d86458bfef17e5ed1118235c422b7a9d4e5c7c,225.00
48d86458bfef17e5ed1118235c422b7a9d4e5c7c,223.63
81d80c3f6ae215724935c0371cb79208d126dca4,221.40
81d80c3f6ae215724935c0371cb79208d126dca4,221.41
81d80c3f6ae215724935c0371cb79208d126dca4,208.40
81d80c3f6ae215724935c0371cb79208d126dca4,220.32
81d80c3f6ae215724935c0371cb79208d126dca4,221.69
81d80c3f6ae215724935c0371cb79208d126dca4,219.47
81d80c3f6ae215724935c0371cb79208d126dca4,220.73
81d80c3f6ae215724935c0371cb79208d126dca4,218.78
81d80c3f6ae215724935c0371cb79208d126dca4,213.59
81d80c3f6ae215724935c0371cb79208d126dca4,223.02
81d80c3f6ae215724935c0371cb79208d126dca4,214.26
81d80c3f6ae215724935c0371cb79208d126dca4,218.19
81d80c3f6ae215724935c0371cb79208d126dca4,216.15
81d80c3f6ae215724935c0371cb79208d126dca4,228.39
81d80c3f6ae215724935c0371cb79208d126dca4,216.26
f49f92c4c29cc2a8440c4ffccc2fb248cdd30694,217.77
f49f92c4c29cc2a8440c4ffccc2fb248cdd30694,213.49
f49f92c4c29cc2a8440c4ffccc2fb248cdd30694,220.88
f49f92c4c29cc2a8440c4ffccc2fb248cdd30694,224.24
f49f92c4c29cc2a8440c4ffccc2fb248cdd30694,218.57
f49f92c4c29cc2a8440c4ffccc2fb248cdd30694,226.26
f49f92c4c29cc2a8440c4ffccc2fb248cdd30694,218.19
f49f92c4c29cc2a8440c4ffccc2fb248cdd30694,223.26
f49f92c4c29cc2a8440c4ffccc2fb248cdd30694,225.12
f49f92c4c29cc2a8440c4ffccc2fb248cdd30694,228.33
f49f92c4c29cc2a8440c4ffccc2fb248cdd30694,218.83
f49f92c4c29cc2a8440c4ffccc2fb248cdd30694,221.70
f49f92c4c29cc2a8440c4ffccc2fb248cdd30694,219.08
f49f92c4c29cc2a8440c4ffccc2fb248cdd30694,218.38
f49f92c4c29cc2a8440c4ffccc2fb248cdd30694,223.46
cedf83c47f5fe58c4c9b2514c864bc2d576321d4,211.83
cedf83c47f5fe58c4c9b2514c864bc2d576321d4,225.68
cedf83c47f5fe58c4c9b2514c864bc2d576321d4,217.53
cedf83c47f5fe58c4c9b2514c864bc2d576321d4,218.45
cedf83c47f5fe58c4c9b2514c864bc2d576321d4,224.67
cedf83c47f5fe58c4c9b2514c864bc2d576321d4,224.11
cedf83c47f5fe58c4c9b2514c864bc2d576321d4,221.65
cedf83c47f5fe58c4c9b2514c864bc2d576321d4,219.25
cedf83c47f5fe58c4c9b2514c864bc2d576321d4,227.79
cedf83c47f5fe58c4c9b2514c864bc2d576321d4,224.91
cedf83c47f5fe58c4c9b2514c864bc2d576321d4,223.69
cedf83c47f5fe58c4c9b2514c864bc2d576321d4,217.65
cedf83c47f5fe58c4c9b2514c864bc2d576321d4,225.70
cedf83c47f5fe58c4c9b2514c864bc2d576321d4,221.86
cedf83c47f5fe58c4c9b2514c864bc2d576321d4,221.52
0a5a7ef1c69319cb2fd3f70eb0c9c85e5c972d71,217.45
0a5a7ef1c69319cb2fd3f70eb0c9c85e5c972d71,219.15
0a5a7ef1c69319cb2fd3f70eb0c9c85e5c972d71,219.48
0a5a7ef1c69319cb2fd3f70eb0c9c85e5c972d71,222.02
0a5a7ef1c69319cb2fd3f70eb0c9c85e5c972d71,222.70
0a5a7ef1c69319cb2fd3f70eb0c9c85e5c972d71,223.98
0a5a7ef1c69319cb2fd3f70eb0c9c85e5c972d71,217.57
0a5a7ef1c69319cb2fd3f70eb0c9c85e5c972d71,229.55
0a5a7ef1c69319cb2fd3f70eb0c9c85e5c972d71,226.64
0a5a7ef1c69319cb2fd3f70eb0c9c85e5c972d71,222.16
0a5a7ef1c69319cb2fd3f70eb0c9c85e5c972d71,216.47
0a5a7ef1c69319cb2fd3f70eb0c9c85e5c972d71,226.15
0a5a7ef1c69319cb2fd3f70eb0c9c85e5c972d71,226.27
0a5a7ef1c69319cb2fd3f70eb0c9c85e5c972d71,216.31
0a5a7ef1c69319cb2fd3f70eb0c9c85e5c972d71,228.40
f0345613a58ff6b9699b051ad7bcf8105529355b,239.47
f0345613a58ff6b9699b051ad7bcf8105529355b,222.04
f0345613a58ff6b9699b051ad7bcf8105529355b,221.81
f0345613a58ff6b9699b051ad7bcf8105529355b,214.33
f0345613a58ff6b9699b051ad7bcf8105529355b,217.09
f0345613a58ff6b9699b051ad7bcf8105529355b,217.52
f0345613a58ff6b9699b051ad7bcf8105529355b,213.19
f0345613a58ff6b9699b051ad7bcf8105529355b,224.82
f0345613a58ff6b9699b051ad7bcf8105529355b,216.74
f0345613a58ff6b9699b051ad7bcf8105529355b,218.03
f0345613a58ff6b9699b051ad7bcf8105529355b,224.30
f0345613a58ff6b9699b051ad7bcf8105529355b,216.72
f0345613a58ff6b9699b051ad7bcf8105529355b,218.21
f0345613a58ff6b9699b051ad7bcf8105529355b,222.52
f0345613a58ff6b9699b051ad7bcf8105529355b,229.65
0bd588555f088b550ee5b046c34bb1ae8ae33e3f,220.13
0bd588555f088b550ee5b046c34bb1ae8ae33e3f,214.08
0bd588555f088b550ee5b046c34bb1ae8ae33e3f,219.93
0bd588555f088b550ee5b046c34bb1ae8ae33e3f,220.02
0bd588555f088b550ee5b046c34bb1ae8ae33e3f,218.80
0bd588555f088b550ee5b046c34bb1ae8ae33e3f,224.36
0bd588555f088b550ee5b046c34bb1ae8ae33e3f,213.01
0bd588555f088b550ee5b046c34bb1ae8ae33e3f,216.96
0bd588555f088b550ee5b046c34bb1ae8ae33e3f,224.57
0bd588555f088b550ee5b046c34bb1ae8ae33e3f,218.67
0bd588555f088b550ee5b046c34bb1ae8ae33e3f,217.01
0bd588555f088b550ee5b046c34bb1ae8ae33e3f,213.19
0bd588555f088b550ee5b046c34bb1ae8ae33e3f,216.15
0bd588555f088b550ee5b046c34bb1ae8ae33e3f,219.03
0bd588555f088b550ee5b046c34bb1ae8ae33e3f,222.91
b24f2e463231269e9bc1e9118a70b9fd654f1a2f,223.92
b24f2e463231269e9bc1e9118a70b9fd654f1a2f,214.27
b24f2e463231269e9bc1e9118a70b9fd654f1a2f,217.78
b24f2e463231269e9bc1e9118a70b9fd654f1a2f,213.21
b24f2e463231269e9bc1e9118a70b9fd654f1a2f,216.20
b24f2e463231269e9bc1e9118a70b9fd654f1a2f,225.94
b24f2e463231269e9bc1e9118a70b9fd654f1a2f,224.93
b24f2e463231269e9bc1e9118a70b9fd654f1a2f,218.37
b24f2e463231269e9bc1e9118a70b9fd654f1a2f,217.07
b24f2e463231269e9bc1e9118a70b9fd654f1a2f,212.88
b24f2e463231269e9bc1e9118a70b9fd654f1a2f,217.57
b24f2e463231269e9bc1e9118a70b9fd654f1a2f,226.99
b24f2e463231269e9bc1e9118a70b9fd654f1a2f,223.89
b24f2e463231269e9bc1e9118a70b9fd654f1a2f,218.84
b24f2e463231269e9bc1e9118a70b9fd654f1a2f,228.69
d3c4a2ee87b7f6d08e7754e934495ff7693601c8,217.92
d3c4a2ee87b7f6d08e7754e934495ff7693601c8,225.64
d3c4a2ee87b7f6d08e7754e934495ff7693601c8,219.43
d3c4a2ee87b7f6d08e7754e934495ff7693601c8,221.62
d3c4a2ee87b7f6d08e7754e934495ff7693601c8,219.20
d3c4a2ee87b7f6d08e7754e934495ff7693601c8,214.39
d3c4a2ee87b7f6d08e7754e934495ff7693601c8,224.42
d3c4a2ee87b7f6d08e7754e934495ff7693601c8,218.29
d3c4a2ee87b7f6d08e7754e934495ff7693601c8,228.10
d3c4a2ee87b7f6d08e7754e934495ff7693601c8,224.97
d3c4a2ee87b7f6d08e7754e934495ff7693601c8,218.31
d3c4a2ee87b7f6d08e7754e934495ff7693601c8,214.05
d3c4a2ee87b7f6d08e7754e934495ff7693601c8,225.47
d3c4a2ee87b7f6d08e7754e934495ff7693601c8,215.99
d3c4a2ee87b7f6d08e7754e934495ff7693601c8,225.95
a067d5a25f46fe88219a2eb3f4c6c4d5961eeee4,210.29
a067d5a25f46fe88219a2eb3f4c6c4d5961eeee4,222.36
a067d5a25f46fe88219a2eb3f4c6c4d5961eeee4,217.64
a067d5a25f46fe88219a2eb3f4c6c4d5961eeee4,222.14
a067d5a25f46fe88219a2eb3f4c6c4d5961eeee4,220.70
a067d5a25f46fe88219a2eb3f4c6c4d5961eeee4,216.54
a067d5a25f46fe88219a2eb3f4c6c4d5961eeee4,227.86
a067d5a25f46fe88219a2eb3f4c6c4d5961eeee4,226.77
a067d5a25f46fe88219a2eb3f4c6c4d5961eeee4,211.41
a067d5a25f46fe88219a2eb3f4c6c4d5961eeee4,222.35
a067d5a25f46fe88219a2eb3f4c6c4d5961eeee4,221.13
a067d5a25f46fe88219a2eb3f4c6c4d5961eeee4,219.48
a067d5a25f46fe88219a2eb3f4c6c4d5961eeee4,228.83
a067d5a25f46fe88219a2eb3f4c6c4d5961eeee4,210.66
a067d5a25f46fe88219a2eb3f4c6c4d5961eeee4,226.86
0e7938caaf960dbe6a5dd0318cd5689f32bf9383,225.36
0e7938caaf960dbe6a5dd0318cd5689f32bf9383,220.14
0e7938caaf960dbe6a5dd0318cd5689f32bf9383,219.90
0e7938caaf960dbe6a5dd0318cd5689f32bf9383,217.70
0e7938caaf960dbe6a5dd0318cd5689f32bf9383,212.92
0e7938caaf960dbe6a5dd0318cd5689f32bf9383,224.64
0e7938caaf960dbe6a5dd0318cd5689f32bf9383,225.77
0e7938caaf960dbe6a5dd0318cd5689f32bf9383,221.82
0e7938caaf960dbe6a5dd0318cd5689f32bf9383,222.75
0e7938caaf960dbe6a5dd0318cd5689f32bf9383,219.62
0e7938caaf960dbe6a5dd0318cd5689f32bf9383,220.17
0e7938caaf960dbe6a5dd0318cd5689f32bf9383,229.33
0e7938caaf960dbe6a5dd0318cd5689f32bf9383,212.24
0e7938caaf960dbe6a5dd0318cd5689f32bf9383,221.14
0e7938caaf960dbe6a5dd0318cd5689f32bf9383,224.27
3a2ce47fc83279d2ee14297dd3dd0e180c26210c,225.26
3a2ce47fc83279d2ee14297dd3dd0e180c26210c,212.82
3a2ce47fc83279d2ee14297dd3dd0e180c26210c,213.05
3a2ce47fc83279d2ee14297dd3dd0e180c26210c,220.50
3a2ce47fc83279d2ee14297dd3dd0e180c26210c,215.45
3a2ce47fc83279d2ee14297dd3dd0e180c26210c,226.29
3a2ce47fc83279d2ee14297dd3dd0e180c26210c,226.52
3a2ce47fc83279d2ee14297dd3dd0e180c26210c,215.14
3a2ce47fc83279d2ee14297dd3dd0e180c26210c,218.74
3a2ce47fc83279d2ee14297dd3dd0e180c26210c,220.47
3a2ce47fc83279d2ee14297dd3dd0e180c26210c,219.38
3a2ce47fc83279d2ee14297dd3dd0e180c26210c,222.62
3a2ce47fc83279d2ee14297dd3dd0e180c26210c,228.69
3a2ce47fc83279d2ee14297dd3dd0e180c26210c,216.22
3a2ce47fc83279d2ee14297dd3dd0e180c26210c,214.29
cd40d54231ca8cfb9046180d6bfa8d7f4832779d,221.91
cd40d54231ca8cfb9046180d6bfa8d7f4832779d,222.00
cd40d54231ca8cfb9046180d6bfa8d7f4832779d,220.01
cd40d54231ca8cfb9046180d6bfa8d7f4832779d,218.34
cd40d54231ca8cfb9046180d6bfa8d7f4832779d,218.34
cd40d54231ca8cfb9046180d6bfa8d7f4832779d,217.97
cd40d54231ca8cfb9046180d6bfa8d7f4832779d,217.32
cd40d54231ca8cfb9046180d6bfa8d7f4832779d,210.21
cd40d54231ca8cfb9046180d6bfa8d7f4832779d,212.35
cd40d54231ca8cfb9046180d6bfa8d7f4832779d,215.70
cd40d54231ca8cfb9046180d6bfa8d7f4832779d,213.21
cd40d54231ca8cfb9046180d6bfa8d7f4832779d,222.17
cd40d54231ca8cfb9046180d6bfa8d7f4832779d,213.96
cd40d54231ca8cfb9046180d6bfa8d7f4832779d,224.88
cd40d54231ca8cfb9046180d6bfa8d7f4832779d,223.96
5f6830bcaf46448e2b6fe5f862669c19624dbd89,214.15
5f6830bcaf46448e2b6fe5f862669c19624dbd89,211.01
5f6830bcaf46448e2b6fe5f862669c19624dbd89,219.77
5f6830bcaf46448e2b6fe5f862669c19624dbd89,211.79
5f6830bcaf46448e2b6fe5f862669c19624dbd89,213.53
5f6830bcaf46448e2b6fe5f862669c19624dbd89,225.95
5f6830bcaf46448e2b6fe5f862669c19624dbd89,218.54
5f6830bcaf46448e2b6fe5f862669c19624dbd89,225.90
5f6830bcaf46448e2b6fe5f862669c19624dbd89,224.66
5f6830bcaf46448e2b6fe5f862669c19624dbd89,214.92
5f6830bcaf46448e2b6fe5f862669c19624dbd89,222.99
5f6830bcaf46448e2b6fe5f862669c19624dbd89,219.68
5f6830bcaf46448e2b6fe5f862669c19624dbd89,233.21
5f6830bcaf46448e2b6fe5f862669c19624dbd89,225.35
5f6830bcaf46448e2b6fe5f862669c19624dbd89,216.67
2e5bf64bcd69452bd9cfe5b469c58149d5d0dd27,222.74
2e5bf64bcd69452bd9cfe5b469c58149d5d0dd27,219.30
2e5bf64bcd69452bd9cfe5b469c58149d5d0dd27,217.35
2e5bf64bcd69452bd9cfe5b469c58149d5d0dd27,218.94
2e5bf64bcd69452bd9cfe5b469c58149d5d0dd27,218.30
2e5bf64bcd69452bd9cfe5b469c58149d5d0dd27,224.37
2e5bf64bcd69452bd9cfe5b469c58149d5d0dd27,223.89
2e5bf64bcd69452bd9cfe5b469c58149d5d0dd27,225.86
2e5bf64bcd69452bd9cfe5b469c58149d5d0dd27,223.18
2e5bf64bcd69452bd9cfe5b469c58149d5d0dd27,215.05
2e5bf64bcd69452bd9cfe5b469c58149d5d0dd27,216.99
2e5bf64bcd69452bd9cfe5b469c58149d5d0dd27,218.89
2e5bf64bcd69452bd9cfe5b469c58149d5d0dd27,223.12
2e5bf64bcd69452bd9cfe5b469c58149d5d0dd27,219.58
2e5bf64bcd69452bd9cfe5b469c58149d5d0dd27,229.26
b1f70e9dc3fc06b8e1e7a320819eafe6cddb5c51,216.16
b1f70e9dc3fc06b8e1e7a320819eafe6cddb5c51,220.87
b1f70e9dc3fc06b8e1e7a320819eafe6cddb5c51,225.21
b1f70e9dc3fc06b8e1e7a320819eafe6cddb5c51,225.60
b1f70e9dc3fc06b8e1e7a320819eafe6cddb5c51,220.78
b1f70e9dc3fc06b8e1e7a320819eafe6cddb5c51,225.26
b1f70e9dc3fc06b8e1e7a320819eafe6cddb5c51,227.45
b1f70e9dc3fc06b8e1e7a320819eafe6cddb5c51,229.21
b1f70e9dc3fc06b8e1e7a320819eafe6cddb5c51,224.88
b1f70e9dc3fc06b8e1e7a320819eafe6cddb5c51,219.09
b1f70e9dc3fc06b8e1e7a320819eafe6cddb5c51,220.25
b1f70e9dc3fc06b8e1e7a320819eafe6cddb5c51,218.24
b1f70e9dc3fc06b8e1e7a320819eafe6cddb5c51,212.04
b1f70e9dc3fc06b8e1e7a320819eafe6cddb5c51,216.16
b1f70e9dc3fc06b8e1e7a320819eafe6cddb5c51,216.39
738d673dea00a989f2c530b67dff7500597ee884,217.36
738d673dea00a989f2c530b67dff7500597ee884,221.07
738d673dea00a989f2c530b67dff7500597ee884,220.65
738d673dea00a989f2c530b67dff7500597ee884,223.32
738d673dea00a989f2c530b67dff7500597ee884,226.63
738d673dea00a989f2c530b67dff7500597ee884,219.38
738d673dea00a989f2c530b67dff7500597ee884,223.12
738d673dea00a989f2c530b67dff7500597ee884,216.59
738d673dea00a989f2c530b67dff7500597ee884,222.39
738d673dea00a989f2c530b67dff7500597ee884,215.56
738d673dea00a989f2c530b67dff7500597ee884,223.78
738d673dea00a989f2c530b67dff7500597ee884,228.51
738d673dea00a989f2c530b67dff7500597ee884,225.23
738d673dea00a989f2c530b67dff7500597ee884,220.43
738d673dea00a989f2c530b67dff7500597ee884,222.47
5986ca1d8ed0c68a35f42ea0b919d8ec66c3294e,222.07
5986ca1d8ed0c68a35f42ea0b919d8ec66c3294e,212.37
5986ca1d8ed0c68a35f42ea0b919d8ec66c3294e,225.49
5986ca1d8ed0c68a35f42ea0b919d8ec66c3294e,214.83
5986ca1d8ed0c68a35f42ea0b919d8ec66c3294e,223.65
5986ca1d8ed0c68a35f42ea0b919d8ec66c3294e,224.15
5986ca1d8ed0c68a35f42ea0b919d8ec66c3294e,223.34
5986ca1d8ed0c68a35f42ea0b919d8ec66c3294e,225.70
5986ca1d8ed0c68a35f42ea0b919d8ec66c3294e,223.61
5986ca1d8ed0c68a35f42ea0b919d8ec66c3294e,222.79
5986ca1d8ed0c68a35f42ea0b919d8ec66c3294e,222.50
5986ca1d8ed0c68a35f42ea0b919d8ec66c3294e,216.41
5986ca1d8ed0c68a35f42ea0b919d8ec66c3294e,222.02
5986ca1d8ed0c68a35f42ea0b919d8ec66c3294e,223.30
5986ca1d8ed0c68a35f42ea0b919d8ec66c3294e,224.07
