cb814bb401566fe508692808281cc3ad59f899b7,187.09
cb814bb401566fe508692808281cc3ad59f899b7,177.40
cb814bb401566fe508692808281cc3ad59f899b7,178.79
cb814bb401566fe508692808281cc3ad59f899b7,177.67
cb814bb401566fe508692808281cc3ad59f899b7,183.92
cb814bb401566fe508692808281cc3ad59f899b7,180.46
cb814bb401566fe508692808281cc3ad59f899b7,179.14
cb814bb401566fe508692808281cc3ad59f899b7,179.11
cb814bb401566fe508692808281cc3ad59f899b7,183.06
cb814bb401566fe508692808281cc3ad59f899b7,182.16
cb814bb401566fe508692808281cc3ad59f899b7,178.85
cb814bb401566fe508692808281cc3ad59f899b7,179.56
cb814bb401566fe508692808281cc3ad59f899b7,189.83
cb814bb401566fe508692808281cc3ad59f899b7,183.32
cb814bb401566fe508692808281cc3ad59f899b7,180.89
cb814bb401566fe508692808281cc3ad59f899b7,178.91
cb814bb401566fe508692808281cc3ad59f899b7,183.43
cb814bb401566fe508692808281cc3ad59f899b7,175.47
62de0a18c7702ab5b0d1b4add3b8b3bd4f0dc93c,178.84
62de0a18c7702ab5b0d1b4add3b8b3bd4f0dc93c,181.77
62de0a18c7702ab5b0d1b4add3b8b3bd4f0dc93c,176.73
62de0a18c7702ab5b0d1b4add3b8b3bd4f0dc93c,178.05
62de0a18c7702ab5b0d1b4add3b8b3bd4f0dc93c,185.41
62de0a18c7702ab5b0d1b4add3b8b3bd4f0dc93c,174.33
62de0a18c7702ab5b0d1b4add3b8b3bd4f0dc93c,179.54
62de0a18c7702ab5b0d1b4add3b8b3bd4f0dc93c,182.99
62de0a18c7702ab5b0d1b4add3b8b3bd4f0dc93c,177.41
62de0a18c7702ab5b0d1b4add3b8b3bd4f0dc93c,182.04
62de0a18c7702ab5b0d1b4add3b8b3bd4f0dc93c,182.23
62de0a18c7702ab5b0d1b4add3b8b3bd4f0dc93c,178.03
62de0a18c7702ab5b0d1b4add3b8b3bd4f0dc93c,175.69
62de0a18c7702ab5b0d1b4add3b8b3bd4f0dc93c,180.52
62de0a18c7702ab5b0d1b4add3b8b3bd4f0dc93c,176.73
62de0a18c7702ab5b0d1b4add3b8b3bd4f0dc93c,179.97
da5e9778e4e28bcf12086e7a5e057b39a16f2618,182.27
da5e9778e4e28bcf12086e7a5e057b39a16f2618,182.26
da5e9778e4e28bcf12086e7a5e057b39a16f2618,176.52
da5e9778e4e28bcf12086e7a5e057b39a16f2618,183.14
da5e9778e4e28bcf12086e7a5e057b39a16f2618,186.66
da5e9778e4e28bcf12086e7a5e057b39a16f2618,179.95
da5e9778e4e28bcf12086e7a5e057b39a16f2618,178.51
da5e9778e4e28bcf12086e7a5e057b39a16f2618,180.22
da5e9778e4e28bcf12086e7a5e057b39a16f2618,182.87
da5e9778e4e28bcf12086e7a5e057b39a16f2618,178.73
a96ebc95f9ad681c3a8bb70a4d83020bf8812395,176.97
a96ebc95f9ad681c3a8bb70a4d83020bf8812395,183.87
a96ebc95f9ad681c3a8bb70a4d83020bf8812395,185.41
a96ebc95f9ad681c3a8bb70a4d83020bf8812395,176.79
a96ebc95f9ad681c3a8bb70a4d83020bf8812395,176.18
a96ebc95f9ad681c3a8bb70a4d83020bf8812395,179.34
a96ebc95f9ad681c3a8bb70a4d83020bf8812395,177.72
a96ebc95f9ad681c3a8bb70a4d83020bf8812395,179.25
a96ebc95f9ad681c3a8bb70a4d83020bf8812395,179.91
a96ebc95f9ad681c3a8bb70a4d83020bf8812395,179.49
a96ebc95f9ad681c3a8bb70a4d83020bf8812395,176.90
a96ebc95f9ad681c3a8bb70a4d83020bf8812395,177.03
a96ebc95f9ad681c3a8bb70a4d83020bf8812395,181.03
a96ebc95f9ad681c3a8bb70a4d83020bf8812395,178.09
a96ebc95f9ad681c3a8bb70a4d83020bf8812395,179.65
a96ebc95f9ad681c3a8bb70a4d83020bf8812395,178.58
a96ebc95f9ad681c3a8bb70a4d83020bf8812395,176.91
b6f652cef6dca7904d8ea0b971e4fc3812530015,175.69
b6f652cef6dca7904d8ea0b971e4fc3812530015,183.46
b6f652cef6dca7904d8ea0b971e4fc3812530015,179.21
b6f652cef6dca7904d8ea0b971e4fc3812530015,178.56
b6f652cef6dca7904d8ea0b971e4fc3812530015,181.62
b6f652cef6dca7904d8ea0b971e4fc3812530015,179.27
b6f652cef6dca7904d8ea0b971e4fc3812530015,174.12
b6f652cef6dca7904d8ea0b971e4fc3812530015,180.66
b6f652cef6dca7904d8ea0b971e4fc3812530015,177.64
b6f652cef6dca7904d8ea0b971e4fc3812530015,175.57
b6f652cef6dca7904d8ea0b971e4fc3812530015,181.77
b6f652cef6dca7904d8ea0b971e4fc3812530015,179.53
b6f652cef6dca7904d8ea0b971e4fc3812530015,183.11
b6f652cef6dca7904d8ea0b971e4fc3812530015,174.50
b6f652cef6dca7904d8ea0b971e4fc3812530015,177.64
a349582236a7e69ce341f3b4ee913cb8cd19b955,176.12
a349582236a7e69ce341f3b4ee913cb8cd19b955,178.95
a349582236a7e69ce341f3b4ee913cb8cd19b955,177.99
a349582236a7e69ce341f3b4ee913cb8cd19b955,177.19
a349582236a7e69ce341f3b4ee913cb8cd19b955,175.96
a349582236a7e69ce341f3b4ee913cb8cd19b955,176.68
a349582236a7e69ce341f3b4ee913cb8cd19b955,179.96
a349582236a7e69ce341f3b4ee913cb8cd19b955,184.06
a349582236a7e69ce341f3b4ee913cb8cd19b955,179.56
a349582236a7e69ce341f3b4ee913cb8cd19b955,181.63
a349582236a7e69ce341f3b4ee913cb8cd19b955,175.95
a349582236a7e69ce341f3b4ee913cb8cd19b955,185.68
a349582236a7e69ce341f3b4ee913cb8cd19b955,186.15
a349582236a7e69ce341f3b4ee913cb8cd19b955,180.88
a349582236a7e69ce341f3b4ee913cb8cd19b955,172.29
a349582236a7e69ce341f3b4ee913cb8cd19b955,186.29
a349582236a7e69ce341f3b4ee913cb8cd19b955,179.86
195f484ba5de224a3c1be6086e8c0dab066557d9,181.03
195f484ba5de224a3c1be6086e8c0dab066557d9,179.30
195f484ba5de224a3c1be6086e8c0dab066557d9,177.29
195f484ba5de224a3c1be6086e8c0dab066557d9,175.85
195f484ba5de224a3c1be6086e8c0dab066557d9,183.57
195f484ba5de224a3c1be6086e8c0dab066557d9,181.36
195f484ba5de224a3c1be6086e8c0dab066557d9,183.62
195f484ba5de224a3c1be6086e8c0dab066557d9,184.10
195f484ba5de224a3c1be6086e8c0dab066557d9,179.88
195f484ba5de224a3c1be6086e8c0dab066557d9,178.47
195f484ba5de224a3c1be6086e8c0dab066557d9,178.79
195f484ba5de224a3c1be6086e8c0dab066557d9,179.80
2f48a617fe48262c0c688188345f73a0fbfe6e59,179.33
2f48a617fe48262c0c688188345f73a0fbfe6e59,175.53
2f48a617fe48262c0c688188345f73a0fbfe6e59,185.04
2f48a617fe48262c0c688188345f73a0fbfe6e59,179.76
2f48a617fe48262c0c688188345f73a0fbfe6e59,182.51
2f48a617fe48262c0c688188345f73a0fbfe6e59,181.42
2f48a617fe48262c0c688188345f73a0fbfe6e59,179.03
2f48a617fe48262c0c688188345f73a0fbfe6e59,179.25
2f48a617fe48262c0c688188345f73a0fbfe6e59,179.06
2f48a617fe48262c0c688188345f73a0fbfe6e59,183.16
2f48a617fe48262c0c688188345f73a0fbfe6e59,178.63
2f48a617fe48262c0c688188345f73a0fbfe6e59,184.44
2f48a617fe48262c0c688188345f73a0fbfe6e59,178.08
2f48a617fe48262c0c688188345f73a0fbfe6e59,182.26
2f48a617fe48262c0c688188345f73a0fbfe6e59,186.08
2f48a617fe48262c0c688188345f73a0fbfe6e59,179.73
2f48a617fe48262c0c688188345f73a0fbfe6e59,175.81
2f48a617fe48262c0c688188345f73a0fbfe6e59,175.70
a90bae7928f9b038d1c142773b4a5011335bf8e8,195.36
a90bae7928f9b038d1c142773b4a5011335bf8e8,181.59
a90bae7928f9b038d1c142773b4a5011335bf8e8,176.70
a90bae7928f9b038d1c142773b4a5011335bf8e8,173.32
a90bae7928f9b038d1c142773b4a5011335bf8e8,182.28
a90bae7928f9b038d1c142773b4a5011335bf8e8,180.02
a90bae7928f9b038d1c142773b4a5011335bf8e8,181.65
a90bae7928f9b038d1c142773b4a5011335bf8e8,185.18
a90bae7928f9b038d1c142773b4a5011335bf8e8,178.40
a90bae7928f9b038d1c142773b4a5011335bf8e8,185.71
a90bae7928f9b038d1c142773b4a5011335bf8e8,177.32
a90bae7928f9b038d1c142773b4a5011335bf8e8,186.36
a90bae7928f9b038d1c142773b4a5011335bf8e8,177.04
a90bae7928f9b038d1c142773b4a5011335bf8e8,178.36
a90bae7928f9b038d1c142773b4a5011335bf8e8,177.61
a90bae7928f9b038d1c142773b4a5011335bf8e8,181.73
a90bae7928f9b038d1c142773b4a5011335bf8e8,177.55
111919256590a37b74d2caa119c4965d1a25124a,175.20
111919256590a37b74d2caa119c4965d1a25124a,173.15
111919256590a37b74d2caa119c4965d1a25124a,177.09
111919256590a37b74d2caa119c4965d1a25124a,187.06
111919256590a37b74d2caa119c4965d1a25124a,176.89
111919256590a37b74d2caa119c4965d1a25124a,178.74
111919256590a37b74d2caa119c4965d1a25124a,184.96
111919256590a37b74d2caa119c4965d1a25124a,185.80
111919256590a37b74d2caa119c4965d1a25124a,183.40
111919256590a37b74d2caa119c4965d1a25124a,177.46
111919256590a37b74d2caa119c4965d1a25124a,176.28
9ad1d68a97039b1f0463f19332c4c7baef9a17d4,187.93
9ad1d68a97039b1f0463f19332c4c7baef9a17d4,183.28
9ad1d68a97039b1f0463f19332c4c7baef9a17d4,177.67
9ad1d68a97039b1f0463f19332c4c7baef9a17d4,175.93
9ad1d68a97039b1f0463f19332c4c7baef9a17d4,176.78
9ad1d68a97039b1f0463f19332c4c7baef9a17d4,178.82
9ad1d68a97039b1f0463f19332c4c7baef9a17d4,180.32
9ad1d68a97039b1f0463f19332c4c7baef9a17d4,185.61
9ad1d68a97039b1f0463f19332c4c7baef9a17d4,179.51
9ad1d68a97039b1f0463f19332c4c7baef9a17d4,183.38
9ad1d68a97039b1f0463f19332c4c7baef9a17d4,183.68
57261d5f2a840abac23d3353721055ebe36f877f,186.60
57261d5f2a840abac23d3353721055ebe36f877f,179.70
57261d5f2a840abac23d3353721055ebe36f877f,175.23
57261d5f2a840abac23d3353721055ebe36f877f,176.40
57261d5f2a840abac23d3353721055ebe36f877f,177.20
57261d5f2a840abac23d3353721055ebe36f877f,175.39
57261d5f2a840abac23d3353721055ebe36f877f,177.01
57261d5f2a840abac23d3353721055ebe36f877f,185.85
57261d5f2a840abac23d3353721055ebe36f877f,176.74
57261d5f2a840abac23d3353721055ebe36f877f,178.41
57261d5f2a840abac23d3353721055ebe36f877f,179.44
57261d5f2a840abac23d3353721055ebe36f877f,177.48
57261d5f2a840abac23d3353721055ebe36f877f,176.16
57261d5f2a840abac23d3353721055ebe36f877f,176.75
57261d5f2a840abac23d3353721055ebe36f877f,184.66
ffd2f15ecf47db1275280c90c237ad7a4d4ce4f3,246.07
ffd2f15ecf47db1275280c90c237ad7a4d4ce4f3,180.08
ffd2f15ecf47db1275280c90c237ad7a4d4ce4f3,182.66
ffd2f15ecf47db1275280c90c237ad7a4d4ce4f3,179.86
ffd2f15ecf47db1275280c90c237ad7a4d4ce4f3,187.78
ffd2f15ecf47db1275280c90c237ad7a4d4ce4f3,183.40
ffd2f15ecf47db1275280c90c237ad7a4d4ce4f3,179.72
ffd2f15ecf47db1275280c90c237ad7a4d4ce4f3,178.58
ffd2f15ecf47db1275280c90c237ad7a4d4ce4f3,178.03
ffd2f15ecf47db1275280c90c237ad7a4d4ce4f3,173.94
ffd2f15ecf47db1275280c90c237ad7a4d4ce4f3,183.91
ffd2f15ecf47db1275280c90c237ad7a4d4ce4f3,177.45
ffd2f15ecf47db1275280c90c237ad7a4d4ce4f3,184.16
ffd2f15ecf47db1275280c90c237ad7a4d4ce4f3,177.58
ffd2f15ecf47db1275280c90c237ad7a4d4ce4f3,176.55
ffd2f15ecf47db1275280c90c237ad7a4d4ce4f3,176.25
ffd2f15ecf47db1275280c90c237ad7a4d4ce4f3,186.94
ffd2f15ecf47db1275280c90c237ad7a4d4ce4f3,185.65
82fc0c40bc3cddcc0cfcde03e32210a1d8fdc56b,175.50
82fc0c40bc3cddcc0cfcde03e32210a1d8fdc56b,176.35
82fc0c40bc3cddcc0cfcde03e32210a1d8fdc56b,176.67
82fc0c40bc3cddcc0cfcde03e32210a1d8fdc56b,181.39
82fc0c40bc3cddcc0cfcde03e32210a1d8fdc56b,177.55
82fc0c40bc3cddcc0cfcde03e32210a1d8fdc56b,182.85
82fc0c40bc3cddcc0cfcde03e32210a1d8fdc56b,181.79
82fc0c40bc3cddcc0cfcde03e32210a1d8fdc56b,179.02
82fc0c40bc3cddcc0cfcde03e32210a1d8fdc56b,180.09
82fc0c40bc3cddcc0cfcde03e32210a1d8fdc56b,186.21
82fc0c40bc3cddcc0cfcde03e32210a1d8fdc56b,179.15
82fc0c40bc3cddcc0cfcde03e32210a1d8fdc56b,178.06
82fc0c40bc3cddcc0cfcde03e32210a1d8fdc56b,188.26
82fc0c40bc3cddcc0cfcde03e32210a1d8fdc56b,176.08
82fc0c40bc3cddcc0cfcde03e32210a1d8fdc56b,175.47
82fc0c40bc3cddcc0cfcde03e32210a1d8fdc56b,185.32
82fc0c40bc3cddcc0cfcde03e32210a1d8fdc56b,177.98
82fc0c40bc3cddcc0cfcde03e32210a1d8fdc56b,177.87
82fc0c40bc3cddcc0cfcde03e32210a1d8fdc56b,181.74
d9d7774eb5e782952f59217241020a4c7edadcf0,176.48
d9d7774eb5e782952f59217241020a4c7edadcf0,183.61
d9d7774eb5e782952f59217241020a4c7edadcf0,184.92
d9d7774eb5e782952f59217241020a4c7edadcf0,185.77
d9d7774eb5e782952f59217241020a4c7edadcf0,179.45
d9d7774eb5e782952f59217241020a4c7edadcf0,184.00
d9d7774eb5e782952f59217241020a4c7edadcf0,181.92
d9d7774eb5e782952f59217241020a4c7edadcf0,179.02
d9d7774eb5e782952f59217241020a4c7edadcf0,173.00
d9d7774eb5e782952f59217241020a4c7edadcf0,179.91
8b31aaa144871fcc4856edddf91ac86998550243,182.12
8b31aaa144871fcc4856edddf91ac86998550243,176.19
8b31aaa144871fcc4856edddf91ac86998550243,176.62
8b31aaa144871fcc4856edddf91ac86998550243,176.76
8b31aaa144871fcc4856edddf91ac86998550243,177.72
8b31aaa144871fcc4856edddf91ac86998550243,179.35
8b31aaa144871fcc4856edddf91ac86998550243,177.33
8b31aaa144871fcc4856edddf91ac86998550243,185.99
8b31aaa144871fcc4856edddf91ac86998550243,179.57
8b31aaa144871fcc4856edddf91ac86998550243,180.12
8b31aaa144871fcc4856edddf91ac86998550243,179.48
8b31aaa144871fcc4856edddf91ac86998550243,185.33
8b31aaa144871fcc4856edddf91ac86998550243,176.16
6e71f35c9e940ce32439bb8cbdea70579c9fe2b4,179.58
6e71f35c9e940ce32439bb8cbdea70579c9fe2b4,179.62
6e71f35c9e940ce32439bb8cbdea70579c9fe2b4,174.72
6e71f35c9e940ce32439bb8cbdea70579c9fe2b4,177.63
6e71f35c9e940ce32439bb8cbdea70579c9fe2b4,176.76
6e71f35c9e940ce32439bb8cbdea70579c9fe2b4,185.28
6e71f35c9e940ce32439bb8cbdea70579c9fe2b4,183.31
6e71f35c9e940ce32439bb8cbdea70579c9fe2b4,182.65
6e71f35c9e940ce32439bb8cbdea70579c9fe2b4,179.48
6e71f35c9e940ce32439bb8cbdea70579c9fe2b4,183.17
6e71f35c9e940ce32439bb8cbdea70579c9fe2b4,179.42
6e71f35c9e940ce32439bb8cbdea70579c9fe2b4,188.16
6e71f35c9e940ce32439bb8cbdea70579c9fe2b4,178.14
6e71f35c9e940ce32439bb8cbdea70579c9fe2b4,181.59
6e71f35c9e940ce32439bb8cbdea70579c9fe2b4,176.03
6e71f35c9e940ce32439bb8cbdea70579c9fe2b4,188.05
6e71f35c9e940ce32439bb8cbdea70579c9fe2b4,184.63
6e71f35c9e940ce32439bb8cbdea70579c9fe2b4,180.53
6e71f35c9e940ce32439bb8cbdea70579c9fe2b4,173.68
f1d246c406eea37299610690421c6205007b2bfe,179.28
f1d246c406eea37299610690421c6205007b2bfe,184.85
f1d246c406eea37299610690421c6205007b2bfe,182.52
f1d246c406eea37299610690421c6205007b2bfe,183.02
f1d246c406eea37299610690421c6205007b2bfe,179.00
f1d246c406eea37299610690421c6205007b2bfe,178.79
f1d246c406eea37299610690421c6205007b2bfe,184.99
f1d246c406eea37299610690421c6205007b2bfe,182.15
f1d246c406eea37299610690421c6205007b2bfe,186.74
f1d246c406eea37299610690421c6205007b2bfe,184.92
f1d246c406eea37299610690421c6205007b2bfe,177.99
f1d246c406eea37299610690421c6205007b2bfe,177.83
ae13de35b288756f7d530055e066aea244384d06,200.27
ae13de35b288756f7d530055e066aea244384d06,181.27
ae13de35b288756f7d530055e066aea244384d06,176.25
ae13de35b288756f7d530055e066aea244384d06,178.21
ae13de35b288756f7d530055e066aea244384d06,174.71
ae13de35b288756f7d530055e066aea244384d06,184.44
ae13de35b288756f7d530055e066aea244384d06,181.69
ae13de35b288756f7d530055e066aea244384d06,178.66
ae13de35b288756f7d530055e066aea244384d06,174.30
ae13de35b288756f7d530055e066aea244384d06,181.12
ae13de35b288756f7d530055e066aea244384d06,184.74
ae13de35b288756f7d530055e066aea244384d06,184.56
ae13de35b288756f7d530055e066aea244384d06,178.31
ae13de35b288756f7d530055e066aea244384d06,178.06
ae13de35b288756f7d530055e066aea244384d06,176.34
ae13de35b288756f7d530055e066aea244384d06,186.03
ae13de35b288756f7d530055e066aea244384d06,182.00
c5df15f9bf05d3fac7bcd05ffd8943bbdccf406a,181.22
c5df15f9bf05d3fac7bcd05ffd8943bbdccf406a,178.47
c5df15f9bf05d3fac7bcd05ffd8943bbdccf406a,177.41
c5df15f9bf05d3fac7bcd05ffd8943bbdccf406a,183.38
c5df15f9bf05d3fac7bcd05ffd8943bbdccf406a,179.11
c5df15f9bf05d3fac7bcd05ffd8943bbdccf406a,184.93
c5df15f9bf05d3fac7bcd05ffd8943bbdccf406a,185.99
c5df15f9bf05d3fac7bcd05ffd8943bbdccf406a,184.40
c5df15f9bf05d3fac7bcd05ffd8943bbdccf406a,177.50
c5df15f9bf05d3fac7bcd05ffd8943bbdccf406a,176.39
c5df15f9bf05d3fac7bcd05ffd8943bbdccf406a,179.84
c5df15f9bf05d3fac7bcd05ffd8943bbdccf406a,185.66
c5df15f9bf05d3fac7bcd05ffd8943bbdccf406a,178.64
c5df15f9bf05d3fac7bcd05ffd8943bbdccf406a,184.47
c5df15f9bf05d3fac7bcd05ffd8943bbdccf406a,174.67
cf17f36b5c9d677f83d0059abb4173c63804c0c0,179.73
cf17f36b5c9d677f83d0059abb4173c63804c0c0,175.52
cf17f36b5c9d677f83d0059abb4173c63804c0c0,174.34
cf17f36b5c9d677f83d0059abb4173c63804c0c0,177.05
cf17f36b5c9d677f83d0059abb4173c63804c0c0,177.47
cf17f36b5c9d677f83d0059abb4173c63804c0c0,178.64
cf17f36b5c9d677f83d0059abb4173c63804c0c0,183.90
cf17f36b5c9d677f83d0059abb4173c63804c0c0,179.49
cf17f36b5c9d677f83d0059abb4173c63804c0c0,174.65
cf17f36b5c9d677f83d0059abb4173c63804c0c0,177.94
cf17f36b5c9d677f83d0059abb4173c63804c0c0,181.80
cf17f36b5c9d677f83d0059abb4173c63804c0c0,176.85
cf17f36b5c9d677f83d0059abb4173c63804c0c0,183.00
cf17f36b5c9d677f83d0059abb4173c63804c0c0,178.80
cf17f36b5c9d677f83d0059abb4173c63804c0c0,181.13
cf17f36b5c9d677f83d0059abb4173c63804c0c0,176.55
f981cd1ad0342a0b96ac88eb481265ee78229dd8,192.43
f981cd1ad0342a0b96ac88eb481265ee78229dd8,173.56
f981cd1ad0342a0b96ac88eb481265ee78229dd8,171.99
f981cd1ad0342a0b96ac88eb481265ee78229dd8,176.66
f981cd1ad0342a0b96ac88eb481265ee78229dd8,179.06
f981cd1ad0342a0b96ac88eb481265ee78229dd8,183.26
f981cd1ad0342a0b96ac88eb481265ee78229dd8,182.48
f981cd1ad0342a0b96ac88eb481265ee78229dd8,176.55
f981cd1ad0342a0b96ac88eb481265ee78229dd8,180.89
f981cd1ad0342a0b96ac88eb481265ee78229dd8,175.84
f981cd1ad0342a0b96ac88eb481265ee78229dd8,181.68
f981cd1ad0342a0b96ac88eb481265ee78229dd8,178.13
f981cd1ad0342a0b96ac88eb481265ee78229dd8,181.46
f981cd1ad0342a0b96ac88eb481265ee78229dd8,176.44
f981cd1ad0342a0b96ac88eb481265ee78229dd8,176.73
f981cd1ad0342a0b96ac88eb481265ee78229dd8,175.62
f981cd1ad0342a0b96ac88eb481265ee78229dd8,180.70
f981cd1ad0342a0b96ac88eb481265ee78229dd8,181.95
f981cd1ad0342a0b96ac88eb481265ee78229dd8,179.41
1d3c8b596bc23e28e8de3c4de2a657c937ac8d41,175.73
1d3c8b596bc23e28e8de3c4de2a657c937ac8d41,176.94
1d3c8b596bc23e28e8de3c4de2a657c937ac8d41,173.69
1d3c8b596bc23e28e8de3c4de2a657c937ac8d41,179.48
1d3c8b596bc23e28e8de3c4de2a657c937ac8d41,175.80
1d3c8b596bc23e28e8de3c4de2a657c937ac8d41,176.34
1d3c8b596bc23e28e8de3c4de2a657c937ac8d41,184.78
1d3c8b596bc23e28e8de3c4de2a657c937ac8d41,173.91
1d3c8b596bc23e28e8de3c4de2a657c937ac8d41,181.01
1d3c8b596bc23e28e8de3c4de2a657c937ac8d41,178.84
1d3c8b596bc23e28e8de3c4de2a657c937ac8d41,183.24
1d3c8b596bc23e28e8de3c4de2a657c937ac8d41,176.33
5afef3ecc0d183fa6f6a9c168ae1287a33bc72ac,174.87
5afef3ecc0d183fa6f6a9c168ae1287a33bc72ac,185.87
5afef3ecc0d183fa6f6a9c168ae1287a33bc72ac,176.80
5afef3ecc0d183fa6f6a9c168ae1287a33bc72ac,176.47
5afef3ecc0d183fa6f6a9c168ae1287a33bc72ac,178.85
5afef3ecc0d183fa6f6a9c168ae1287a33bc72ac,178.70
5afef3ecc0d183fa6f6a9c168ae1287a33bc72ac,172.57
5afef3ecc0d183fa6f6a9c168ae1287a33bc72ac,178.44
5afef3ecc0d183fa6f6a9c168ae1287a33bc72ac,182.02
5afef3ecc0d183fa6f6a9c168ae1287a33bc72ac,174.07
5afef3ecc0d183fa6f6a9c168ae1287a33bc72ac,180.66
5afef3ecc0d183fa6f6a9c168ae1287a33bc72ac,176.35
5afef3ecc0d183fa6f6a9c168ae1287a33bc72ac,178.01
5afef3ecc0d183fa6f6a9c168ae1287a33bc72ac,176.01
0121311b1bd56cbbd29e9b291d42564d5135afa5,175.53
0121311b1bd56cbbd29e9b291d42564d5135afa5,175.33
0121311b1bd56cbbd29e9b291d42564d5135afa5,174.18
0121311b1bd56cbbd29e9b291d42564d5135afa5,182.65
0121311b1bd56cbbd29e9b291d42564d5135afa5,175.40
0121311b1bd56cbbd29e9b291d42564d5135afa5,175.54
0121311b1bd56cbbd29e9b291d42564d5135afa5,176.95
0121311b1bd56cbbd29e9b291d42564d5135afa5,180.61
0121311b1bd56cbbd29e9b291d42564d5135afa5,176.83
0121311b1bd56cbbd29e9b291d42564d5135afa5,180.77
0121311b1bd56cbbd29e9b291d42564d5135afa5,174.61
0121311b1bd56cbbd29e9b291d42564d5135afa5,177.32
0121311b1bd56cbbd29e9b291d42564d5135afa5,175.61
498da155d0bdc6b4420fdd942657ba43f38dd16a,178.58
498da155d0bdc6b4420fdd942657ba43f38dd16a,178.15
498da155d0bdc6b4420fdd942657ba43f38dd16a,177.43
498da155d0bdc6b4420fdd942657ba43f38dd16a,184.88
498da155d0bdc6b4420fdd942657ba43f38dd16a,179.28
498da155d0bdc6b4420fdd942657ba43f38dd16a,182.90
498da155d0bdc6b4420fdd942657ba43f38dd16a,178.91
498da155d0bdc6b4420fdd942657ba43f38dd16a,180.21
498da155d0bdc6b4420fdd942657ba43f38dd16a,175.24
498da155d0bdc6b4420fdd942657ba43f38dd16a,179.41
498da155d0bdc6b4420fdd942657ba43f38dd16a,181.05
498da155d0bdc6b4420fdd942657ba43f38dd16a,181.40
21aac91219f44ed8f9a33266271bce9972719d6c,175.78
21aac91219f44ed8f9a33266271bce9972719d6c,174.85
21aac91219f44ed8f9a33266271bce9972719d6c,181.79
21aac91219f44ed8f9a33266271bce9972719d6c,180.00
21aac91219f44ed8f9a33266271bce9972719d6c,175.21
21aac91219f44ed8f9a33266271bce9972719d6c,180.55
21aac91219f44ed8f9a33266271bce9972719d6c,177.52
21aac91219f44ed8f9a33266271bce9972719d6c,178.22
21aac91219f44ed8f9a33266271bce9972719d6c,180.54
21aac91219f44ed8f9a33266271bce9972719d6c,178.35
21aac91219f44ed8f9a33266271bce9972719d6c,175.28
21aac91219f44ed8f9a33266271bce9972719d6c,178.52
21aac91219f44ed8f9a33266271bce9972719d6c,180.62
21aac91219f44ed8f9a33266271bce9972719d6c,180.63
21aac91219f44ed8f9a33266271bce9972719d6c,182.64
21aac91219f44ed8f9a33266271bce9972719d6c,179.77
21aac91219f44ed8f9a33266271bce9972719d6c,173.36
21aac91219f44ed8f9a33266271bce9972719d6c,174.13
21aac91219f44ed8f9a33266271bce9972719d6c,177.30
dea49696e976b389864cd2926f93c6ff07bdcfa6,180.13
dea49696e976b389864cd2926f93c6ff07bdcfa6,180.95
dea49696e976b389864cd2926f93c6ff07bdcfa6,176.34
dea49696e976b389864cd2926f93c6ff07bdcfa6,178.56
dea49696e976b389864cd2926f93c6ff07bdcfa6,174.02
dea49696e976b389864cd2926f93c6ff07bdcfa6,176.54
dea49696e976b389864cd2926f93c6ff07bdcfa6,176.03
dea49696e976b389864cd2926f93c6ff07bdcfa6,176.37
dea49696e976b389864cd2926f93c6ff07bdcfa6,172.44
dea49696e976b389864cd2926f93c6ff07bdcfa6,177.32
dea49696e976b389864cd2926f93c6ff07bdcfa6,179.00
dea49696e976b389864cd2926f93c6ff07bdcfa6,179.91
dea49696e976b389864cd2926f93c6ff07bdcfa6,176.81
dea49696e976b389864cd2926f93c6ff07bdcfa6,178.49
dea49696e976b389864cd2926f93c6ff07bdcfa6,176.44
dea49696e976b389864cd2926f93c6ff07bdcfa6,177.84
dea49696e976b389864cd2926f93c6ff07bdcfa6,184.02
dea49696e976b389864cd2926f93c6ff07bdcfa6,177.47
dea49696e976b389864cd2926f93c6ff07bdcfa6,175.60
c93ea51dabfbfd34d6b979f5cc876ed3b5d093a4,176.25
c93ea51dabfbfd34d6b979f5cc876ed3b5d093a4,179.92
c93ea51dabfbfd34d6b979f5cc876ed3b5d093a4,175.72
c93ea51dabfbfd34d6b979f5cc876ed3b5d093a4,180.77
c93ea51dabfbfd34d6b979f5cc876ed3b5d093a4,179.90
c93ea51dabfbfd34d6b979f5cc876ed3b5d093a4,181.47
c93ea51dabfbfd34d6b979f5cc876ed3b5d093a4,177.10
c93ea51dabfbfd34d6b979f5cc876ed3b5d093a4,180.85
c93ea51dabfbfd34d6b979f5cc876ed3b5d093a4,183.17
c93ea51dabfbfd34d6b979f5cc876ed3b5d093a4,179.75
c93ea51dabfbfd34d6b979f5cc876ed3b5d093a4,176.78
c93ea51dabfbfd34d6b979f5cc876ed3b5d093a4,179.89
c93ea51dabfbfd34d6b979f5cc876ed3b5d093a4,175.12
c93ea51dabfbfd34d6b979f5cc876ed3b5d093a4,180.90
321be7c3ea5a85f374739e5c97df0ba5fe2f3bd6,178.01
321be7c3ea5a85f374739e5c97df0ba5fe2f3bd6,180.67
321be7c3ea5a85f374739e5c97df0ba5fe2f3bd6,176.54
321be7c3ea5a85f374739e5c97df0ba5fe2f3bd6,181.10
321be7c3ea5a85f374739e5c97df0ba5fe2f3bd6,175.57
321be7c3ea5a85f374739e5c97df0ba5fe2f3bd6,179.84
321be7c3ea5a85f374739e5c97df0ba5fe2f3bd6,184.50
321be7c3ea5a85f374739e5c97df0ba5fe2f3bd6,180.63
321be7c3ea5a85f374739e5c97df0ba5fe2f3bd6,182.83
321be7c3ea5a85f374739e5c97df0ba5fe2f3bd6,179.96
321be7c3ea5a85f374739e5c97df0ba5fe2f3bd6,176.92
321be7c3ea5a85f374739e5c97df0ba5fe2f3bd6,175.75
321be7c3ea5a85f374739e5c97df0ba5fe2f3bd6,181.59
321be7c3ea5a85f374739e5c97df0ba5fe2f3bd6,183.83
e92c3634b08b6f14ff0b458b125890e415401ff5,177.14
e92c3634b08b6f14ff0b458b125890e415401ff5,175.93
e92c3634b08b6f14ff0b458b125890e415401ff5,169.16
e92c3634b08b6f14ff0b458b125890e415401ff5,179.46
e92c3634b08b6f14ff0b458b125890e415401ff5,174.65
e92c3634b08b6f14ff0b458b125890e415401ff5,185.28
e92c3634b08b6f14ff0b458b125890e415401ff5,178.50
e92c3634b08b6f14ff0b458b125890e415401ff5,175.38
907d09e28fe9f6df9d39c050d7d476879956574e,178.56
907d09e28fe9f6df9d39c050d7d476879956574e,176.40
907d09e28fe9f6df9d39c050d7d476879956574e,176.57
907d09e28fe9f6df9d39c050d7d476879956574e,179.65
907d09e28fe9f6df9d39c050d7d476879956574e,180.51
907d09e28fe9f6df9d39c050d7d476879956574e,180.80
907d09e28fe9f6df9d39c050d7d476879956574e,172.35
907d09e28fe9f6df9d39c050d7d476879956574e,181.17
907d09e28fe9f6df9d39c050d7d476879956574e,178.97
907d09e28fe9f6df9d39c050d7d476879956574e,173.68
907d09e28fe9f6df9d39c050d7d476879956574e,181.58
907d09e28fe9f6df9d39c050d7d476879956574e,184.43
907d09e28fe9f6df9d39c050d7d476879956574e,175.94
907d09e28fe9f6df9d39c050d7d476879956574e,181.87
78aeac18c6e9a7bc9294e0575bce8e465e5223ac,173.78
78aeac18c6e9a7bc9294e0575bce8e465e5223ac,172.72
78aeac18c6e9a7bc9294e0575bce8e465e5223ac,175.79
78aeac18c6e9a7bc9294e0575bce8e465e5223ac,182.37
78aeac18c6e9a7bc9294e0575bce8e465e5223ac,173.21
78aeac18c6e9a7bc9294e0575bce8e465e5223ac,174.36
78aeac18c6e9a7bc9294e0575bce8e465e5223ac,173.73
78aeac18c6e9a7bc9294e0575bce8e465e5223ac,179.05
78aeac18c6e9a7bc9294e0575bce8e465e5223ac,180.40
78aeac18c6e9a7bc9294e0575bce8e465e5223ac,177.53
78aeac18c6e9a7bc9294e0575bce8e465e5223ac,171.73
78aeac18c6e9a7bc9294e0575bce8e465e5223ac,183.06
78aeac18c6e9a7bc9294e0575bce8e465e5223ac,178.46
78aeac18c6e9a7bc9294e0575bce8e465e5223ac,181.19
78aeac18c6e9a7bc9294e0575bce8e465e5223ac,175.89
78aeac18c6e9a7bc9294e0575bce8e465e5223ac,173.86
f0ae81b13eb3dee39d4b93e73913e5072bf5debd,175.58
f0ae81b13eb3dee39d4b93e73913e5072bf5debd,175.78
f0ae81b13eb3dee39d4b93e73913e5072bf5debd,168.76
f0ae81b13eb3dee39d4b93e73913e5072bf5debd,173.27
f0ae81b13eb3dee39d4b93e73913e5072bf5debd,180.45
f0ae81b13eb3dee39d4b93e73913e5072bf5debd,180.04
f0ae81b13eb3dee39d4b93e73913e5072bf5debd,171.02
f0ae81b13eb3dee39d4b93e73913e5072bf5debd,179.43
f0ae81b13eb3dee39d4b93e73913e5072bf5debd,176.31
f0ae81b13eb3dee39d4b93e73913e5072bf5debd,171.11
f0ae81b13eb3dee39d4b93e73913e5072bf5debd,174.26
f0ae81b13eb3dee39d4b93e73913e5072bf5debd,174.40
f0ae81b13eb3dee39d4b93e73913e5072bf5debd,175.28
f0ae81b13eb3dee39d4b93e73913e5072bf5debd,174.19
f0ae81b13eb3dee39d4b93e73913e5072bf5debd,176.43
f0ae81b13eb3dee39d4b93e73913e5072bf5debd,174.43
d9544a49ec6859d145b8392cc9fb4a3c86960b42,173.57
d9544a49ec6859d145b8392cc9fb4a3c86960b42,176.15
d9544a49ec6859d145b8392cc9fb4a3c86960b42,176.06
d9544a49ec6859d145b8392cc9fb4a3c86960b42,167.33
d9544a49ec6859d145b8392cc9fb4a3c86960b42,171.13
d9544a49ec6859d145b8392cc9fb4a3c86960b42,173.03
d9544a49ec6859d145b8392cc9fb4a3c86960b42,175.78
d9544a49ec6859d145b8392cc9fb4a3c86960b42,175.95
d9544a49ec6859d145b8392cc9fb4a3c86960b42,172.54
d9544a49ec6859d145b8392cc9fb4a3c86960b42,176.57
8e2b86839b276191cf215a3500c405b1489cb215,169.17
8e2b86839b276191cf215a3500c405b1489cb215,174.78
8e2b86839b276191cf215a3500c405b1489cb215,173.81
8e2b86839b276191cf215a3500c405b1489cb215,171.54
8e2b86839b276191cf215a3500c405b1489cb215,174.98
8e2b86839b276191cf215a3500c405b1489cb215,175.43
8e2b86839b276191cf215a3500c405b1489cb215,175.97
8e2b86839b276191cf215a3500c405b1489cb215,175.16
8e2b86839b276191cf215a3500c405b1489cb215,171.44
8e2b86839b276191cf215a3500c405b1489cb215,170.08
8e2b86839b276191cf215a3500c405b1489cb215,174.68
8e2b86839b276191cf215a3500c405b1489cb215,175.79
8e2b86839b276191cf215a3500c405b1489cb215,175.25
8e2b86839b276191cf215a3500c405b1489cb215,175.40
8e2b86839b276191cf215a3500c405b1489cb215,171.32
8e2b86839b276191cf215a3500c405b1489cb215,175.15
8e2b86839b276191cf215a3500c405b1489cb215,167.65
062ebdb3b77f170a3e4d03c61d6b7290c83ffb44,171.73
062ebdb3b77f170a3e4d03c61d6b7290c83ffb44,176.56
062ebdb3b77f170a3e4d03c61d6b7290c83ffb44,179.75
062ebdb3b77f170a3e4d03c61d6b7290c83ffb44,176.49
062ebdb3b77f170a3e4d03c61d6b7290c83ffb44,174.24
062ebdb3b77f170a3e4d03c61d6b7290c83ffb44,174.12
062ebdb3b77f170a3e4d03c61d6b7290c83ffb44,177.33
062ebdb3b77f170a3e4d03c61d6b7290c83ffb44,180.88
062ebdb3b77f170a3e4d03c61d6b7290c83ffb44,175.29
062ebdb3b77f170a3e4d03c61d6b7290c83ffb44,175.95
062ebdb3b77f170a3e4d03c61d6b7290c83ffb44,174.54
062ebdb3b77f170a3e4d03c61d6b7290c83ffb44,172.31
062ebdb3b77f170a3e4d03c61d6b7290c83ffb44,178.27
062ebdb3b77f170a3e4d03c61d6b7290c83ffb44,176.84
062ebdb3b77f170a3e4d03c61d6b7290c83ffb44,172.63
062ebdb3b77f170a3e4d03c61d6b7290c83ffb44,177.39
062ebdb3b77f170a3e4d03c61d6b7290c83ffb44,177.52
8b60aba07a99536cdcb876a9847ad44c71182328,178.29
8b60aba07a99536cdcb876a9847ad44c71182328,170.35
8b60aba07a99536cdcb876a9847ad44c71182328,175.19
8b60aba07a99536cdcb876a9847ad44c71182328,173.46
8b60aba07a99536cdcb876a9847ad44c71182328,170.58
8b60aba07a99536cdcb876a9847ad44c71182328,176.03
8b60aba07a99536cdcb876a9847ad44c71182328,172.14
8b60aba07a99536cdcb876a9847ad44c71182328,179.36
8b60aba07a99536cdcb876a9847ad44c71182328,172.41
8b60aba07a99536cdcb876a9847ad44c71182328,176.59
8b60aba07a99536cdcb876a9847ad44c71182328,173.35
8b60aba07a99536cdcb876a9847ad44c71182328,178.65
8b60aba07a99536cdcb876a9847ad44c71182328,174.16
61e586163f8fce20b5d9684409ac939d2687133d,172.50
61e586163f8fce20b5d9684409ac939d2687133d,169.53
61e586163f8fce20b5d9684409ac939d2687133d,173.79
61e586163f8fce20b5d9684409ac939d2687133d,173.22
61e586163f8fce20b5d9684409ac939d2687133d,175.71
61e586163f8fce20b5d9684409ac939d2687133d,171.38
61e586163f8fce20b5d9684409ac939d2687133d,171.99
61e586163f8fce20b5d9684409ac939d2687133d,175.84
61e586163f8fce20b5d9684409ac939d2687133d,180.97
61e586163f8fce20b5d9684409ac939d2687133d,174.81
61e586163f8fce20b5d9684409ac939d2687133d,171.43
61e586163f8fce20b5d9684409ac939d2687133d,174.56
61e586163f8fce20b5d9684409ac939d2687133d,178.08
61e586163f8fce20b5d9684409ac939d2687133d,172.73
61e586163f8fce20b5d9684409ac939d2687133d,170.37
61e586163f8fce20b5d9684409ac939d2687133d,176.99
4a278e9b8e9c0515ee005775703a40d7b0a86d2f,176.96
4a278e9b8e9c0515ee005775703a40d7b0a86d2f,182.10
4a278e9b8e9c0515ee005775703a40d7b0a86d2f,176.70
4a278e9b8e9c0515ee005775703a40d7b0a86d2f,177.04
4a278e9b8e9c0515ee005775703a40d7b0a86d2f,172.60
4a278e9b8e9c0515ee005775703a40d7b0a86d2f,169.68
4a278e9b8e9c0515ee005775703a40d7b0a86d2f,172.26
4a278e9b8e9c0515ee005775703a40d7b0a86d2f,176.36
4a278e9b8e9c0515ee005775703a40d7b0a86d2f,181.63
4a278e9b8e9c0515ee005775703a40d7b0a86d2f,174.23
4a278e9b8e9c0515ee005775703a40d7b0a86d2f,181.68
4a278e9b8e9c0515ee005775703a40d7b0a86d2f,173.87
4a278e9b8e9c0515ee005775703a40d7b0a86d2f,180.02
4a278e9b8e9c0515ee005775703a40d7b0a86d2f,171.44
4a278e9b8e9c0515ee005775703a40d7b0a86d2f,169.15
4a278e9b8e9c0515ee005775703a40d7b0a86d2f,179.89
401c8b010e01a03d5af00b88387e0dc3a8c1c8a4,174.43
401c8b010e01a03d5af00b88387e0dc3a8c1c8a4,176.96
401c8b010e01a03d5af00b88387e0dc3a8c1c8a4,172.17
401c8b010e01a03d5af00b88387e0dc3a8c1c8a4,172.46
401c8b010e01a03d5af00b88387e0dc3a8c1c8a4,171.05
401c8b010e01a03d5af00b88387e0dc3a8c1c8a4,170.51
401c8b010e01a03d5af00b88387e0dc3a8c1c8a4,178.84
401c8b010e01a03d5af00b88387e0dc3a8c1c8a4,173.14
401c8b010e01a03d5af00b88387e0dc3a8c1c8a4,172.25
401c8b010e01a03d5af00b88387e0dc3a8c1c8a4,174.02
401c8b010e01a03d5af00b88387e0dc3a8c1c8a4,175.28
401c8b010e01a03d5af00b88387e0dc3a8c1c8a4,174.01
401c8b010e01a03d5af00b88387e0dc3a8c1c8a4,170.83
401c8b010e01a03d5af00b88387e0dc3a8c1c8a4,180.19
401c8b010e01a03d5af00b88387e0dc3a8c1c8a4,180.62
401c8b010e01a03d5af00b88387e0dc3a8c1c8a4,173.51
401c8b010e01a03d5af00b88387e0dc3a8c1c8a4,179.59
042cf6b539f53af0a85f678c18aaae6ab97a6e6f,181.07
042cf6b539f53af0a85f678c18aaae6ab97a6e6f,173.25
042cf6b539f53af0a85f678c18aaae6ab97a6e6f,170.82
042cf6b539f53af0a85f678c18aaae6ab97a6e6f,169.95
042cf6b539f53af0a85f678c18aaae6ab97a6e6f,180.38
042cf6b539f53af0a85f678c18aaae6ab97a6e6f,178.61
042cf6b539f53af0a85f678c18aaae6ab97a6e6f,173.24
042cf6b539f53af0a85f678c18aaae6ab97a6e6f,176.87
042cf6b539f53af0a85f678c18aaae6ab97a6e6f,174.55
042cf6b539f53af0a85f678c18aaae6ab97a6e6f,177.63
042cf6b539f53af0a85f678c18aaae6ab97a6e6f,173.81
042cf6b539f53af0a85f678c18aaae6ab97a6e6f,171.95
042cf6b539f53af0a85f678c18aaae6ab97a6e6f,170.63
042cf6b539f53af0a85f678c18aaae6ab97a6e6f,172.75
042cf6b539f53af0a85f678c18aaae6ab97a6e6f,174.28
042cf6b539f53af0a85f678c18aaae6ab97a6e6f,175.50
042cf6b539f53af0a85f678c18aaae6ab97a6e6f,174.90
042cf6b539f53af0a85f678c18aaae6ab97a6e6f,171.55
72eeaf0be2649e5785b06e5602d247dc04e413c0,173.19
72eeaf0be2649e5785b06e5602d247dc04e413c0,180.25
72eeaf0be2649e5785b06e5602d247dc04e413c0,170.08
72eeaf0be2649e5785b06e5602d247dc04e413c0,173.85
72eeaf0be2649e5785b06e5602d247dc04e413c0,170.20
72eeaf0be2649e5785b06e5602d247dc04e413c0,175.66
72eeaf0be2649e5785b06e5602d247dc04e413c0,176.57
72eeaf0be2649e5785b06e5602d247dc04e413c0,173.36
72eeaf0be2649e5785b06e5602d247dc04e413c0,172.30
72eeaf0be2649e5785b06e5602d247dc04e413c0,174.11
72eeaf0be2649e5785b06e5602d247dc04e413c0,181.81
72eeaf0be2649e5785b06e5602d247dc04e413c0,177.75
72eeaf0be2649e5785b06e5602d247dc04e413c0,174.87
72eeaf0be2649e5785b06e5602d247dc04e413c0,173.24
72eeaf0be2649e5785b06e5602d247dc04e413c0,177.25
df617e986da7b2f839a15727b04ffecae71cc53e,173.62
df617e986da7b2f839a15727b04ffecae71cc53e,172.61
e6a1efac8c652f95f58bc2c9542634d110e9b250,169.80
37f6690fe01604f23792b10e8fdaa2f1a8479a43,173.74
32d247d6f4ec66b10c32be2fb6d2f2666c2399bf,174.53
0b10d516ed8f907f8fb4acb9a0806137a8988d45,171.17
0b10d516ed8f907f8fb4acb9a0806137a8988d45,175.95
0b10d516ed8f907f8fb4acb9a0806137a8988d45,172.91
0b10d516ed8f907f8fb4acb9a0806137a8988d45,171.52
1762412a28fa7b08ccf71d93fc4c98dc73086e03,172.51
04b3a82861ae0d2a6317cf4466e3d7e021d1beaa,175.00
0eb8232cfc4926fe5ece8e16edcd2a806ccc413f,191.21
48c3e992ad52b90f0e78371994b9f8d3c68c783f,173.39
48c3e992ad52b90f0e78371994b9f8d3c68c783f,170.71
4e7ea39b2064b078cc3e29f6dd6f8f0a60a9765c,171.83
4e7ea39b2064b078cc3e29f6dd6f8f0a60a9765c,172.61
7dae7ea5e1f7ad494eddb3aead3dcd37e0e03236,173.63
55fab07ff3f7de1d4bc62ec02e50ea8cb72fe0d2,171.90
02bbe6e093113e6a3a5f48ab8ab325df8c90e2aa,174.20
57b07e10496e0615cd316a0138fa0b4a4a469fa0,174.97
57b07e10496e0615cd316a0138fa0b4a4a469fa0,174.93
780f5f2cbc444909e8b16bccd93a68c330b2ae22,176.84
780f5f2cbc444909e8b16bccd93a68c330b2ae22,177.40
780f5f2cbc444909e8b16bccd93a68c330b2ae22,176.07
780f5f2cbc444909e8b16bccd93a68c330b2ae22,172.45
9170b1d17b3b0c953c0a07b3d62a7884f3a7e019,184.27
91b630f86b5ca0f3540ed0347029cb52c3228ad9,183.51
91b630f86b5ca0f3540ed0347029cb52c3228ad9,189.37
4864af45affc8598dada9a8f970cbc04a793c460,189.21
5f20fcc2f728a930444c2ba9252ec26b20587a80,180.50
8a597925a7dae0b3bce86b1b5638699abed72331,183.66
7a83ffee4641ca44816d113c3acf1d52722ef217,183.91
545145a3176585c989c8c5e9a90f4257796c46d9,182.73
9de27fa7cd823f6d26e33e48b36ef010c05f977c,187.08
9de27fa7cd823f6d26e33e48b36ef010c05f977c,186.62
9de27fa7cd823f6d26e33e48b36ef010c05f977c,180.65
9de27fa7cd823f6d26e33e48b36ef010c05f977c,180.43
9de27fa7cd823f6d26e33e48b36ef010c05f977c,180.81
9de27fa7cd823f6d26e33e48b36ef010c05f977c,182.41
9de27fa7cd823f6d26e33e48b36ef010c05f977c,180.35
9de27fa7cd823f6d26e33e48b36ef010c05f977c,180.90
9de27fa7cd823f6d26e33e48b36ef010c05f977c,179.85
9de27fa7cd823f6d26e33e48b36ef010c05f977c,184.03
9de27fa7cd823f6d26e33e48b36ef010c05f977c,182.22
9de27fa7cd823f6d26e33e48b36ef010c05f977c,182.36
9de27fa7cd823f6d26e33e48b36ef010c05f977c,181.01
9de27fa7cd823f6d26e33e48b36ef010c05f977c,179.09
9de27fa7cd823f6d26e33e48b36ef010c05f977c,179.05
9de27fa7cd823f6d26e33e48b36ef010c05f977c,180.26
9de27fa7cd823f6d26e33e48b36ef010c05f977c,185.19
9de27fa7cd823f6d26e33e48b36ef010c05f977c,185.70
9de27fa7cd823f6d26e33e48b36ef010c05f977c,181.84
9de27fa7cd823f6d26e33e48b36ef010c05f977c,176.72
9de27fa7cd823f6d26e33e48b36ef010c05f977c,186.21
9de27fa7cd823f6d26e33e48b36ef010c05f977c,180.13
9de27fa7cd823f6d26e33e48b36ef010c05f977c,187.29
9de27fa7cd823f6d26e33e48b36ef010c05f977c,184.04
9de27fa7cd823f6d26e33e48b36ef010c05f977c,183.81
9de27fa7cd823f6d26e33e48b36ef010c05f977c,185.90
9de27fa7cd823f6d26e33e48b36ef010c05f977c,181.27
9de27fa7cd823f6d26e33e48b36ef010c05f977c,182.85
9de27fa7cd823f6d26e33e48b36ef010c05f977c,184.20
9de27fa7cd823f6d26e33e48b36ef010c05f977c,183.85
f0eb6bd1ccced79ee04256e9aeb457f65bc7ea30,183.19
f0eb6bd1ccced79ee04256e9aeb457f65bc7ea30,180.66
f0eb6bd1ccced79ee04256e9aeb457f65bc7ea30,183.50
f0eb6bd1ccced79ee04256e9aeb457f65bc7ea30,187.85
f0eb6bd1ccced79ee04256e9aeb457f65bc7ea30,179.52
f0eb6bd1ccced79ee04256e9aeb457f65bc7ea30,180.75
f0eb6bd1ccced79ee04256e9aeb457f65bc7ea30,187.17
f0eb6bd1ccced79ee04256e9aeb457f65bc7ea30,181.51
f0eb6bd1ccced79ee04256e9aeb457f65bc7ea30,182.91
f0eb6bd1ccced79ee04256e9aeb457f65bc7ea30,181.47
f0eb6bd1ccced79ee04256e9aeb457f65bc7ea30,179.35
f0eb6bd1ccced79ee04256e9aeb457f65bc7ea30,182.46
f0eb6bd1ccced79ee04256e9aeb457f65bc7ea30,179.28
f0eb6bd1ccced79ee04256e9aeb457f65bc7ea30,182.41
f0eb6bd1ccced79ee04256e9aeb457f65bc7ea30,176.86
f0eb6bd1ccced79ee04256e9aeb457f65bc7ea30,183.55
f0eb6bd1ccced79ee04256e9aeb457f65bc7ea30,179.28
f0eb6bd1ccced79ee04256e9aeb457f65bc7ea30,184.62
f0eb6bd1ccced79ee04256e9aeb457f65bc7ea30,182.21
f0eb6bd1ccced79ee04256e9aeb457f65bc7ea30,180.44
f0eb6bd1ccced79ee04256e9aeb457f65bc7ea30,182.78
f0eb6bd1ccced79ee04256e9aeb457f65bc7ea30,182.01
f0eb6bd1ccced79ee04256e9aeb457f65bc7ea30,180.20
f0eb6bd1ccced79ee04256e9aeb457f65bc7ea30,183.06
f0eb6bd1ccced79ee04256e9aeb457f65bc7ea30,180.43
f0eb6bd1ccced79ee04256e9aeb457f65bc7ea30,183.04
f0eb6bd1ccced79ee04256e9aeb457f65bc7ea30,187.46
f0eb6bd1ccced79ee04256e9aeb457f65bc7ea30,180.13
f0eb6bd1ccced79ee04256e9aeb457f65bc7ea30,189.19
f0eb6bd1ccced79ee04256e9aeb457f65bc7ea30,184.37
6ccd158754e21a749b2390ca27282a8dda7fb4f6,184.16
6ccd158754e21a749b2390ca27282a8dda7fb4f6,185.84
6ccd158754e21a749b2390ca27282a8dda7fb4f6,181.06
6ccd158754e21a749b2390ca27282a8dda7fb4f6,178.90
6ccd158754e21a749b2390ca27282a8dda7fb4f6,185.00
6ccd158754e21a749b2390ca27282a8dda7fb4f6,182.74
6ccd158754e21a749b2390ca27282a8dda7fb4f6,178.58
6ccd158754e21a749b2390ca27282a8dda7fb4f6,184.42
6ccd158754e21a749b2390ca27282a8dda7fb4f6,187.83
6ccd158754e21a749b2390ca27282a8dda7fb4f6,180.31
6ccd158754e21a749b2390ca27282a8dda7fb4f6,177.66
6ccd158754e21a749b2390ca27282a8dda7fb4f6,183.00
6ccd158754e21a749b2390ca27282a8dda7fb4f6,177.83
6ccd158754e21a749b2390ca27282a8dda7fb4f6,176.71
6ccd158754e21a749b2390ca27282a8dda7fb4f6,179.64
6ccd158754e21a749b2390ca27282a8dda7fb4f6,184.03
6ccd158754e21a749b2390ca27282a8dda7fb4f6,180.81
6ccd158754e21a749b2390ca27282a8dda7fb4f6,184.23
6ccd158754e21a749b2390ca27282a8dda7fb4f6,179.73
6ccd158754e21a749b2390ca27282a8dda7fb4f6,180.58
6ccd158754e21a749b2390ca27282a8dda7fb4f6,182.31
6ccd158754e21a749b2390ca27282a8dda7fb4f6,180.58
6ccd158754e21a749b2390ca27282a8dda7fb4f6,188.01
6ccd158754e21a749b2390ca27282a8dda7fb4f6,179.89
6ccd158754e21a749b2390ca27282a8dda7fb4f6,183.06
6ccd158754e21a749b2390ca27282a8dda7fb4f6,185.33
6ccd158754e21a749b2390ca27282a8dda7fb4f6,185.53
6ccd158754e21a749b2390ca27282a8dda7fb4f6,191.50
6ccd158754e21a749b2390ca27282a8dda7fb4f6,187.10
6ccd158754e21a749b2390ca27282a8dda7fb4f6,183.77
da4e275eaddcef242b3912d85b3bbf35f713c80b,188.20
da4e275eaddcef242b3912d85b3bbf35f713c80b,177.53
da4e275eaddcef242b3912d85b3bbf35f713c80b,185.72
da4e275eaddcef242b3912d85b3bbf35f713c80b,179.58
da4e275eaddcef242b3912d85b3bbf35f713c80b,183.31
da4e275eaddcef242b3912d85b3bbf35f713c80b,178.54
da4e275eaddcef242b3912d85b3bbf35f713c80b,185.52
da4e275eaddcef242b3912d85b3bbf35f713c80b,186.57
da4e275eaddcef242b3912d85b3bbf35f713c80b,184.64
da4e275eaddcef242b3912d85b3bbf35f713c80b,181.97
da4e275eaddcef242b3912d85b3bbf35f713c80b,181.94
da4e275eaddcef242b3912d85b3bbf35f713c80b,179.43
da4e275eaddcef242b3912d85b3bbf35f713c80b,176.65
da4e275eaddcef242b3912d85b3bbf35f713c80b,184.64
da4e275eaddcef242b3912d85b3bbf35f713c80b,179.07
da4e275eaddcef242b3912d85b3bbf35f713c80b,184.02
da4e275eaddcef242b3912d85b3bbf35f713c80b,181.48
da4e275eaddcef242b3912d85b3bbf35f713c80b,185.51
da4e275eaddcef242b3912d85b3bbf35f713c80b,180.75
da4e275eaddcef242b3912d85b3bbf35f713c80b,179.75
da4e275eaddcef242b3912d85b3bbf35f713c80b,178.86
da4e275eaddcef242b3912d85b3bbf35f713c80b,179.98
da4e275eaddcef242b3912d85b3bbf35f713c80b,178.35
da4e275eaddcef242b3912d85b3bbf35f713c80b,186.13
da4e275eaddcef242b3912d85b3bbf35f713c80b,183.59
da4e275eaddcef242b3912d85b3bbf35f713c80b,176.96
da4e275eaddcef242b3912d85b3bbf35f713c80b,187.60
da4e275eaddcef242b3912d85b3bbf35f713c80b,185.64
da4e275eaddcef242b3912d85b3bbf35f713c80b,186.64
da4e275eaddcef242b3912d85b3bbf35f713c80b,183.78
db6dc74ccd31ac0f87a2f021d5157ff298f21969,179.81
db6dc74ccd31ac0f87a2f021d5157ff298f21969,180.02
db6dc74ccd31ac0f87a2f021d5157ff298f21969,181.69
db6dc74ccd31ac0f87a2f021d5157ff298f21969,176.68
db6dc74ccd31ac0f87a2f021d5157ff298f21969,188.99
db6dc74ccd31ac0f87a2f021d5157ff298f21969,182.72
db6dc74ccd31ac0f87a2f021d5157ff298f21969,182.01
db6dc74ccd31ac0f87a2f021d5157ff298f21969,180.14
db6dc74ccd31ac0f87a2f021d5157ff298f21969,177.83
db6dc74ccd31ac0f87a2f021d5157ff298f21969,184.20
db6dc74ccd31ac0f87a2f021d5157ff298f21969,186.56
db6dc74ccd31ac0f87a2f021d5157ff298f21969,183.19
db6dc74ccd31ac0f87a2f021d5157ff298f21969,187.56
db6dc74ccd31ac0f87a2f021d5157ff298f21969,177.11
db6dc74ccd31ac0f87a2f021d5157ff298f21969,180.20
db6dc74ccd31ac0f87a2f021d5157ff298f21969,188.04
db6dc74ccd31ac0f87a2f021d5157ff298f21969,179.09
db6dc74ccd31ac0f87a2f021d5157ff298f21969,180.93
db6dc74ccd31ac0f87a2f021d5157ff298f21969,179.70
db6dc74ccd31ac0f87a2f021d5157ff298f21969,182.05
db6dc74ccd31ac0f87a2f021d5157ff298f21969,179.61
db6dc74ccd31ac0f87a2f021d5157ff298f21969,183.90
db6dc74ccd31ac0f87a2f021d5157ff298f21969,183.76
db6dc74ccd31ac0f87a2f021d5157ff298f21969,183.99
db6dc74ccd31ac0f87a2f021d5157ff298f21969,187.45
db6dc74ccd31ac0f87a2f021d5157ff298f21969,184.17
db6dc74ccd31ac0f87a2f021d5157ff298f21969,193.35
db6dc74ccd31ac0f87a2f021d5157ff298f21969,184.94
db6dc74ccd31ac0f87a2f021d5157ff298f21969,188.94
db6dc74ccd31ac0f87a2f021d5157ff298f21969,185.60
8557242fa77786f3159094fc0ba629eab990aac8,184.56
8557242fa77786f3159094fc0ba629eab990aac8,185.95
8557242fa77786f3159094fc0ba629eab990aac8,184.97
8557242fa77786f3159094fc0ba629eab990aac8,179.12
8557242fa77786f3159094fc0ba629eab990aac8,180.45
8557242fa77786f3159094fc0ba629eab990aac8,181.84
8557242fa77786f3159094fc0ba629eab990aac8,182.88
8557242fa77786f3159094fc0ba629eab990aac8,182.46
8557242fa77786f3159094fc0ba629eab990aac8,183.67
8557242fa77786f3159094fc0ba629eab990aac8,180.67
8557242fa77786f3159094fc0ba629eab990aac8,179.47
8557242fa77786f3159094fc0ba629eab990aac8,187.24
8557242fa77786f3159094fc0ba629eab990aac8,177.19
8557242fa77786f3159094fc0ba629eab990aac8,178.79
8557242fa77786f3159094fc0ba629eab990aac8,184.19
8557242fa77786f3159094fc0ba629eab990aac8,176.80
8557242fa77786f3159094fc0ba629eab990aac8,184.21
8557242fa77786f3159094fc0ba629eab990aac8,179.90
8557242fa77786f3159094fc0ba629eab990aac8,181.46
8557242fa77786f3159094fc0ba629eab990aac8,180.30
8557242fa77786f3159094fc0ba629eab990aac8,186.13
8557242fa77786f3159094fc0ba629eab990aac8,185.71
8557242fa77786f3159094fc0ba629eab990aac8,182.30
8557242fa77786f3159094fc0ba629eab990aac8,187.82
8557242fa77786f3159094fc0ba629eab990aac8,183.36
8557242fa77786f3159094fc0ba629eab990aac8,187.55
8557242fa77786f3159094fc0ba629eab990aac8,184.77
8557242fa77786f3159094fc0ba629eab990aac8,185.40
8557242fa77786f3159094fc0ba629eab990aac8,186.69
8557242fa77786f3159094fc0ba629eab990aac8,184.78
216ead5da77efdb058202a69302a016bc06dd3fb,188.85
216ead5da77efdb058202a69302a016bc06dd3fb,185.90
216ead5da77efdb058202a69302a016bc06dd3fb,182.66
216ead5da77efdb058202a69302a016bc06dd3fb,184.59
216ead5da77efdb058202a69302a016bc06dd3fb,186.78
216ead5da77efdb058202a69302a016bc06dd3fb,183.81
216ead5da77efdb058202a69302a016bc06dd3fb,178.92
216ead5da77efdb058202a69302a016bc06dd3fb,180.98
216ead5da77efdb058202a69302a016bc06dd3fb,189.63
216ead5da77efdb058202a69302a016bc06dd3fb,184.55
216ead5da77efdb058202a69302a016bc06dd3fb,181.94
216ead5da77efdb058202a69302a016bc06dd3fb,179.47
216ead5da77efdb058202a69302a016bc06dd3fb,177.11
216ead5da77efdb058202a69302a016bc06dd3fb,185.84
216ead5da77efdb058202a69302a016bc06dd3fb,177.52
216ead5da77efdb058202a69302a016bc06dd3fb,187.37
216ead5da77efdb058202a69302a016bc06dd3fb,179.02
216ead5da77efdb058202a69302a016bc06dd3fb,180.20
216ead5da77efdb058202a69302a016bc06dd3fb,183.62
216ead5da77efdb058202a69302a016bc06dd3fb,186.65
216ead5da77efdb058202a69302a016bc06dd3fb,183.63
216ead5da77efdb058202a69302a016bc06dd3fb,186.52
216ead5da77efdb058202a69302a016bc06dd3fb,177.30
216ead5da77efdb058202a69302a016bc06dd3fb,189.27
216ead5da77efdb058202a69302a016bc06dd3fb,182.90
216ead5da77efdb058202a69302a016bc06dd3fb,184.33
216ead5da77efdb058202a69302a016bc06dd3fb,183.45
216ead5da77efdb058202a69302a016bc06dd3fb,185.00
216ead5da77efdb058202a69302a016bc06dd3fb,185.53
216ead5da77efdb058202a69302a016bc06dd3fb,184.12
8c81b965418227c5542c795c30cfa83ae89afb18,180.82
8c81b965418227c5542c795c30cfa83ae89afb18,185.94
8c81b965418227c5542c795c30cfa83ae89afb18,182.36
8c81b965418227c5542c795c30cfa83ae89afb18,183.75
8c81b965418227c5542c795c30cfa83ae89afb18,185.37
8c81b965418227c5542c795c30cfa83ae89afb18,178.55
8c81b965418227c5542c795c30cfa83ae89afb18,189.50
8c81b965418227c5542c795c30cfa83ae89afb18,188.55
8c81b965418227c5542c795c30cfa83ae89afb18,187.45
8c81b965418227c5542c795c30cfa83ae89afb18,180.30
8c81b965418227c5542c795c30cfa83ae89afb18,184.05
8c81b965418227c5542c795c30cfa83ae89afb18,180.45
8c81b965418227c5542c795c30cfa83ae89afb18,183.90
8c81b965418227c5542c795c30cfa83ae89afb18,186.87
8c81b965418227c5542c795c30cfa83ae89afb18,180.98
8c81b965418227c5542c795c30cfa83ae89afb18,186.26
8c81b965418227c5542c795c30cfa83ae89afb18,182.66
8c81b965418227c5542c795c30cfa83ae89afb18,183.82
8c81b965418227c5542c795c30cfa83ae89afb18,181.63
8c81b965418227c5542c795c30cfa83ae89afb18,181.35
8c81b965418227c5542c795c30cfa83ae89afb18,182.37
8c81b965418227c5542c795c30cfa83ae89afb18,182.67
8c81b965418227c5542c795c30cfa83ae89afb18,179.91
8c81b965418227c5542c795c30cfa83ae89afb18,189.18
8c81b965418227c5542c795c30cfa83ae89afb18,185.87
8c81b965418227c5542c795c30cfa83ae89afb18,179.75
8c81b965418227c5542c795c30cfa83ae89afb18,183.80
8c81b965418227c5542c795c30cfa83ae89afb18,184.05
8c81b965418227c5542c795c30cfa83ae89afb18,186.81
8c81b965418227c5542c795c30cfa83ae89afb18,186.08
8b6e745bb8dff9d3a1a62bb8530f77d14c351398,182.27
8b6e745bb8dff9d3a1a62bb8530f77d14c351398,186.50
8b6e745bb8dff9d3a1a62bb8530f77d14c351398,181.05
8b6e745bb8dff9d3a1a62bb8530f77d14c351398,182.55
8b6e745bb8dff9d3a1a62bb8530f77d14c351398,185.72
8b6e745bb8dff9d3a1a62bb8530f77d14c351398,182.78
8b6e745bb8dff9d3a1a62bb8530f77d14c351398,180.95
8b6e745bb8dff9d3a1a62bb8530f77d14c351398,186.20
8b6e745bb8dff9d3a1a62bb8530f77d14c351398,184.87
8b6e745bb8dff9d3a1a62bb8530f77d14c351398,181.06
8b6e745bb8dff9d3a1a62bb8530f77d14c351398,185.16
8b6e745bb8dff9d3a1a62bb8530f77d14c351398,182.45
8b6e745bb8dff9d3a1a62bb8530f77d14c351398,182.67
8b6e745bb8dff9d3a1a62bb8530f77d14c351398,185.13
8b6e745bb8dff9d3a1a62bb8530f77d14c351398,179.95
8b6e745bb8dff9d3a1a62bb8530f77d14c351398,183.24
8b6e745bb8dff9d3a1a62bb8530f77d14c351398,180.24
8b6e745bb8dff9d3a1a62bb8530f77d14c351398,182.41
8b6e745bb8dff9d3a1a62bb8530f77d14c351398,177.69
8b6e745bb8dff9d3a1a62bb8530f77d14c351398,182.04
8b6e745bb8dff9d3a1a62bb8530f77d14c351398,179.14
8b6e745bb8dff9d3a1a62bb8530f77d14c351398,182.25
8b6e745bb8dff9d3a1a62bb8530f77d14c351398,181.30
8b6e745bb8dff9d3a1a62bb8530f77d14c351398,187.90
8b6e745bb8dff9d3a1a62bb8530f77d14c351398,182.30
8b6e745bb8dff9d3a1a62bb8530f77d14c351398,186.71
8b6e745bb8dff9d3a1a62bb8530f77d14c351398,190.03
8b6e745bb8dff9d3a1a62bb8530f77d14c351398,179.99
8b6e745bb8dff9d3a1a62bb8530f77d14c351398,183.53
8b6e745bb8dff9d3a1a62bb8530f77d14c351398,187.66
61ac59b7103e6b1932cd1c65d7ddc59df3cc9978,182.58
61ac59b7103e6b1932cd1c65d7ddc59df3cc9978,184.70
61ac59b7103e6b1932cd1c65d7ddc59df3cc9978,190.33
61ac59b7103e6b1932cd1c65d7ddc59df3cc9978,185.12
61ac59b7103e6b1932cd1c65d7ddc59df3cc9978,184.19
61ac59b7103e6b1932cd1c65d7ddc59df3cc9978,186.85
61ac59b7103e6b1932cd1c65d7ddc59df3cc9978,184.77
61ac59b7103e6b1932cd1c65d7ddc59df3cc9978,184.81
61ac59b7103e6b1932cd1c65d7ddc59df3cc9978,184.42
61ac59b7103e6b1932cd1c65d7ddc59df3cc9978,184.48
61ac59b7103e6b1932cd1c65d7ddc59df3cc9978,184.18
61ac59b7103e6b1932cd1c65d7ddc59df3cc9978,185.84
61ac59b7103e6b1932cd1c65d7ddc59df3cc9978,190.84
61ac59b7103e6b1932cd1c65d7ddc59df3cc9978,178.49
61ac59b7103e6b1932cd1c65d7ddc59df3cc9978,182.29
61ac59b7103e6b1932cd1c65d7ddc59df3cc9978,181.02
61ac59b7103e6b1932cd1c65d7ddc59df3cc9978,182.35
61ac59b7103e6b1932cd1c65d7ddc59df3cc9978,184.02
61ac59b7103e6b1932cd1c65d7ddc59df3cc9978,183.50
61ac59b7103e6b1932cd1c65d7ddc59df3cc9978,183.51
61ac59b7103e6b1932cd1c65d7ddc59df3cc9978,191.64
61ac59b7103e6b1932cd1c65d7ddc59df3cc9978,187.32
61ac59b7103e6b1932cd1c65d7ddc59df3cc9978,189.69
61ac59b7103e6b1932cd1c65d7ddc59df3cc9978,190.70
61ac59b7103e6b1932cd1c65d7ddc59df3cc9978,187.35
61ac59b7103e6b1932cd1c65d7ddc59df3cc9978,184.99
61ac59b7103e6b1932cd1c65d7ddc59df3cc9978,197.46
61ac59b7103e6b1932cd1c65d7ddc59df3cc9978,196.36
61ac59b7103e6b1932cd1c65d7ddc59df3cc9978,186.62
61ac59b7103e6b1932cd1c65d7ddc59df3cc9978,185.20
ea16171f606c48a417255b7b7d25a6b4af2efee7,193.06
ea16171f606c48a417255b7b7d25a6b4af2efee7,181.86
ea16171f606c48a417255b7b7d25a6b4af2efee7,182.90
ea16171f606c48a417255b7b7d25a6b4af2efee7,182.65
ea16171f606c48a417255b7b7d25a6b4af2efee7,189.74
ea16171f606c48a417255b7b7d25a6b4af2efee7,184.34
ea16171f606c48a417255b7b7d25a6b4af2efee7,190.14
ea16171f606c48a417255b7b7d25a6b4af2efee7,181.28
ea16171f606c48a417255b7b7d25a6b4af2efee7,179.23
ea16171f606c48a417255b7b7d25a6b4af2efee7,186.18
ea16171f606c48a417255b7b7d25a6b4af2efee7,181.43
ea16171f606c48a417255b7b7d25a6b4af2efee7,188.24
ea16171f606c48a417255b7b7d25a6b4af2efee7,183.55
ea16171f606c48a417255b7b7d25a6b4af2efee7,182.41
ea16171f606c48a417255b7b7d25a6b4af2efee7,191.91
ea16171f606c48a417255b7b7d25a6b4af2efee7,188.24
ea16171f606c48a417255b7b7d25a6b4af2efee7,182.85
ea16171f606c48a417255b7b7d25a6b4af2efee7,190.00
ea16171f606c48a417255b7b7d25a6b4af2efee7,186.81
ea16171f606c48a417255b7b7d25a6b4af2efee7,186.97
ea16171f606c48a417255b7b7d25a6b4af2efee7,187.73
ea16171f606c48a417255b7b7d25a6b4af2efee7,192.33
ea16171f606c48a417255b7b7d25a6b4af2efee7,189.29
ea16171f606c48a417255b7b7d25a6b4af2efee7,186.19
ea16171f606c48a417255b7b7d25a6b4af2efee7,191.86
ea16171f606c48a417255b7b7d25a6b4af2efee7,185.12
ea16171f606c48a417255b7b7d25a6b4af2efee7,191.50
ea16171f606c48a417255b7b7d25a6b4af2efee7,191.03
ea16171f606c48a417255b7b7d25a6b4af2efee7,185.69
ea16171f606c48a417255b7b7d25a6b4af2efee7,202.02
3663b36f24f32f4c06b186adfee3a4ed121d96c6,197.36
3663b36f24f32f4c06b186adfee3a4ed121d96c6,183.85
3663b36f24f32f4c06b186adfee3a4ed121d96c6,178.56
3663b36f24f32f4c06b186adfee3a4ed121d96c6,185.38
3663b36f24f32f4c06b186adfee3a4ed121d96c6,190.98
3663b36f24f32f4c06b186adfee3a4ed121d96c6,186.07
3663b36f24f32f4c06b186adfee3a4ed121d96c6,181.67
3663b36f24f32f4c06b186adfee3a4ed121d96c6,189.62
3663b36f24f32f4c06b186adfee3a4ed121d96c6,182.78
3663b36f24f32f4c06b186adfee3a4ed121d96c6,186.33
3663b36f24f32f4c06b186adfee3a4ed121d96c6,188.09
3663b36f24f32f4c06b186adfee3a4ed121d96c6,182.81
3663b36f24f32f4c06b186adfee3a4ed121d96c6,187.95
3663b36f24f32f4c06b186adfee3a4ed121d96c6,182.17
3663b36f24f32f4c06b186adfee3a4ed121d96c6,182.19
3663b36f24f32f4c06b186adfee3a4ed121d96c6,195.86
3663b36f24f32f4c06b186adfee3a4ed121d96c6,188.59
3663b36f24f32f4c06b186adfee3a4ed121d96c6,187.63
3663b36f24f32f4c06b186adfee3a4ed121d96c6,189.75
3663b36f24f32f4c06b186adfee3a4ed121d96c6,186.28
3663b36f24f32f4c06b186adfee3a4ed121d96c6,189.42
3663b36f24f32f4c06b186adfee3a4ed121d96c6,184.32
3663b36f24f32f4c06b186adfee3a4ed121d96c6,187.56
3663b36f24f32f4c06b186adfee3a4ed121d96c6,191.06
3663b36f24f32f4c06b186adfee3a4ed121d96c6,189.12
3663b36f24f32f4c06b186adfee3a4ed121d96c6,185.76
3663b36f24f32f4c06b186adfee3a4ed121d96c6,185.65
3663b36f24f32f4c06b186adfee3a4ed121d96c6,186.09
3663b36f24f32f4c06b186adfee3a4ed121d96c6,189.84
3663b36f24f32f4c06b186adfee3a4ed121d96c6,192.45
13f7ef9241017d331a512e2ed85b0f51a7d8c398,186.88
13f7ef9241017d331a512e2ed85b0f51a7d8c398,195.89
13f7ef9241017d331a512e2ed85b0f51a7d8c398,184.65
13f7ef9241017d331a512e2ed85b0f51a7d8c398,191.97
13f7ef9241017d331a512e2ed85b0f51a7d8c398,184.35
13f7ef9241017d331a512e2ed85b0f51a7d8c398,183.44
13f7ef9241017d331a512e2ed85b0f51a7d8c398,193.12
13f7ef9241017d331a512e2ed85b0f51a7d8c398,187.26
13f7ef9241017d331a512e2ed85b0f51a7d8c398,182.21
13f7ef9241017d331a512e2ed85b0f51a7d8c398,188.13
13f7ef9241017d331a512e2ed85b0f51a7d8c398,190.57
13f7ef9241017d331a512e2ed85b0f51a7d8c398,185.72
13f7ef9241017d331a512e2ed85b0f51a7d8c398,189.60
13f7ef9241017d331a512e2ed85b0f51a7d8c398,185.06
13f7ef9241017d331a512e2ed85b0f51a7d8c398,187.95
13f7ef9241017d331a512e2ed85b0f51a7d8c398,191.43
13f7ef9241017d331a512e2ed85b0f51a7d8c398,184.92
13f7ef9241017d331a512e2ed85b0f51a7d8c398,180.97
13f7ef9241017d331a512e2ed85b0f51a7d8c398,184.11
13f7ef9241017d331a512e2ed85b0f51a7d8c398,189.37
13f7ef9241017d331a512e2ed85b0f51a7d8c398,185.52
13f7ef9241017d331a512e2ed85b0f51a7d8c398,185.98
13f7ef9241017d331a512e2ed85b0f51a7d8c398,194.39
13f7ef9241017d331a512e2ed85b0f51a7d8c398,186.18
13f7ef9241017d331a512e2ed85b0f51a7d8c398,186.17
13f7ef9241017d331a512e2ed85b0f51a7d8c398,191.93
13f7ef9241017d331a512e2ed85b0f51a7d8c398,186.92
13f7ef9241017d331a512e2ed85b0f51a7d8c398,196.28
13f7ef9241017d331a512e2ed85b0f51a7d8c398,192.18
13f7ef9241017d331a512e2ed85b0f51a7d8c398,190.95
1657e8fd65889cd4a60052ed31f9cb245c02dfad,187.84
1657e8fd65889cd4a60052ed31f9cb245c02dfad,188.58
1657e8fd65889cd4a60052ed31f9cb245c02dfad,188.20
1657e8fd65889cd4a60052ed31f9cb245c02dfad,184.23
1657e8fd65889cd4a60052ed31f9cb245c02dfad,188.14
1657e8fd65889cd4a60052ed31f9cb245c02dfad,182.53
1657e8fd65889cd4a60052ed31f9cb245c02dfad,186.18
1657e8fd65889cd4a60052ed31f9cb245c02dfad,187.49
1657e8fd65889cd4a60052ed31f9cb245c02dfad,184.20
1657e8fd65889cd4a60052ed31f9cb245c02dfad,189.26
1657e8fd65889cd4a60052ed31f9cb245c02dfad,195.02
1657e8fd65889cd4a60052ed31f9cb245c02dfad,189.00
1657e8fd65889cd4a60052ed31f9cb245c02dfad,193.00
1657e8fd65889cd4a60052ed31f9cb245c02dfad,185.55
1657e8fd65889cd4a60052ed31f9cb245c02dfad,189.27
1657e8fd65889cd4a60052ed31f9cb245c02dfad,185.52
1657e8fd65889cd4a60052ed31f9cb245c02dfad,189.06
1657e8fd65889cd4a60052ed31f9cb245c02dfad,195.13
1657e8fd65889cd4a60052ed31f9cb245c02dfad,183.80
1657e8fd65889cd4a60052ed31f9cb245c02dfad,187.56
1657e8fd65889cd4a60052ed31f9cb245c02dfad,185.28
1657e8fd65889cd4a60052ed31f9cb245c02dfad,182.24
1657e8fd65889cd4a60052ed31f9cb245c02dfad,186.88
1657e8fd65889cd4a60052ed31f9cb245c02dfad,186.57
1657e8fd65889cd4a60052ed31f9cb245c02dfad,192.18
1657e8fd65889cd4a60052ed31f9cb245c02dfad,187.32
1657e8fd65889cd4a60052ed31f9cb245c02dfad,191.05
1657e8fd65889cd4a60052ed31f9cb245c02dfad,189.66
1657e8fd65889cd4a60052ed31f9cb245c02dfad,194.26
1657e8fd65889cd4a60052ed31f9cb245c02dfad,187.32
c61ce94f35c74f4b2410cb8429511f19a11d5139,183.66
c61ce94f35c74f4b2410cb8429511f19a11d5139,192.36
c61ce94f35c74f4b2410cb8429511f19a11d5139,186.44
c61ce94f35c74f4b2410cb8429511f19a11d5139,192.90
c61ce94f35c74f4b2410cb8429511f19a11d5139,189.90
c61ce94f35c74f4b2410cb8429511f19a11d5139,187.02
c61ce94f35c74f4b2410cb8429511f19a11d5139,192.49
c61ce94f35c74f4b2410cb8429511f19a11d5139,185.36
c61ce94f35c74f4b2410cb8429511f19a11d5139,190.00
c61ce94f35c74f4b2410cb8429511f19a11d5139,186.20
c61ce94f35c74f4b2410cb8429511f19a11d5139,185.46
c61ce94f35c74f4b2410cb8429511f19a11d5139,186.23
c61ce94f35c74f4b2410cb8429511f19a11d5139,187.89
c61ce94f35c74f4b2410cb8429511f19a11d5139,183.28
c61ce94f35c74f4b2410cb8429511f19a11d5139,184.19
c61ce94f35c74f4b2410cb8429511f19a11d5139,189.84
c61ce94f35c74f4b2410cb8429511f19a11d5139,186.06
c61ce94f35c74f4b2410cb8429511f19a11d5139,186.59
c61ce94f35c74f4b2410cb8429511f19a11d5139,183.35
c61ce94f35c74f4b2410cb8429511f19a11d5139,193.70
c61ce94f35c74f4b2410cb8429511f19a11d5139,189.97
c61ce94f35c74f4b2410cb8429511f19a11d5139,186.20
c61ce94f35c74f4b2410cb8429511f19a11d5139,187.09
c61ce94f35c74f4b2410cb8429511f19a11d5139,197.49
c61ce94f35c74f4b2410cb8429511f19a11d5139,192.30
c61ce94f35c74f4b2410cb8429511f19a11d5139,190.71
c61ce94f35c74f4b2410cb8429511f19a11d5139,185.72
c61ce94f35c74f4b2410cb8429511f19a11d5139,185.42
c61ce94f35c74f4b2410cb8429511f19a11d5139,192.66
c61ce94f35c74f4b2410cb8429511f19a11d5139,191.10
2a4a9cf83dea46aff9fc97fc6da808948f5086e0,193.63
2a4a9cf83dea46aff9fc97fc6da808948f5086e0,189.33
2a4a9cf83dea46aff9fc97fc6da808948f5086e0,183.33
2a4a9cf83dea46aff9fc97fc6da808948f5086e0,187.06
2a4a9cf83dea46aff9fc97fc6da808948f5086e0,182.04
2a4a9cf83dea46aff9fc97fc6da808948f5086e0,190.53
2a4a9cf83dea46aff9fc97fc6da808948f5086e0,187.34
2a4a9cf83dea46aff9fc97fc6da808948f5086e0,190.54
2a4a9cf83dea46aff9fc97fc6da808948f5086e0,181.44
2a4a9cf83dea46aff9fc97fc6da808948f5086e0,188.72
2a4a9cf83dea46aff9fc97fc6da808948f5086e0,191.00
2a4a9cf83dea46aff9fc97fc6da808948f5086e0,187.26
2a4a9cf83dea46aff9fc97fc6da808948f5086e0,185.74
2a4a9cf83dea46aff9fc97fc6da808948f5086e0,193.29
2a4a9cf83dea46aff9fc97fc6da808948f5086e0,190.56
2a4a9cf83dea46aff9fc97fc6da808948f5086e0,180.32
2a4a9cf83dea46aff9fc97fc6da808948f5086e0,181.21
2a4a9cf83dea46aff9fc97fc6da808948f5086e0,184.38
2a4a9cf83dea46aff9fc97fc6da808948f5086e0,186.29
2a4a9cf83dea46aff9fc97fc6da808948f5086e0,186.10
2a4a9cf83dea46aff9fc97fc6da808948f5086e0,183.41
2a4a9cf83dea46aff9fc97fc6da808948f5086e0,187.12
2a4a9cf83dea46aff9fc97fc6da808948f5086e0,183.62
2a4a9cf83dea46aff9fc97fc6da808948f5086e0,186.68
2a4a9cf83dea46aff9fc97fc6da808948f5086e0,187.52
2a4a9cf83dea46aff9fc97fc6da808948f5086e0,193.36
2a4a9cf83dea46aff9fc97fc6da808948f5086e0,190.01
2a4a9cf83dea46aff9fc97fc6da808948f5086e0,187.71
2a4a9cf83dea46aff9fc97fc6da808948f5086e0,193.65
2a4a9cf83dea46aff9fc97fc6da808948f5086e0,186.01
d126488db626790a69ce99bb96bf3cfe9c591534,185.35
d126488db626790a69ce99bb96bf3cfe9c591534,185.94
d126488db626790a69ce99bb96bf3cfe9c591534,189.85
d126488db626790a69ce99bb96bf3cfe9c591534,185.73
d126488db626790a69ce99bb96bf3cfe9c591534,184.90
d126488db626790a69ce99bb96bf3cfe9c591534,193.24
d126488db626790a69ce99bb96bf3cfe9c591534,190.37
d126488db626790a69ce99bb96bf3cfe9c591534,183.84
d126488db626790a69ce99bb96bf3cfe9c591534,190.30
d126488db626790a69ce99bb96bf3cfe9c591534,183.71
d126488db626790a69ce99bb96bf3cfe9c591534,188.54
d126488db626790a69ce99bb96bf3cfe9c591534,189.20
d126488db626790a69ce99bb96bf3cfe9c591534,181.56
d126488db626790a69ce99bb96bf3cfe9c591534,183.77
d126488db626790a69ce99bb96bf3cfe9c591534,189.98
d126488db626790a69ce99bb96bf3cfe9c591534,187.65
d126488db626790a69ce99bb96bf3cfe9c591534,191.90
d126488db626790a69ce99bb96bf3cfe9c591534,184.53
d126488db626790a69ce99bb96bf3cfe9c591534,184.76
d126488db626790a69ce99bb96bf3cfe9c591534,194.21
d126488db626790a69ce99bb96bf3cfe9c591534,190.27
d126488db626790a69ce99bb96bf3cfe9c591534,187.31
d126488db626790a69ce99bb96bf3cfe9c591534,183.74
d126488db626790a69ce99bb96bf3cfe9c591534,198.77
d126488db626790a69ce99bb96bf3cfe9c591534,188.52
d126488db626790a69ce99bb96bf3cfe9c591534,193.08
d126488db626790a69ce99bb96bf3cfe9c591534,196.41
d126488db626790a69ce99bb96bf3cfe9c591534,191.97
d126488db626790a69ce99bb96bf3cfe9c591534,185.39
d126488db626790a69ce99bb96bf3cfe9c591534,191.37
0c14534294587a19ce81b5ed0282118001c1fa38,191.96
0c14534294587a19ce81b5ed0282118001c1fa38,186.81
0c14534294587a19ce81b5ed0282118001c1fa38,180.61
0c14534294587a19ce81b5ed0282118001c1fa38,183.83
0c14534294587a19ce81b5ed0282118001c1fa38,189.29
0c14534294587a19ce81b5ed0282118001c1fa38,195.17
0c14534294587a19ce81b5ed0282118001c1fa38,190.05
0c14534294587a19ce81b5ed0282118001c1fa38,186.46
0c14534294587a19ce81b5ed0282118001c1fa38,184.85
0c14534294587a19ce81b5ed0282118001c1fa38,189.43
0c14534294587a19ce81b5ed0282118001c1fa38,188.48
0c14534294587a19ce81b5ed0282118001c1fa38,190.91
0c14534294587a19ce81b5ed0282118001c1fa38,188.07
0c14534294587a19ce81b5ed0282118001c1fa38,187.64
0c14534294587a19ce81b5ed0282118001c1fa38,194.26
0c14534294587a19ce81b5ed0282118001c1fa38,193.34
0c14534294587a19ce81b5ed0282118001c1fa38,193.19
0c14534294587a19ce81b5ed0282118001c1fa38,182.71
0c14534294587a19ce81b5ed0282118001c1fa38,191.44
0c14534294587a19ce81b5ed0282118001c1fa38,184.94
0c14534294587a19ce81b5ed0282118001c1fa38,187.88
0c14534294587a19ce81b5ed0282118001c1fa38,186.57
0c14534294587a19ce81b5ed0282118001c1fa38,191.97
0c14534294587a19ce81b5ed0282118001c1fa38,194.09
0c14534294587a19ce81b5ed0282118001c1fa38,184.37
0c14534294587a19ce81b5ed0282118001c1fa38,191.66
0c14534294587a19ce81b5ed0282118001c1fa38,193.58
0c14534294587a19ce81b5ed0282118001c1fa38,191.33
0c14534294587a19ce81b5ed0282118001c1fa38,192.29
0c14534294587a19ce81b5ed0282118001c1fa38,186.66
bbb9cdcbaf45f6459fdb9059b2616c590d4de710,187.68
bbb9cdcbaf45f6459fdb9059b2616c590d4de710,192.80
bbb9cdcbaf45f6459fdb9059b2616c590d4de710,188.81
bbb9cdcbaf45f6459fdb9059b2616c590d4de710,189.87
bbb9cdcbaf45f6459fdb9059b2616c590d4de710,192.42
bbb9cdcbaf45f6459fdb9059b2616c590d4de710,189.05
bbb9cdcbaf45f6459fdb9059b2616c590d4de710,187.93
bbb9cdcbaf45f6459fdb9059b2616c590d4de710,193.74
bbb9cdcbaf45f6459fdb9059b2616c590d4de710,190.98
bbb9cdcbaf45f6459fdb9059b2616c590d4de710,191.66
bbb9cdcbaf45f6459fdb9059b2616c590d4de710,185.66
bbb9cdcbaf45f6459fdb9059b2616c590d4de710,183.48
bbb9cdcbaf45f6459fdb9059b2616c590d4de710,188.65
bbb9cdcbaf45f6459fdb9059b2616c590d4de710,195.52
bbb9cdcbaf45f6459fdb9059b2616c590d4de710,185.08
bbb9cdcbaf45f6459fdb9059b2616c590d4de710,186.28
bbb9cdcbaf45f6459fdb9059b2616c590d4de710,182.10
bbb9cdcbaf45f6459fdb9059b2616c590d4de710,180.71
bbb9cdcbaf45f6459fdb9059b2616c590d4de710,189.54
bbb9cdcbaf45f6459fdb9059b2616c590d4de710,186.75
bbb9cdcbaf45f6459fdb9059b2616c590d4de710,192.93
bbb9cdcbaf45f6459fdb9059b2616c590d4de710,183.93
bbb9cdcbaf45f6459fdb9059b2616c590d4de710,186.52
bbb9cdcbaf45f6459fdb9059b2616c590d4de710,182.79
bbb9cdcbaf45f6459fdb9059b2616c590d4de710,185.61
bbb9cdcbaf45f6459fdb9059b2616c590d4de710,186.97
bbb9cdcbaf45f6459fdb9059b2616c590d4de710,189.32
bbb9cdcbaf45f6459fdb9059b2616c590d4de710,189.17
bbb9cdcbaf45f6459fdb9059b2616c590d4de710,186.05
bbb9cdcbaf45f6459fdb9059b2616c590d4de710,185.92
07866e8f81f4efa867a7e313d0cf93a871448ee6,182.11
07866e8f81f4efa867a7e313d0cf93a871448ee6,185.39
07866e8f81f4efa867a7e313d0cf93a871448ee6,190.61
07866e8f81f4efa867a7e313d0cf93a871448ee6,189.32
07866e8f81f4efa867a7e313d0cf93a871448ee6,183.51
07866e8f81f4efa867a7e313d0cf93a871448ee6,190.43
07866e8f81f4efa867a7e313d0cf93a871448ee6,183.39
07866e8f81f4efa867a7e313d0cf93a871448ee6,194.19
07866e8f81f4efa867a7e313d0cf93a871448ee6,184.88
07866e8f81f4efa867a7e313d0cf93a871448ee6,187.79
07866e8f81f4efa867a7e313d0cf93a871448ee6,185.01
07866e8f81f4efa867a7e313d0cf93a871448ee6,187.52
07866e8f81f4efa867a7e313d0cf93a871448ee6,186.04
07866e8f81f4efa867a7e313d0cf93a871448ee6,187.18
07866e8f81f4efa867a7e313d0cf93a871448ee6,192.13
07866e8f81f4efa867a7e313d0cf93a871448ee6,185.27
07866e8f81f4efa867a7e313d0cf93a871448ee6,187.34
07866e8f81f4efa867a7e313d0cf93a871448ee6,188.04
07866e8f81f4efa867a7e313d0cf93a871448ee6,190.01
07866e8f81f4efa867a7e313d0cf93a871448ee6,185.63
07866e8f81f4efa867a7e313d0cf93a871448ee6,184.17
07866e8f81f4efa867a7e313d0cf93a871448ee6,187.69
07866e8f81f4efa867a7e313d0cf93a871448ee6,188.34
07866e8f81f4efa867a7e313d0cf93a871448ee6,193.51
07866e8f81f4efa867a7e313d0cf93a871448ee6,183.72
07866e8f81f4efa867a7e313d0cf93a871448ee6,191.33
07866e8f81f4efa867a7e313d0cf93a871448ee6,195.25
07866e8f81f4efa867a7e313d0cf93a871448ee6,192.10
07866e8f81f4efa867a7e313d0cf93a871448ee6,189.30
07866e8f81f4efa867a7e313d0cf93a871448ee6,195.39
98200dbe4e99dfddc2a44e709332c8ee45cba966,179.81
98200dbe4e99dfddc2a44e709332c8ee45cba966,188.86
98200dbe4e99dfddc2a44e709332c8ee45cba966,187.30
98200dbe4e99dfddc2a44e709332c8ee45cba966,188.69
98200dbe4e99dfddc2a44e709332c8ee45cba966,191.92
98200dbe4e99dfddc2a44e709332c8ee45cba966,193.09
98200dbe4e99dfddc2a44e709332c8ee45cba966,182.95
98200dbe4e99dfddc2a44e709332c8ee45cba966,187.24
98200dbe4e99dfddc2a44e709332c8ee45cba966,184.62
98200dbe4e99dfddc2a44e709332c8ee45cba966,183.91
98200dbe4e99dfddc2a44e709332c8ee45cba966,188.44
98200dbe4e99dfddc2a44e709332c8ee45cba966,188.65
98200dbe4e99dfddc2a44e709332c8ee45cba966,189.25
98200dbe4e99dfddc2a44e709332c8ee45cba966,189.41
98200dbe4e99dfddc2a44e709332c8ee45cba966,188.17
98200dbe4e99dfddc2a44e709332c8ee45cba966,191.31
98200dbe4e99dfddc2a44e709332c8ee45cba966,186.99
98200dbe4e99dfddc2a44e709332c8ee45cba966,183.61
98200dbe4e99dfddc2a44e709332c8ee45cba966,188.44
98200dbe4e99dfddc2a44e709332c8ee45cba966,186.11
98200dbe4e99dfddc2a44e709332c8ee45cba966,187.03
98200dbe4e99dfddc2a44e709332c8ee45cba966,191.43
98200dbe4e99dfddc2a44e709332c8ee45cba966,186.52
98200dbe4e99dfddc2a44e709332c8ee45cba966,193.24
98200dbe4e99dfddc2a44e709332c8ee45cba966,188.27
98200dbe4e99dfddc2a44e709332c8ee45cba966,193.02
98200dbe4e99dfddc2a44e709332c8ee45cba966,191.34
98200dbe4e99dfddc2a44e709332c8ee45cba966,192.19
98200dbe4e99dfddc2a44e709332c8ee45cba966,191.29
98200dbe4e99dfddc2a44e709332c8ee45cba966,189.33
