c0199fdd858cd3c9f3f06657e0666a29336c81d0,460.43
c0199fdd858cd3c9f3f06657e0666a29336c81d0,456.49
c0199fdd858cd3c9f3f06657e0666a29336c81d0,456.74
c0199fdd858cd3c9f3f06657e0666a29336c81d0,453.52
c0199fdd858cd3c9f3f06657e0666a29336c81d0,456.00
c0199fdd858cd3c9f3f06657e0666a29336c81d0,459.38
c0199fdd858cd3c9f3f06657e0666a29336c81d0,454.70
c0199fdd858cd3c9f3f06657e0666a29336c81d0,458.12
c0199fdd858cd3c9f3f06657e0666a29336c81d0,461.51
c0199fdd858cd3c9f3f06657e0666a29336c81d0,454.13
c0199fdd858cd3c9f3f06657e0666a29336c81d0,455.98
c0199fdd858cd3c9f3f06657e0666a29336c81d0,457.66
c0199fdd858cd3c9f3f06657e0666a29336c81d0,455.90
c0199fdd858cd3c9f3f06657e0666a29336c81d0,453.42
c0199fdd858cd3c9f3f06657e0666a29336c81d0,452.69
281df5a0594a3420e4ac50e58d1f76318337b0cc,459.81
281df5a0594a3420e4ac50e58d1f76318337b0cc,454.35
281df5a0594a3420e4ac50e58d1f76318337b0cc,456.18
281df5a0594a3420e4ac50e58d1f76318337b0cc,458.08
281df5a0594a3420e4ac50e58d1f76318337b0cc,452.48
281df5a0594a3420e4ac50e58d1f76318337b0cc,452.85
281df5a0594a3420e4ac50e58d1f76318337b0cc,459.69
281df5a0594a3420e4ac50e58d1f76318337b0cc,458.55
281df5a0594a3420e4ac50e58d1f76318337b0cc,460.60
281df5a0594a3420e4ac50e58d1f76318337b0cc,456.86
281df5a0594a3420e4ac50e58d1f76318337b0cc,457.57
281df5a0594a3420e4ac50e58d1f76318337b0cc,455.77
281df5a0594a3420e4ac50e58d1f76318337b0cc,456.74
281df5a0594a3420e4ac50e58d1f76318337b0cc,454.54
281df5a0594a3420e4ac50e58d1f76318337b0cc,453.70
e3e2abfbfc83c54aa756db1ebde3945542899482,454.79
e3e2abfbfc83c54aa756db1ebde3945542899482,455.90
e3e2abfbfc83c54aa756db1ebde3945542899482,457.02
e3e2abfbfc83c54aa756db1ebde3945542899482,457.06
e3e2abfbfc83c54aa756db1ebde3945542899482,461.28
e3e2abfbfc83c54aa756db1ebde3945542899482,456.81
e3e2abfbfc83c54aa756db1ebde3945542899482,457.73
e3e2abfbfc83c54aa756db1ebde3945542899482,458.41
e3e2abfbfc83c54aa756db1ebde3945542899482,457.81
e3e2abfbfc83c54aa756db1ebde3945542899482,456.29
e3e2abfbfc83c54aa756db1ebde3945542899482,457.92
e3e2abfbfc83c54aa756db1ebde3945542899482,454.62
e3e2abfbfc83c54aa756db1ebde3945542899482,454.86
e3e2abfbfc83c54aa756db1ebde3945542899482,457.65
e3e2abfbfc83c54aa756db1ebde3945542899482,453.31
9162b922e57aaf9a1667f2cdf0be0553ccecdac8,454.42
9162b922e57aaf9a1667f2cdf0be0553ccecdac8,459.98
9162b922e57aaf9a1667f2cdf0be0553ccecdac8,456.45
9162b922e57aaf9a1667f2cdf0be0553ccecdac8,456.22
9162b922e57aaf9a1667f2cdf0be0553ccecdac8,462.03
9162b922e57aaf9a1667f2cdf0be0553ccecdac8,458.50
9162b922e57aaf9a1667f2cdf0be0553ccecdac8,454.95
9162b922e57aaf9a1667f2cdf0be0553ccecdac8,456.70
9162b922e57aaf9a1667f2cdf0be0553ccecdac8,458.81
9162b922e57aaf9a1667f2cdf0be0553ccecdac8,458.97
9162b922e57aaf9a1667f2cdf0be0553ccecdac8,458.06
9162b922e57aaf9a1667f2cdf0be0553ccecdac8,458.25
9162b922e57aaf9a1667f2cdf0be0553ccecdac8,455.02
9162b922e57aaf9a1667f2cdf0be0553ccecdac8,454.26
9162b922e57aaf9a1667f2cdf0be0553ccecdac8,455.54
85c120ea90e0c1e0db3e1c9d540a0796961850f0,459.07
85c120ea90e0c1e0db3e1c9d540a0796961850f0,459.41
85c120ea90e0c1e0db3e1c9d540a0796961850f0,454.82
85c120ea90e0c1e0db3e1c9d540a0796961850f0,453.20
85c120ea90e0c1e0db3e1c9d540a0796961850f0,461.55
85c120ea90e0c1e0db3e1c9d540a0796961850f0,458.31
85c120ea90e0c1e0db3e1c9d540a0796961850f0,460.35
85c120ea90e0c1e0db3e1c9d540a0796961850f0,457.73
85c120ea90e0c1e0db3e1c9d540a0796961850f0,457.99
85c120ea90e0c1e0db3e1c9d540a0796961850f0,456.61
85c120ea90e0c1e0db3e1c9d540a0796961850f0,463.77
85c120ea90e0c1e0db3e1c9d540a0796961850f0,452.40
85c120ea90e0c1e0db3e1c9d540a0796961850f0,454.01
85c120ea90e0c1e0db3e1c9d540a0796961850f0,459.94
85c120ea90e0c1e0db3e1c9d540a0796961850f0,453.74
a847e1bb8b753eba183fef87aedc977f7e2e8eb8,456.56
a847e1bb8b753eba183fef87aedc977f7e2e8eb8,458.05
a847e1bb8b753eba183fef87aedc977f7e2e8eb8,455.69
a847e1bb8b753eba183fef87aedc977f7e2e8eb8,457.76
a847e1bb8b753eba183fef87aedc977f7e2e8eb8,455.14
a847e1bb8b753eba183fef87aedc977f7e2e8eb8,456.87
a847e1bb8b753eba183fef87aedc977f7e2e8eb8,454.61
a847e1bb8b753eba183fef87aedc977f7e2e8eb8,454.81
a847e1bb8b753eba183fef87aedc977f7e2e8eb8,459.49
a847e1bb8b753eba183fef87aedc977f7e2e8eb8,460.31
a847e1bb8b753eba183fef87aedc977f7e2e8eb8,457.56
a847e1bb8b753eba183fef87aedc977f7e2e8eb8,454.93
a847e1bb8b753eba183fef87aedc977f7e2e8eb8,457.48
a847e1bb8b753eba183fef87aedc977f7e2e8eb8,453.69
a847e1bb8b753eba183fef87aedc977f7e2e8eb8,458.16
63f8ebe6c1798f0c4179752f963222440371421b,458.54
63f8ebe6c1798f0c4179752f963222440371421b,459.51
63f8ebe6c1798f0c4179752f963222440371421b,460.05
63f8ebe6c1798f0c4179752f963222440371421b,455.98
63f8ebe6c1798f0c4179752f963222440371421b,454.76
63f8ebe6c1798f0c4179752f963222440371421b,457.26
63f8ebe6c1798f0c4179752f963222440371421b,460.07
63f8ebe6c1798f0c4179752f963222440371421b,456.02
63f8ebe6c1798f0c4179752f963222440371421b,456.08
63f8ebe6c1798f0c4179752f963222440371421b,455.02
63f8ebe6c1798f0c4179752f963222440371421b,454.65
63f8ebe6c1798f0c4179752f963222440371421b,460.94
63f8ebe6c1798f0c4179752f963222440371421b,456.05
63f8ebe6c1798f0c4179752f963222440371421b,454.93
63f8ebe6c1798f0c4179752f963222440371421b,457.59
44d1c1864536bd7c8ccb5569374cf3612d7489ae,460.54
44d1c1864536bd7c8ccb5569374cf3612d7489ae,455.49
44d1c1864536bd7c8ccb5569374cf3612d7489ae,456.09
44d1c1864536bd7c8ccb5569374cf3612d7489ae,459.16
44d1c1864536bd7c8ccb5569374cf3612d7489ae,458.21
44d1c1864536bd7c8ccb5569374cf3612d7489ae,461.65
44d1c1864536bd7c8ccb5569374cf3612d7489ae,455.84
44d1c1864536bd7c8ccb5569374cf3612d7489ae,457.64
44d1c1864536bd7c8ccb5569374cf3612d7489ae,455.07
44d1c1864536bd7c8ccb5569374cf3612d7489ae,456.09
44d1c1864536bd7c8ccb5569374cf3612d7489ae,454.96
44d1c1864536bd7c8ccb5569374cf3612d7489ae,456.23
44d1c1864536bd7c8ccb5569374cf3612d7489ae,456.41
44d1c1864536bd7c8ccb5569374cf3612d7489ae,456.90
44d1c1864536bd7c8ccb5569374cf3612d7489ae,457.31
1de50c29baf48a2dd20fb9decbc93db58142a9d2,454.79
1de50c29baf48a2dd20fb9decbc93db58142a9d2,459.18
1de50c29baf48a2dd20fb9decbc93db58142a9d2,455.21
1de50c29baf48a2dd20fb9decbc93db58142a9d2,456.65
1de50c29baf48a2dd20fb9decbc93db58142a9d2,456.25
1de50c29baf48a2dd20fb9decbc93db58142a9d2,455.39
1de50c29baf48a2dd20fb9decbc93db58142a9d2,462.37
1de50c29baf48a2dd20fb9decbc93db58142a9d2,462.67
1de50c29baf48a2dd20fb9decbc93db58142a9d2,458.36
1de50c29baf48a2dd20fb9decbc93db58142a9d2,456.83
1de50c29baf48a2dd20fb9decbc93db58142a9d2,451.80
1de50c29baf48a2dd20fb9decbc93db58142a9d2,457.32
1de50c29baf48a2dd20fb9decbc93db58142a9d2,455.83
1de50c29baf48a2dd20fb9decbc93db58142a9d2,454.91
1de50c29baf48a2dd20fb9decbc93db58142a9d2,459.00
11f27daeec3986888efa1a0a56a9fbb9f18e3716,457.78
11f27daeec3986888efa1a0a56a9fbb9f18e3716,458.52
11f27daeec3986888efa1a0a56a9fbb9f18e3716,458.54
11f27daeec3986888efa1a0a56a9fbb9f18e3716,458.75
11f27daeec3986888efa1a0a56a9fbb9f18e3716,457.98
11f27daeec3986888efa1a0a56a9fbb9f18e3716,457.79
11f27daeec3986888efa1a0a56a9fbb9f18e3716,459.77
11f27daeec3986888efa1a0a56a9fbb9f18e3716,458.54
11f27daeec3986888efa1a0a56a9fbb9f18e3716,457.22
11f27daeec3986888efa1a0a56a9fbb9f18e3716,457.81
11f27daeec3986888efa1a0a56a9fbb9f18e3716,459.82
11f27daeec3986888efa1a0a56a9fbb9f18e3716,459.80
11f27daeec3986888efa1a0a56a9fbb9f18e3716,453.00
11f27daeec3986888efa1a0a56a9fbb9f18e3716,454.45
11f27daeec3986888efa1a0a56a9fbb9f18e3716,453.58
6643eb38a770a4fd525f6052123c93afcbe41a47,451.19
6643eb38a770a4fd525f6052123c93afcbe41a47,456.61
6643eb38a770a4fd525f6052123c93afcbe41a47,455.34
6643eb38a770a4fd525f6052123c93afcbe41a47,458.77
6643eb38a770a4fd525f6052123c93afcbe41a47,457.86
6643eb38a770a4fd525f6052123c93afcbe41a47,457.31
6643eb38a770a4fd525f6052123c93afcbe41a47,453.93
6643eb38a770a4fd525f6052123c93afcbe41a47,457.64
6643eb38a770a4fd525f6052123c93afcbe41a47,455.22
6643eb38a770a4fd525f6052123c93afcbe41a47,457.79
6643eb38a770a4fd525f6052123c93afcbe41a47,455.55
6643eb38a770a4fd525f6052123c93afcbe41a47,457.19
6643eb38a770a4fd525f6052123c93afcbe41a47,456.73
6643eb38a770a4fd525f6052123c93afcbe41a47,455.40
6643eb38a770a4fd525f6052123c93afcbe41a47,453.93
9985b36ced515ceb44057a24fdee248306313539,461.09
9985b36ced515ceb44057a24fdee248306313539,453.67
9985b36ced515ceb44057a24fdee248306313539,454.30
9985b36ced515ceb44057a24fdee248306313539,454.71
9985b36ced515ceb44057a24fdee248306313539,458.91
9985b36ced515ceb44057a24fdee248306313539,456.07
9985b36ced515ceb44057a24fdee248306313539,456.89
9985b36ced515ceb44057a24fdee248306313539,459.61
9985b36ced515ceb44057a24fdee248306313539,458.15
9985b36ced515ceb44057a24fdee248306313539,457.47
9985b36ced515ceb44057a24fdee248306313539,458.31
9985b36ced515ceb44057a24fdee248306313539,456.98
9985b36ced515ceb44057a24fdee248306313539,456.39
9985b36ced515ceb44057a24fdee248306313539,455.41
9985b36ced515ceb44057a24fdee248306313539,458.15
a73b5b3d40b004660f91ff4153eebe9f5c5a7b3d,460.02
a73b5b3d40b004660f91ff4153eebe9f5c5a7b3d,459.65
a73b5b3d40b004660f91ff4153eebe9f5c5a7b3d,461.10
a73b5b3d40b004660f91ff4153eebe9f5c5a7b3d,464.50
a73b5b3d40b004660f91ff4153eebe9f5c5a7b3d,461.39
a73b5b3d40b004660f91ff4153eebe9f5c5a7b3d,458.44
a73b5b3d40b004660f91ff4153eebe9f5c5a7b3d,463.06
a73b5b3d40b004660f91ff4153eebe9f5c5a7b3d,461.70
a73b5b3d40b004660f91ff4153eebe9f5c5a7b3d,458.37
a73b5b3d40b004660f91ff4153eebe9f5c5a7b3d,459.63
a73b5b3d40b004660f91ff4153eebe9f5c5a7b3d,459.31
a73b5b3d40b004660f91ff4153eebe9f5c5a7b3d,465.21
a73b5b3d40b004660f91ff4153eebe9f5c5a7b3d,462.82
a73b5b3d40b004660f91ff4153eebe9f5c5a7b3d,459.73
a73b5b3d40b004660f91ff4153eebe9f5c5a7b3d,463.60
bcf8378a6c7da6beb7e5900029fe94849b0f9782,459.79
bcf8378a6c7da6beb7e5900029fe94849b0f9782,458.84
bcf8378a6c7da6beb7e5900029fe94849b0f9782,464.46
bcf8378a6c7da6beb7e5900029fe94849b0f9782,465.73
bcf8378a6c7da6beb7e5900029fe94849b0f9782,460.15
bcf8378a6c7da6beb7e5900029fe94849b0f9782,461.67
bcf8378a6c7da6beb7e5900029fe94849b0f9782,462.13
bcf8378a6c7da6beb7e5900029fe94849b0f9782,460.44
bcf8378a6c7da6beb7e5900029fe94849b0f9782,458.63
bcf8378a6c7da6beb7e5900029fe94849b0f9782,459.44
bcf8378a6c7da6beb7e5900029fe94849b0f9782,457.68
bcf8378a6c7da6beb7e5900029fe94849b0f9782,459.16
bcf8378a6c7da6beb7e5900029fe94849b0f9782,457.36
bcf8378a6c7da6beb7e5900029fe94849b0f9782,460.70
bcf8378a6c7da6beb7e5900029fe94849b0f9782,463.21
c9ca52a0bcca6be6fe88cf319ed55fb0f926c9e6,462.20
c9ca52a0bcca6be6fe88cf319ed55fb0f926c9e6,460.45
c9ca52a0bcca6be6fe88cf319ed55fb0f926c9e6,457.86
c9ca52a0bcca6be6fe88cf319ed55fb0f926c9e6,458.65
c9ca52a0bcca6be6fe88cf319ed55fb0f926c9e6,461.75
c9ca52a0bcca6be6fe88cf319ed55fb0f926c9e6,460.08
c9ca52a0bcca6be6fe88cf319ed55fb0f926c9e6,465.56
c9ca52a0bcca6be6fe88cf319ed55fb0f926c9e6,459.31
c9ca52a0bcca6be6fe88cf319ed55fb0f926c9e6,460.03
c9ca52a0bcca6be6fe88cf319ed55fb0f926c9e6,463.86
c9ca52a0bcca6be6fe88cf319ed55fb0f926c9e6,461.25
c9ca52a0bcca6be6fe88cf319ed55fb0f926c9e6,458.09
c9ca52a0bcca6be6fe88cf319ed55fb0f926c9e6,458.34
c9ca52a0bcca6be6fe88cf319ed55fb0f926c9e6,461.27
c9ca52a0bcca6be6fe88cf319ed55fb0f926c9e6,458.13
deaf4e17b02b8fd18d839a72ab9e494f5c494725,461.50
deaf4e17b02b8fd18d839a72ab9e494f5c494725,460.38
deaf4e17b02b8fd18d839a72ab9e494f5c494725,463.94
deaf4e17b02b8fd18d839a72ab9e494f5c494725,462.22
deaf4e17b02b8fd18d839a72ab9e494f5c494725,461.13
deaf4e17b02b8fd18d839a72ab9e494f5c494725,458.25
deaf4e17b02b8fd18d839a72ab9e494f5c494725,465.00
deaf4e17b02b8fd18d839a72ab9e494f5c494725,461.36
deaf4e17b02b8fd18d839a72ab9e494f5c494725,459.74
deaf4e17b02b8fd18d839a72ab9e494f5c494725,462.74
deaf4e17b02b8fd18d839a72ab9e494f5c494725,460.31
deaf4e17b02b8fd18d839a72ab9e494f5c494725,461.03
deaf4e17b02b8fd18d839a72ab9e494f5c494725,460.84
deaf4e17b02b8fd18d839a72ab9e494f5c494725,464.25
deaf4e17b02b8fd18d839a72ab9e494f5c494725,459.01
f550ba1725664d24423cba6717a2ac3bd08d34fe,463.90
f550ba1725664d24423cba6717a2ac3bd08d34fe,457.11
f550ba1725664d24423cba6717a2ac3bd08d34fe,461.01
f550ba1725664d24423cba6717a2ac3bd08d34fe,462.89
f550ba1725664d24423cba6717a2ac3bd08d34fe,459.96
f550ba1725664d24423cba6717a2ac3bd08d34fe,461.33
f550ba1725664d24423cba6717a2ac3bd08d34fe,459.59
f550ba1725664d24423cba6717a2ac3bd08d34fe,460.68
f550ba1725664d24423cba6717a2ac3bd08d34fe,460.45
f550ba1725664d24423cba6717a2ac3bd08d34fe,461.28
f550ba1725664d24423cba6717a2ac3bd08d34fe,462.33
f550ba1725664d24423cba6717a2ac3bd08d34fe,459.80
f550ba1725664d24423cba6717a2ac3bd08d34fe,461.47
f550ba1725664d24423cba6717a2ac3bd08d34fe,457.93
f550ba1725664d24423cba6717a2ac3bd08d34fe,458.30
06c94b1c2e151c79c9e82b9c2905634618e871e7,461.23
06c94b1c2e151c79c9e82b9c2905634618e871e7,456.22
06c94b1c2e151c79c9e82b9c2905634618e871e7,457.30
06c94b1c2e151c79c9e82b9c2905634618e871e7,458.06
06c94b1c2e151c79c9e82b9c2905634618e871e7,460.95
06c94b1c2e151c79c9e82b9c2905634618e871e7,460.95
06c94b1c2e151c79c9e82b9c2905634618e871e7,457.70
06c94b1c2e151c79c9e82b9c2905634618e871e7,463.19
06c94b1c2e151c79c9e82b9c2905634618e871e7,460.78
06c94b1c2e151c79c9e82b9c2905634618e871e7,458.28
06c94b1c2e151c79c9e82b9c2905634618e871e7,462.21
06c94b1c2e151c79c9e82b9c2905634618e871e7,461.90
06c94b1c2e151c79c9e82b9c2905634618e871e7,457.10
06c94b1c2e151c79c9e82b9c2905634618e871e7,459.08
06c94b1c2e151c79c9e82b9c2905634618e871e7,464.14
499409b0393f89933904e0cdcb1491b60f666d12,462.41
499409b0393f89933904e0cdcb1491b60f666d12,463.35
499409b0393f89933904e0cdcb1491b60f666d12,459.27
499409b0393f89933904e0cdcb1491b60f666d12,458.86
499409b0393f89933904e0cdcb1491b60f666d12,460.58
499409b0393f89933904e0cdcb1491b60f666d12,460.36
499409b0393f89933904e0cdcb1491b60f666d12,457.93
499409b0393f89933904e0cdcb1491b60f666d12,461.87
499409b0393f89933904e0cdcb1491b60f666d12,456.71
499409b0393f89933904e0cdcb1491b60f666d12,465.54
499409b0393f89933904e0cdcb1491b60f666d12,458.55
499409b0393f89933904e0cdcb1491b60f666d12,457.44
499409b0393f89933904e0cdcb1491b60f666d12,461.90
499409b0393f89933904e0cdcb1491b60f666d12,459.43
499409b0393f89933904e0cdcb1491b60f666d12,459.33
9d5c5f50efba09df9b41e90f0ece7c5203e0e640,460.80
9d5c5f50efba09df9b41e90f0ece7c5203e0e640,463.14
9d5c5f50efba09df9b41e90f0ece7c5203e0e640,459.93
9d5c5f50efba09df9b41e90f0ece7c5203e0e640,460.10
9d5c5f50efba09df9b41e90f0ece7c5203e0e640,460.49
9d5c5f50efba09df9b41e90f0ece7c5203e0e640,462.54
9d5c5f50efba09df9b41e90f0ece7c5203e0e640,459.73
9d5c5f50efba09df9b41e90f0ece7c5203e0e640,459.41
9d5c5f50efba09df9b41e90f0ece7c5203e0e640,460.14
9d5c5f50efba09df9b41e90f0ece7c5203e0e640,462.38
9d5c5f50efba09df9b41e90f0ece7c5203e0e640,459.51
9d5c5f50efba09df9b41e90f0ece7c5203e0e640,457.44
9d5c5f50efba09df9b41e90f0ece7c5203e0e640,462.35
9d5c5f50efba09df9b41e90f0ece7c5203e0e640,465.16
9d5c5f50efba09df9b41e90f0ece7c5203e0e640,457.52
6ad38b5b6a8f1d15936b6131c8b8cf1af3e6b33a,462.70
6ad38b5b6a8f1d15936b6131c8b8cf1af3e6b33a,457.66
6ad38b5b6a8f1d15936b6131c8b8cf1af3e6b33a,460.90
6ad38b5b6a8f1d15936b6131c8b8cf1af3e6b33a,461.20
6ad38b5b6a8f1d15936b6131c8b8cf1af3e6b33a,459.01
6ad38b5b6a8f1d15936b6131c8b8cf1af3e6b33a,461.71
6ad38b5b6a8f1d15936b6131c8b8cf1af3e6b33a,460.33
6ad38b5b6a8f1d15936b6131c8b8cf1af3e6b33a,455.02
6ad38b5b6a8f1d15936b6131c8b8cf1af3e6b33a,458.26
6ad38b5b6a8f1d15936b6131c8b8cf1af3e6b33a,456.84
6ad38b5b6a8f1d15936b6131c8b8cf1af3e6b33a,461.48
6ad38b5b6a8f1d15936b6131c8b8cf1af3e6b33a,459.04
6ad38b5b6a8f1d15936b6131c8b8cf1af3e6b33a,459.86
6ad38b5b6a8f1d15936b6131c8b8cf1af3e6b33a,459.23
6ad38b5b6a8f1d15936b6131c8b8cf1af3e6b33a,454.89
d3bc6c279cfed529bf2c59697901525f1502d22b,459.40
d3bc6c279cfed529bf2c59697901525f1502d22b,459.30
d3bc6c279cfed529bf2c59697901525f1502d22b,461.99
d3bc6c279cfed529bf2c59697901525f1502d22b,459.06
d3bc6c279cfed529bf2c59697901525f1502d22b,463.02
d3bc6c279cfed529bf2c59697901525f1502d22b,458.95
d3bc6c279cfed529bf2c59697901525f1502d22b,462.22
d3bc6c279cfed529bf2c59697901525f1502d22b,457.95
d3bc6c279cfed529bf2c59697901525f1502d22b,458.70
d3bc6c279cfed529bf2c59697901525f1502d22b,456.98
d3bc6c279cfed529bf2c59697901525f1502d22b,460.68
d3bc6c279cfed529bf2c59697901525f1502d22b,465.54
d3bc6c279cfed529bf2c59697901525f1502d22b,459.05
d3bc6c279cfed529bf2c59697901525f1502d22b,462.31
d3bc6c279cfed529bf2c59697901525f1502d22b,456.56
e943dd385d08e0f76b3002a47969001e3dcb6190,460.12
e943dd385d08e0f76b3002a47969001e3dcb6190,463.93
e943dd385d08e0f76b3002a47969001e3dcb6190,456.95
e943dd385d08e0f76b3002a47969001e3dcb6190,460.87
e943dd385d08e0f76b3002a47969001e3dcb6190,458.17
e943dd385d08e0f76b3002a47969001e3dcb6190,458.82
e943dd385d08e0f76b3002a47969001e3dcb6190,456.12
e943dd385d08e0f76b3002a47969001e3dcb6190,456.89
e943dd385d08e0f76b3002a47969001e3dcb6190,460.36
e943dd385d08e0f76b3002a47969001e3dcb6190,460.36
e943dd385d08e0f76b3002a47969001e3dcb6190,459.74
e943dd385d08e0f76b3002a47969001e3dcb6190,463.68
e943dd385d08e0f76b3002a47969001e3dcb6190,462.27
e943dd385d08e0f76b3002a47969001e3dcb6190,459.06
e943dd385d08e0f76b3002a47969001e3dcb6190,460.35
c4ecf245b277c91af4840e506fed7fc2dc3c775a,461.33
c4ecf245b277c91af4840e506fed7fc2dc3c775a,461.25
c4ecf245b277c91af4840e506fed7fc2dc3c775a,456.60
c4ecf245b277c91af4840e506fed7fc2dc3c775a,462.40
c4ecf245b277c91af4840e506fed7fc2dc3c775a,462.87
c4ecf245b277c91af4840e506fed7fc2dc3c775a,465.26
c4ecf245b277c91af4840e506fed7fc2dc3c775a,458.74
c4ecf245b277c91af4840e506fed7fc2dc3c775a,462.79
c4ecf245b277c91af4840e506fed7fc2dc3c775a,458.49
c4ecf245b277c91af4840e506fed7fc2dc3c775a,461.84
c4ecf245b277c91af4840e506fed7fc2dc3c775a,460.20
c4ecf245b277c91af4840e506fed7fc2dc3c775a,458.53
c4ecf245b277c91af4840e506fed7fc2dc3c775a,461.30
c4ecf245b277c91af4840e506fed7fc2dc3c775a,466.35
c4ecf245b277c91af4840e506fed7fc2dc3c775a,457.41
53156915dca368fa096950966aa4b2877e218834,460.22
53156915dca368fa096950966aa4b2877e218834,465.48
53156915dca368fa096950966aa4b2877e218834,460.52
53156915dca368fa096950966aa4b2877e218834,463.33
53156915dca368fa096950966aa4b2877e218834,460.07
53156915dca368fa096950966aa4b2877e218834,465.79
53156915dca368fa096950966aa4b2877e218834,457.11
53156915dca368fa096950966aa4b2877e218834,464.13
53156915dca368fa096950966aa4b2877e218834,459.37
53156915dca368fa096950966aa4b2877e218834,459.99
53156915dca368fa096950966aa4b2877e218834,459.27
53156915dca368fa096950966aa4b2877e218834,460.16
53156915dca368fa096950966aa4b2877e218834,460.61
53156915dca368fa096950966aa4b2877e218834,462.94
53156915dca368fa096950966aa4b2877e218834,458.83
5333972ce6367099e81a8de7d0f73357e6880fb2,467.04
5333972ce6367099e81a8de7d0f73357e6880fb2,460.66
5333972ce6367099e81a8de7d0f73357e6880fb2,464.08
5333972ce6367099e81a8de7d0f73357e6880fb2,458.76
5333972ce6367099e81a8de7d0f73357e6880fb2,462.91
5333972ce6367099e81a8de7d0f73357e6880fb2,455.84
5333972ce6367099e81a8de7d0f73357e6880fb2,457.63
5333972ce6367099e81a8de7d0f73357e6880fb2,457.21
5333972ce6367099e81a8de7d0f73357e6880fb2,464.36
5333972ce6367099e81a8de7d0f73357e6880fb2,461.97
5333972ce6367099e81a8de7d0f73357e6880fb2,459.45
5333972ce6367099e81a8de7d0f73357e6880fb2,456.66
5333972ce6367099e81a8de7d0f73357e6880fb2,458.53
5333972ce6367099e81a8de7d0f73357e6880fb2,455.91
5333972ce6367099e81a8de7d0f73357e6880fb2,459.42
5e7832fb7e26264e65cb87279c69aa96dd41fc92,463.06
5e7832fb7e26264e65cb87279c69aa96dd41fc92,462.11
5e7832fb7e26264e65cb87279c69aa96dd41fc92,463.29
5e7832fb7e26264e65cb87279c69aa96dd41fc92,458.37
5e7832fb7e26264e65cb87279c69aa96dd41fc92,460.33
5e7832fb7e26264e65cb87279c69aa96dd41fc92,460.95
5e7832fb7e26264e65cb87279c69aa96dd41fc92,461.38
5e7832fb7e26264e65cb87279c69aa96dd41fc92,463.62
5e7832fb7e26264e65cb87279c69aa96dd41fc92,462.09
5e7832fb7e26264e65cb87279c69aa96dd41fc92,461.48
5e7832fb7e26264e65cb87279c69aa96dd41fc92,463.57
5e7832fb7e26264e65cb87279c69aa96dd41fc92,459.94
5e7832fb7e26264e65cb87279c69aa96dd41fc92,458.64
5e7832fb7e26264e65cb87279c69aa96dd41fc92,458.19
5e7832fb7e26264e65cb87279c69aa96dd41fc92,458.50
a38854600c1b09a00821d27d394347b1c4725a9b,461.85
a38854600c1b09a00821d27d394347b1c4725a9b,463.18
a38854600c1b09a00821d27d394347b1c4725a9b,462.13
a38854600c1b09a00821d27d394347b1c4725a9b,458.11
a38854600c1b09a00821d27d394347b1c4725a9b,463.28
a38854600c1b09a00821d27d394347b1c4725a9b,460.31
a38854600c1b09a00821d27d394347b1c4725a9b,460.46
a38854600c1b09a00821d27d394347b1c4725a9b,457.00
a38854600c1b09a00821d27d394347b1c4725a9b,461.29
a38854600c1b09a00821d27d394347b1c4725a9b,464.15
a38854600c1b09a00821d27d394347b1c4725a9b,456.47
a38854600c1b09a00821d27d394347b1c4725a9b,457.90
a38854600c1b09a00821d27d394347b1c4725a9b,457.18
a38854600c1b09a00821d27d394347b1c4725a9b,461.44
a38854600c1b09a00821d27d394347b1c4725a9b,463.15
0a5912df16d59929dae6b1ee1d401d7e1c03912e,458.36
0a5912df16d59929dae6b1ee1d401d7e1c03912e,458.91
0a5912df16d59929dae6b1ee1d401d7e1c03912e,461.82
0a5912df16d59929dae6b1ee1d401d7e1c03912e,460.49
0a5912df16d59929dae6b1ee1d401d7e1c03912e,465.45
0a5912df16d59929dae6b1ee1d401d7e1c03912e,462.59
0a5912df16d59929dae6b1ee1d401d7e1c03912e,464.19
0a5912df16d59929dae6b1ee1d401d7e1c03912e,461.48
0a5912df16d59929dae6b1ee1d401d7e1c03912e,462.37
0a5912df16d59929dae6b1ee1d401d7e1c03912e,463.69
0a5912df16d59929dae6b1ee1d401d7e1c03912e,459.27
0a5912df16d59929dae6b1ee1d401d7e1c03912e,460.61
0a5912df16d59929dae6b1ee1d401d7e1c03912e,459.96
0a5912df16d59929dae6b1ee1d401d7e1c03912e,459.07
0a5912df16d59929dae6b1ee1d401d7e1c03912e,460.76
9281ab45d5b8034e8f7a2c1f91e8ecb47539f28a,463.84
9281ab45d5b8034e8f7a2c1f91e8ecb47539f28a,461.00
9281ab45d5b8034e8f7a2c1f91e8ecb47539f28a,461.21
9281ab45d5b8034e8f7a2c1f91e8ecb47539f28a,461.86
9281ab45d5b8034e8f7a2c1f91e8ecb47539f28a,457.72
9281ab45d5b8034e8f7a2c1f91e8ecb47539f28a,457.49
9281ab45d5b8034e8f7a2c1f91e8ecb47539f28a,459.19
9281ab45d5b8034e8f7a2c1f91e8ecb47539f28a,458.18
9281ab45d5b8034e8f7a2c1f91e8ecb47539f28a,461.73
9281ab45d5b8034e8f7a2c1f91e8ecb47539f28a,459.90
9281ab45d5b8034e8f7a2c1f91e8ecb47539f28a,457.57
9281ab45d5b8034e8f7a2c1f91e8ecb47539f28a,456.50
9281ab45d5b8034e8f7a2c1f91e8ecb47539f28a,458.51
9281ab45d5b8034e8f7a2c1f91e8ecb47539f28a,461.49
9281ab45d5b8034e8f7a2c1f91e8ecb47539f28a,462.55
c4c2633cdc2cd4498504b28b96dd0b95ae6789cd,462.97
c4c2633cdc2cd4498504b28b96dd0b95ae6789cd,463.78
c4c2633cdc2cd4498504b28b96dd0b95ae6789cd,460.71
c4c2633cdc2cd4498504b28b96dd0b95ae6789cd,462.93
c4c2633cdc2cd4498504b28b96dd0b95ae6789cd,462.09
c4c2633cdc2cd4498504b28b96dd0b95ae6789cd,459.31
c4c2633cdc2cd4498504b28b96dd0b95ae6789cd,459.41
c4c2633cdc2cd4498504b28b96dd0b95ae6789cd,463.77
c4c2633cdc2cd4498504b28b96dd0b95ae6789cd,459.82
c4c2633cdc2cd4498504b28b96dd0b95ae6789cd,459.66
c4c2633cdc2cd4498504b28b96dd0b95ae6789cd,459.82
c4c2633cdc2cd4498504b28b96dd0b95ae6789cd,456.09
c4c2633cdc2cd4498504b28b96dd0b95ae6789cd,460.56
c4c2633cdc2cd4498504b28b96dd0b95ae6789cd,458.69
c4c2633cdc2cd4498504b28b96dd0b95ae6789cd,458.22
3f99224cac6e548e6139f6ab8523388468e0913f,463.69
3f99224cac6e548e6139f6ab8523388468e0913f,461.92
3f99224cac6e548e6139f6ab8523388468e0913f,461.53
3f99224cac6e548e6139f6ab8523388468e0913f,463.11
3f99224cac6e548e6139f6ab8523388468e0913f,462.60
3f99224cac6e548e6139f6ab8523388468e0913f,457.63
3f99224cac6e548e6139f6ab8523388468e0913f,462.21
3f99224cac6e548e6139f6ab8523388468e0913f,459.51
3f99224cac6e548e6139f6ab8523388468e0913f,459.32
3f99224cac6e548e6139f6ab8523388468e0913f,460.92
3f99224cac6e548e6139f6ab8523388468e0913f,458.10
3f99224cac6e548e6139f6ab8523388468e0913f,459.40
3f99224cac6e548e6139f6ab8523388468e0913f,460.19
3f99224cac6e548e6139f6ab8523388468e0913f,459.38
3f99224cac6e548e6139f6ab8523388468e0913f,465.59
f07adf4622133f5df29be00a8c211f0138ea80b0,460.65
f07adf4622133f5df29be00a8c211f0138ea80b0,461.26
f07adf4622133f5df29be00a8c211f0138ea80b0,464.38
f07adf4622133f5df29be00a8c211f0138ea80b0,466.21
f07adf4622133f5df29be00a8c211f0138ea80b0,461.69
f07adf4622133f5df29be00a8c211f0138ea80b0,465.37
f07adf4622133f5df29be00a8c211f0138ea80b0,464.46
f07adf4622133f5df29be00a8c211f0138ea80b0,466.31
f07adf4622133f5df29be00a8c211f0138ea80b0,460.29
f07adf4622133f5df29be00a8c211f0138ea80b0,462.25
f07adf4622133f5df29be00a8c211f0138ea80b0,458.97
f07adf4622133f5df29be00a8c211f0138ea80b0,459.47
f07adf4622133f5df29be00a8c211f0138ea80b0,458.77
f07adf4622133f5df29be00a8c211f0138ea80b0,453.92
f07adf4622133f5df29be00a8c211f0138ea80b0,457.62
a26fe34afbb104dc2a1732724d7c0377ec5aa7d3,467.45
a26fe34afbb104dc2a1732724d7c0377ec5aa7d3,461.77
a26fe34afbb104dc2a1732724d7c0377ec5aa7d3,461.71
a26fe34afbb104dc2a1732724d7c0377ec5aa7d3,458.61
a26fe34afbb104dc2a1732724d7c0377ec5aa7d3,460.18
a26fe34afbb104dc2a1732724d7c0377ec5aa7d3,458.64
a26fe34afbb104dc2a1732724d7c0377ec5aa7d3,458.85
a26fe34afbb104dc2a1732724d7c0377ec5aa7d3,457.12
a26fe34afbb104dc2a1732724d7c0377ec5aa7d3,466.11
a26fe34afbb104dc2a1732724d7c0377ec5aa7d3,463.30
a26fe34afbb104dc2a1732724d7c0377ec5aa7d3,462.50
a26fe34afbb104dc2a1732724d7c0377ec5aa7d3,455.44
a26fe34afbb104dc2a1732724d7c0377ec5aa7d3,459.01
a26fe34afbb104dc2a1732724d7c0377ec5aa7d3,462.05
a26fe34afbb104dc2a1732724d7c0377ec5aa7d3,460.08
efa9c8c49b3ab076bfafd9f985c934002c4e9f07,459.42
efa9c8c49b3ab076bfafd9f985c934002c4e9f07,462.41
efa9c8c49b3ab076bfafd9f985c934002c4e9f07,460.65
efa9c8c49b3ab076bfafd9f985c934002c4e9f07,458.85
efa9c8c49b3ab076bfafd9f985c934002c4e9f07,461.12
efa9c8c49b3ab076bfafd9f985c934002c4e9f07,459.41
efa9c8c49b3ab076bfafd9f985c934002c4e9f07,460.28
efa9c8c49b3ab076bfafd9f985c934002c4e9f07,459.75
efa9c8c49b3ab076bfafd9f985c934002c4e9f07,463.78
efa9c8c49b3ab076bfafd9f985c934002c4e9f07,458.80
efa9c8c49b3ab076bfafd9f985c934002c4e9f07,456.46
efa9c8c49b3ab076bfafd9f985c934002c4e9f07,461.07
efa9c8c49b3ab076bfafd9f985c934002c4e9f07,460.80
efa9c8c49b3ab076bfafd9f985c934002c4e9f07,456.13
efa9c8c49b3ab076bfafd9f985c934002c4e9f07,461.42
851488f7197084fd42e8330dbff0b953dad4a258,459.58
851488f7197084fd42e8330dbff0b953dad4a258,458.36
851488f7197084fd42e8330dbff0b953dad4a258,457.94
851488f7197084fd42e8330dbff0b953dad4a258,462.47
851488f7197084fd42e8330dbff0b953dad4a258,458.49
851488f7197084fd42e8330dbff0b953dad4a258,457.05
851488f7197084fd42e8330dbff0b953dad4a258,463.82
851488f7197084fd42e8330dbff0b953dad4a258,463.26
851488f7197084fd42e8330dbff0b953dad4a258,459.11
851488f7197084fd42e8330dbff0b953dad4a258,456.08
851488f7197084fd42e8330dbff0b953dad4a258,460.38
851488f7197084fd42e8330dbff0b953dad4a258,463.79
851488f7197084fd42e8330dbff0b953dad4a258,461.74
851488f7197084fd42e8330dbff0b953dad4a258,457.84
851488f7197084fd42e8330dbff0b953dad4a258,458.10
34e753b4f3144eb3e4c2b71c667ef9695f68e975,460.96
34e753b4f3144eb3e4c2b71c667ef9695f68e975,461.35
34e753b4f3144eb3e4c2b71c667ef9695f68e975,467.00
34e753b4f3144eb3e4c2b71c667ef9695f68e975,460.62
34e753b4f3144eb3e4c2b71c667ef9695f68e975,461.54
34e753b4f3144eb3e4c2b71c667ef9695f68e975,461.68
34e753b4f3144eb3e4c2b71c667ef9695f68e975,459.86
34e753b4f3144eb3e4c2b71c667ef9695f68e975,464.25
34e753b4f3144eb3e4c2b71c667ef9695f68e975,459.41
34e753b4f3144eb3e4c2b71c667ef9695f68e975,460.45
34e753b4f3144eb3e4c2b71c667ef9695f68e975,460.56
34e753b4f3144eb3e4c2b71c667ef9695f68e975,461.48
34e753b4f3144eb3e4c2b71c667ef9695f68e975,457.00
34e753b4f3144eb3e4c2b71c667ef9695f68e975,462.62
34e753b4f3144eb3e4c2b71c667ef9695f68e975,460.69
f46670ba130b4d59425d59a37675811d74dcb97d,459.86
f46670ba130b4d59425d59a37675811d74dcb97d,455.66
f46670ba130b4d59425d59a37675811d74dcb97d,461.33
f46670ba130b4d59425d59a37675811d74dcb97d,460.49
f46670ba130b4d59425d59a37675811d74dcb97d,459.54
f46670ba130b4d59425d59a37675811d74dcb97d,458.29
f46670ba130b4d59425d59a37675811d74dcb97d,460.44
f46670ba130b4d59425d59a37675811d74dcb97d,464.44
f46670ba130b4d59425d59a37675811d74dcb97d,463.24
f46670ba130b4d59425d59a37675811d74dcb97d,459.38
f46670ba130b4d59425d59a37675811d74dcb97d,461.58
f46670ba130b4d59425d59a37675811d74dcb97d,462.62
f46670ba130b4d59425d59a37675811d74dcb97d,459.70
f46670ba130b4d59425d59a37675811d74dcb97d,458.98
f46670ba130b4d59425d59a37675811d74dcb97d,465.21
837aa3eae71a572b39ae4f62d860c00ed720a089,461.99
837aa3eae71a572b39ae4f62d860c00ed720a089,460.78
837aa3eae71a572b39ae4f62d860c00ed720a089,457.56
837aa3eae71a572b39ae4f62d860c00ed720a089,465.56
837aa3eae71a572b39ae4f62d860c00ed720a089,460.50
837aa3eae71a572b39ae4f62d860c00ed720a089,460.68
837aa3eae71a572b39ae4f62d860c00ed720a089,459.77
837aa3eae71a572b39ae4f62d860c00ed720a089,458.05
837aa3eae71a572b39ae4f62d860c00ed720a089,462.89
837aa3eae71a572b39ae4f62d860c00ed720a089,457.15
837aa3eae71a572b39ae4f62d860c00ed720a089,461.80
837aa3eae71a572b39ae4f62d860c00ed720a089,461.06
837aa3eae71a572b39ae4f62d860c00ed720a089,456.96
837aa3eae71a572b39ae4f62d860c00ed720a089,458.57
837aa3eae71a572b39ae4f62d860c00ed720a089,458.94
0b08fa9f9bda6bf73434ea9f21c9952d91458bfb,458.69
0b08fa9f9bda6bf73434ea9f21c9952d91458bfb,458.20
0b08fa9f9bda6bf73434ea9f21c9952d91458bfb,460.24
0b08fa9f9bda6bf73434ea9f21c9952d91458bfb,462.50
0b08fa9f9bda6bf73434ea9f21c9952d91458bfb,459.06
0b08fa9f9bda6bf73434ea9f21c9952d91458bfb,462.32
0b08fa9f9bda6bf73434ea9f21c9952d91458bfb,463.83
0b08fa9f9bda6bf73434ea9f21c9952d91458bfb,461.81
0b08fa9f9bda6bf73434ea9f21c9952d91458bfb,464.49
0b08fa9f9bda6bf73434ea9f21c9952d91458bfb,458.78
0b08fa9f9bda6bf73434ea9f21c9952d91458bfb,458.33
0b08fa9f9bda6bf73434ea9f21c9952d91458bfb,458.45
0b08fa9f9bda6bf73434ea9f21c9952d91458bfb,461.84
0b08fa9f9bda6bf73434ea9f21c9952d91458bfb,461.52
0b08fa9f9bda6bf73434ea9f21c9952d91458bfb,457.32
c5e0ec5248520085a9f4970a9900b05204846981,463.50
c5e0ec5248520085a9f4970a9900b05204846981,461.13
c5e0ec5248520085a9f4970a9900b05204846981,461.43
c5e0ec5248520085a9f4970a9900b05204846981,460.21
c5e0ec5248520085a9f4970a9900b05204846981,459.39
c5e0ec5248520085a9f4970a9900b05204846981,462.55
c5e0ec5248520085a9f4970a9900b05204846981,459.53
c5e0ec5248520085a9f4970a9900b05204846981,459.70
c5e0ec5248520085a9f4970a9900b05204846981,462.14
c5e0ec5248520085a9f4970a9900b05204846981,455.98
c5e0ec5248520085a9f4970a9900b05204846981,458.05
c5e0ec5248520085a9f4970a9900b05204846981,460.34
c5e0ec5248520085a9f4970a9900b05204846981,457.93
c5e0ec5248520085a9f4970a9900b05204846981,459.27
c5e0ec5248520085a9f4970a9900b05204846981,457.68
53ee61bc23e4d1347a752d58f38791b09bb6f58a,458.77
53ee61bc23e4d1347a752d58f38791b09bb6f58a,461.68
53ee61bc23e4d1347a752d58f38791b09bb6f58a,458.78
53ee61bc23e4d1347a752d58f38791b09bb6f58a,461.75
53ee61bc23e4d1347a752d58f38791b09bb6f58a,457.41
53ee61bc23e4d1347a752d58f38791b09bb6f58a,463.86
53ee61bc23e4d1347a752d58f38791b09bb6f58a,460.17
53ee61bc23e4d1347a752d58f38791b09bb6f58a,461.41
53ee61bc23e4d1347a752d58f38791b09bb6f58a,460.20
53ee61bc23e4d1347a752d58f38791b09bb6f58a,459.96
53ee61bc23e4d1347a752d58f38791b09bb6f58a,458.34
53ee61bc23e4d1347a752d58f38791b09bb6f58a,458.94
53ee61bc23e4d1347a752d58f38791b09bb6f58a,458.00
53ee61bc23e4d1347a752d58f38791b09bb6f58a,462.27
53ee61bc23e4d1347a752d58f38791b09bb6f58a,458.65
05347d680a17f3390b1007d298201e891a0760f4,461.05
05347d680a17f3390b1007d298201e891a0760f4,460.96
05347d680a17f3390b1007d298201e891a0760f4,459.41
05347d680a17f3390b1007d298201e891a0760f4,456.07
05347d680a17f3390b1007d298201e891a0760f4,464.64
05347d680a17f3390b1007d298201e891a0760f4,461.91
05347d680a17f3390b1007d298201e891a0760f4,457.74
05347d680a17f3390b1007d298201e891a0760f4,459.84
05347d680a17f3390b1007d298201e891a0760f4,463.71
05347d680a17f3390b1007d298201e891a0760f4,465.39
05347d680a17f3390b1007d298201e891a0760f4,461.68
05347d680a17f3390b1007d298201e891a0760f4,461.23
05347d680a17f3390b1007d298201e891a0760f4,456.49
05347d680a17f3390b1007d298201e891a0760f4,455.90
05347d680a17f3390b1007d298201e891a0760f4,459.19
ec803bb6652e8b7fc5b5acbf143d6e16a201feba,460.36
ec803bb6652e8b7fc5b5acbf143d6e16a201feba,456.97
ec803bb6652e8b7fc5b5acbf143d6e16a201feba,465.22
ec803bb6652e8b7fc5b5acbf143d6e16a201feba,462.08
ec803bb6652e8b7fc5b5acbf143d6e16a201feba,460.94
ec803bb6652e8b7fc5b5acbf143d6e16a201feba,462.42
ec803bb6652e8b7fc5b5acbf143d6e16a201feba,457.35
ec803bb6652e8b7fc5b5acbf143d6e16a201feba,458.87
ec803bb6652e8b7fc5b5acbf143d6e16a201feba,458.32
ec803bb6652e8b7fc5b5acbf143d6e16a201feba,460.82
ec803bb6652e8b7fc5b5acbf143d6e16a201feba,462.31
ec803bb6652e8b7fc5b5acbf143d6e16a201feba,460.97
ec803bb6652e8b7fc5b5acbf143d6e16a201feba,457.63
ec803bb6652e8b7fc5b5acbf143d6e16a201feba,462.80
ec803bb6652e8b7fc5b5acbf143d6e16a201feba,459.14
0c61ee0127dc496a4fb124f5cc63c5c0f42ab719,462.82
0c61ee0127dc496a4fb124f5cc63c5c0f42ab719,461.22
0c61ee0127dc496a4fb124f5cc63c5c0f42ab719,457.11
0c61ee0127dc496a4fb124f5cc63c5c0f42ab719,455.82
0c61ee0127dc496a4fb124f5cc63c5c0f42ab719,461.85
0c61ee0127dc496a4fb124f5cc63c5c0f42ab719,460.84
0c61ee0127dc496a4fb124f5cc63c5c0f42ab719,460.49
0c61ee0127dc496a4fb124f5cc63c5c0f42ab719,460.79
0c61ee0127dc496a4fb124f5cc63c5c0f42ab719,460.11
0c61ee0127dc496a4fb124f5cc63c5c0f42ab719,459.29
0c61ee0127dc496a4fb124f5cc63c5c0f42ab719,462.00
0c61ee0127dc496a4fb124f5cc63c5c0f42ab719,458.28
0c61ee0127dc496a4fb124f5cc63c5c0f42ab719,457.60
0c61ee0127dc496a4fb124f5cc63c5c0f42ab719,456.78
0c61ee0127dc496a4fb124f5cc63c5c0f42ab719,460.57
a18e6b26317d65b43b64e023048070a3808b8669,463.08
a18e6b26317d65b43b64e023048070a3808b8669,462.54
a18e6b26317d65b43b64e023048070a3808b8669,461.05
a18e6b26317d65b43b64e023048070a3808b8669,460.81
a18e6b26317d65b43b64e023048070a3808b8669,458.23
a18e6b26317d65b43b64e023048070a3808b8669,462.90
a18e6b26317d65b43b64e023048070a3808b8669,458.94
a18e6b26317d65b43b64e023048070a3808b8669,465.86
a18e6b26317d65b43b64e023048070a3808b8669,457.47
a18e6b26317d65b43b64e023048070a3808b8669,463.35
a18e6b26317d65b43b64e023048070a3808b8669,461.99
a18e6b26317d65b43b64e023048070a3808b8669,457.43
a18e6b26317d65b43b64e023048070a3808b8669,458.07
a18e6b26317d65b43b64e023048070a3808b8669,460.54
a18e6b26317d65b43b64e023048070a3808b8669,455.03
5be8921158f488688cc2e961fdd6e772c68338e7,462.16
5be8921158f488688cc2e961fdd6e772c68338e7,460.98
5be8921158f488688cc2e961fdd6e772c68338e7,461.16
5be8921158f488688cc2e961fdd6e772c68338e7,461.34
5be8921158f488688cc2e961fdd6e772c68338e7,460.69
5be8921158f488688cc2e961fdd6e772c68338e7,462.19
5be8921158f488688cc2e961fdd6e772c68338e7,462.09
5be8921158f488688cc2e961fdd6e772c68338e7,460.19
5be8921158f488688cc2e961fdd6e772c68338e7,462.71
5be8921158f488688cc2e961fdd6e772c68338e7,458.54
5be8921158f488688cc2e961fdd6e772c68338e7,462.92
5be8921158f488688cc2e961fdd6e772c68338e7,460.75
5be8921158f488688cc2e961fdd6e772c68338e7,457.19
5be8921158f488688cc2e961fdd6e772c68338e7,460.29
5be8921158f488688cc2e961fdd6e772c68338e7,460.46
dc9a677d0be2c268510a7d8f4d1c7eb1ccdd13ef,457.64
dc9a677d0be2c268510a7d8f4d1c7eb1ccdd13ef,459.11
dc9a677d0be2c268510a7d8f4d1c7eb1ccdd13ef,456.48
dc9a677d0be2c268510a7d8f4d1c7eb1ccdd13ef,462.29
dc9a677d0be2c268510a7d8f4d1c7eb1ccdd13ef,462.46
dc9a677d0be2c268510a7d8f4d1c7eb1ccdd13ef,460.48
dc9a677d0be2c268510a7d8f4d1c7eb1ccdd13ef,458.66
dc9a677d0be2c268510a7d8f4d1c7eb1ccdd13ef,460.27
dc9a677d0be2c268510a7d8f4d1c7eb1ccdd13ef,460.80
dc9a677d0be2c268510a7d8f4d1c7eb1ccdd13ef,458.50
dc9a677d0be2c268510a7d8f4d1c7eb1ccdd13ef,461.26
dc9a677d0be2c268510a7d8f4d1c7eb1ccdd13ef,458.62
dc9a677d0be2c268510a7d8f4d1c7eb1ccdd13ef,460.27
dc9a677d0be2c268510a7d8f4d1c7eb1ccdd13ef,458.71
dc9a677d0be2c268510a7d8f4d1c7eb1ccdd13ef,463.59
fb1a2141ee9cb860521504d043e0a744da4eb325,465.13
fb1a2141ee9cb860521504d043e0a744da4eb325,463.05
fb1a2141ee9cb860521504d043e0a744da4eb325,459.73
fb1a2141ee9cb860521504d043e0a744da4eb325,464.29
fb1a2141ee9cb860521504d043e0a744da4eb325,462.90
fb1a2141ee9cb860521504d043e0a744da4eb325,461.14
fb1a2141ee9cb860521504d043e0a744da4eb325,464.40
fb1a2141ee9cb860521504d043e0a744da4eb325,462.59
fb1a2141ee9cb860521504d043e0a744da4eb325,463.98
fb1a2141ee9cb860521504d043e0a744da4eb325,461.91
fb1a2141ee9cb860521504d043e0a744da4eb325,461.79
fb1a2141ee9cb860521504d043e0a744da4eb325,458.31
fb1a2141ee9cb860521504d043e0a744da4eb325,462.68
fb1a2141ee9cb860521504d043e0a744da4eb325,456.76
fb1a2141ee9cb860521504d043e0a744da4eb325,460.93
ead3b1b3b968bdaafbf8ec2ad9de3a9325d3fafc,464.82
ead3b1b3b968bdaafbf8ec2ad9de3a9325d3fafc,459.44
ead3b1b3b968bdaafbf8ec2ad9de3a9325d3fafc,461.82
ead3b1b3b968bdaafbf8ec2ad9de3a9325d3fafc,461.67
ead3b1b3b968bdaafbf8ec2ad9de3a9325d3fafc,455.09
ead3b1b3b968bdaafbf8ec2ad9de3a9325d3fafc,463.26
ead3b1b3b968bdaafbf8ec2ad9de3a9325d3fafc,465.71
ead3b1b3b968bdaafbf8ec2ad9de3a9325d3fafc,464.52
ead3b1b3b968bdaafbf8ec2ad9de3a9325d3fafc,466.20
ead3b1b3b968bdaafbf8ec2ad9de3a9325d3fafc,459.86
ead3b1b3b968bdaafbf8ec2ad9de3a9325d3fafc,462.36
ead3b1b3b968bdaafbf8ec2ad9de3a9325d3fafc,461.42
ead3b1b3b968bdaafbf8ec2ad9de3a9325d3fafc,457.90
ead3b1b3b968bdaafbf8ec2ad9de3a9325d3fafc,461.73
ead3b1b3b968bdaafbf8ec2ad9de3a9325d3fafc,460.16
0287fd90d6ad17f58369a30d3a025f6d30454fe7,725.28
0287fd90d6ad17f58369a30d3a025f6d30454fe7,737.95
0287fd90d6ad17f58369a30d3a025f6d30454fe7,741.61
0287fd90d6ad17f58369a30d3a025f6d30454fe7,743.70
0287fd90d6ad17f58369a30d3a025f6d30454fe7,741.71
0287fd90d6ad17f58369a30d3a025f6d30454fe7,745.96
0287fd90d6ad17f58369a30d3a025f6d30454fe7,735.19
0287fd90d6ad17f58369a30d3a025f6d30454fe7,730.20
0287fd90d6ad17f58369a30d3a025f6d30454fe7,723.83
0287fd90d6ad17f58369a30d3a025f6d30454fe7,725.86
0287fd90d6ad17f58369a30d3a025f6d30454fe7,727.68
0287fd90d6ad17f58369a30d3a025f6d30454fe7,742.26
0287fd90d6ad17f58369a30d3a025f6d30454fe7,745.88
0287fd90d6ad17f58369a30d3a025f6d30454fe7,732.78
0287fd90d6ad17f58369a30d3a025f6d30454fe7,720.83
6abfa519bc257dcf27baa2a4aaaf68ed3bdce89c,743.65
6abfa519bc257dcf27baa2a4aaaf68ed3bdce89c,729.75
6abfa519bc257dcf27baa2a4aaaf68ed3bdce89c,730.51
6abfa519bc257dcf27baa2a4aaaf68ed3bdce89c,742.49
6abfa519bc257dcf27baa2a4aaaf68ed3bdce89c,730.78
6abfa519bc257dcf27baa2a4aaaf68ed3bdce89c,726.01
6abfa519bc257dcf27baa2a4aaaf68ed3bdce89c,732.22
6abfa519bc257dcf27baa2a4aaaf68ed3bdce89c,730.61
6abfa519bc257dcf27baa2a4aaaf68ed3bdce89c,741.38
6abfa519bc257dcf27baa2a4aaaf68ed3bdce89c,741.20
6abfa519bc257dcf27baa2a4aaaf68ed3bdce89c,743.93
6abfa519bc257dcf27baa2a4aaaf68ed3bdce89c,738.64
6abfa519bc257dcf27baa2a4aaaf68ed3bdce89c,737.64
6abfa519bc257dcf27baa2a4aaaf68ed3bdce89c,734.25
6abfa519bc257dcf27baa2a4aaaf68ed3bdce89c,721.61
6138d4a2aaeabd78edb1939f3aca77a71153ec46,741.66
6138d4a2aaeabd78edb1939f3aca77a71153ec46,737.79
6138d4a2aaeabd78edb1939f3aca77a71153ec46,729.50
6138d4a2aaeabd78edb1939f3aca77a71153ec46,744.20
6138d4a2aaeabd78edb1939f3aca77a71153ec46,740.19
6138d4a2aaeabd78edb1939f3aca77a71153ec46,737.64
6138d4a2aaeabd78edb1939f3aca77a71153ec46,728.49
6138d4a2aaeabd78edb1939f3aca77a71153ec46,741.15
6138d4a2aaeabd78edb1939f3aca77a71153ec46,741.37
6138d4a2aaeabd78edb1939f3aca77a71153ec46,746.54
6138d4a2aaeabd78edb1939f3aca77a71153ec46,738.28
6138d4a2aaeabd78edb1939f3aca77a71153ec46,744.26
6138d4a2aaeabd78edb1939f3aca77a71153ec46,738.41
6138d4a2aaeabd78edb1939f3aca77a71153ec46,737.24
6138d4a2aaeabd78edb1939f3aca77a71153ec46,742.02
cb5ef5c4a5cd3ab80f57ad741f74f0ac93fb83de,742.99
cb5ef5c4a5cd3ab80f57ad741f74f0ac93fb83de,741.14
cb5ef5c4a5cd3ab80f57ad741f74f0ac93fb83de,741.27
cb5ef5c4a5cd3ab80f57ad741f74f0ac93fb83de,736.60
cb5ef5c4a5cd3ab80f57ad741f74f0ac93fb83de,740.05
cb5ef5c4a5cd3ab80f57ad741f74f0ac93fb83de,740.01
cb5ef5c4a5cd3ab80f57ad741f74f0ac93fb83de,736.71
cb5ef5c4a5cd3ab80f57ad741f74f0ac93fb83de,737.28
cb5ef5c4a5cd3ab80f57ad741f74f0ac93fb83de,742.19
cb5ef5c4a5cd3ab80f57ad741f74f0ac93fb83de,732.71
cb5ef5c4a5cd3ab80f57ad741f74f0ac93fb83de,740.72
cb5ef5c4a5cd3ab80f57ad741f74f0ac93fb83de,733.39
cb5ef5c4a5cd3ab80f57ad741f74f0ac93fb83de,742.53
cb5ef5c4a5cd3ab80f57ad741f74f0ac93fb83de,731.09
cb5ef5c4a5cd3ab80f57ad741f74f0ac93fb83de,742.95
cbc120f45587f2ca034b7f844742016317c9df7f,730.30
cbc120f45587f2ca034b7f844742016317c9df7f,755.32
cbc120f45587f2ca034b7f844742016317c9df7f,732.43
cbc120f45587f2ca034b7f844742016317c9df7f,730.65
cbc120f45587f2ca034b7f844742016317c9df7f,747.45
cbc120f45587f2ca034b7f844742016317c9df7f,737.55
cbc120f45587f2ca034b7f844742016317c9df7f,738.26
cbc120f45587f2ca034b7f844742016317c9df7f,732.64
cbc120f45587f2ca034b7f844742016317c9df7f,741.73
cbc120f45587f2ca034b7f844742016317c9df7f,739.20
cbc120f45587f2ca034b7f844742016317c9df7f,741.09
cbc120f45587f2ca034b7f844742016317c9df7f,739.59
cbc120f45587f2ca034b7f844742016317c9df7f,738.92
cbc120f45587f2ca034b7f844742016317c9df7f,742.67
cbc120f45587f2ca034b7f844742016317c9df7f,732.19
173f3a0f52ac1c33faec3e8be721ae84e45c6026,737.48
173f3a0f52ac1c33faec3e8be721ae84e45c6026,735.86
173f3a0f52ac1c33faec3e8be721ae84e45c6026,737.50
173f3a0f52ac1c33faec3e8be721ae84e45c6026,739.15
173f3a0f52ac1c33faec3e8be721ae84e45c6026,745.90
173f3a0f52ac1c33faec3e8be721ae84e45c6026,739.72
173f3a0f52ac1c33faec3e8be721ae84e45c6026,740.10
173f3a0f52ac1c33faec3e8be721ae84e45c6026,744.95
173f3a0f52ac1c33faec3e8be721ae84e45c6026,732.80
173f3a0f52ac1c33faec3e8be721ae84e45c6026,737.09
173f3a0f52ac1c33faec3e8be721ae84e45c6026,741.33
173f3a0f52ac1c33faec3e8be721ae84e45c6026,726.57
173f3a0f52ac1c33faec3e8be721ae84e45c6026,732.00
173f3a0f52ac1c33faec3e8be721ae84e45c6026,741.12
173f3a0f52ac1c33faec3e8be721ae84e45c6026,736.92
bd692de6142bb48c1a362be11b35033761d4318a,746.12
bd692de6142bb48c1a362be11b35033761d4318a,747.42
bd692de6142bb48c1a362be11b35033761d4318a,761.94
bd692de6142bb48c1a362be11b35033761d4318a,748.97
bd692de6142bb48c1a362be11b35033761d4318a,749.87
bd692de6142bb48c1a362be11b35033761d4318a,751.37
bd692de6142bb48c1a362be11b35033761d4318a,745.20
bd692de6142bb48c1a362be11b35033761d4318a,751.67
bd692de6142bb48c1a362be11b35033761d4318a,738.64
bd692de6142bb48c1a362be11b35033761d4318a,737.08
bd692de6142bb48c1a362be11b35033761d4318a,751.95
bd692de6142bb48c1a362be11b35033761d4318a,740.11
bd692de6142bb48c1a362be11b35033761d4318a,746.71
bd692de6142bb48c1a362be11b35033761d4318a,737.28
bd692de6142bb48c1a362be11b35033761d4318a,753.04
1d4b0c4b6817d9db90d77d7fd93f88d32312c87e,756.93
1d4b0c4b6817d9db90d77d7fd93f88d32312c87e,741.28
1d4b0c4b6817d9db90d77d7fd93f88d32312c87e,735.99
1d4b0c4b6817d9db90d77d7fd93f88d32312c87e,752.20
1d4b0c4b6817d9db90d77d7fd93f88d32312c87e,752.58
1d4b0c4b6817d9db90d77d7fd93f88d32312c87e,736.13
1d4b0c4b6817d9db90d77d7fd93f88d32312c87e,738.05
1d4b0c4b6817d9db90d77d7fd93f88d32312c87e,745.81
1d4b0c4b6817d9db90d77d7fd93f88d32312c87e,751.65
1d4b0c4b6817d9db90d77d7fd93f88d32312c87e,744.87
1d4b0c4b6817d9db90d77d7fd93f88d32312c87e,755.25
1d4b0c4b6817d9db90d77d7fd93f88d32312c87e,746.16
1d4b0c4b6817d9db90d77d7fd93f88d32312c87e,743.79
1d4b0c4b6817d9db90d77d7fd93f88d32312c87e,738.52
1d4b0c4b6817d9db90d77d7fd93f88d32312c87e,737.26
447e57ed80d2f48ce59d4f7a623c9cb0ba070739,734.68
447e57ed80d2f48ce59d4f7a623c9cb0ba070739,744.21
447e57ed80d2f48ce59d4f7a623c9cb0ba070739,774.40
447e57ed80d2f48ce59d4f7a623c9cb0ba070739,742.42
447e57ed80d2f48ce59d4f7a623c9cb0ba070739,741.51
447e57ed80d2f48ce59d4f7a623c9cb0ba070739,735.91
447e57ed80d2f48ce59d4f7a623c9cb0ba070739,743.15
447e57ed80d2f48ce59d4f7a623c9cb0ba070739,743.61
447e57ed80d2f48ce59d4f7a623c9cb0ba070739,747.63
447e57ed80d2f48ce59d4f7a623c9cb0ba070739,745.89
447e57ed80d2f48ce59d4f7a623c9cb0ba070739,756.98
447e57ed80d2f48ce59d4f7a623c9cb0ba070739,744.65
447e57ed80d2f48ce59d4f7a623c9cb0ba070739,737.75
447e57ed80d2f48ce59d4f7a623c9cb0ba070739,739.42
447e57ed80d2f48ce59d4f7a623c9cb0ba070739,756.16
eb0b4268c3cf22faf94f3333bc728f8d6535ea1c,759.74
eb0b4268c3cf22faf94f3333bc728f8d6535ea1c,749.14
eb0b4268c3cf22faf94f3333bc728f8d6535ea1c,753.91
eb0b4268c3cf22faf94f3333bc728f8d6535ea1c,739.36
eb0b4268c3cf22faf94f3333bc728f8d6535ea1c,740.29
eb0b4268c3cf22faf94f3333bc728f8d6535ea1c,743.51
eb0b4268c3cf22faf94f3333bc728f8d6535ea1c,744.88
eb0b4268c3cf22faf94f3333bc728f8d6535ea1c,733.33
eb0b4268c3cf22faf94f3333bc728f8d6535ea1c,759.16
eb0b4268c3cf22faf94f3333bc728f8d6535ea1c,752.90
eb0b4268c3cf22faf94f3333bc728f8d6535ea1c,735.20
eb0b4268c3cf22faf94f3333bc728f8d6535ea1c,763.04
eb0b4268c3cf22faf94f3333bc728f8d6535ea1c,739.06
eb0b4268c3cf22faf94f3333bc728f8d6535ea1c,755.76
eb0b4268c3cf22faf94f3333bc728f8d6535ea1c,746.27
42dfc5c2d60f8914620866bcd21d8a323ddec63e,755.41
42dfc5c2d60f8914620866bcd21d8a323ddec63e,746.87
42dfc5c2d60f8914620866bcd21d8a323ddec63e,733.99
42dfc5c2d60f8914620866bcd21d8a323ddec63e,736.63
42dfc5c2d60f8914620866bcd21d8a323ddec63e,749.57
42dfc5c2d60f8914620866bcd21d8a323ddec63e,751.65
42dfc5c2d60f8914620866bcd21d8a323ddec63e,740.68
42dfc5c2d60f8914620866bcd21d8a323ddec63e,743.84
42dfc5c2d60f8914620866bcd21d8a323ddec63e,738.05
42dfc5c2d60f8914620866bcd21d8a323ddec63e,734.97
42dfc5c2d60f8914620866bcd21d8a323ddec63e,756.77
42dfc5c2d60f8914620866bcd21d8a323ddec63e,756.96
42dfc5c2d60f8914620866bcd21d8a323ddec63e,750.80
42dfc5c2d60f8914620866bcd21d8a323ddec63e,753.16
42dfc5c2d60f8914620866bcd21d8a323ddec63e,737.01
e0788e0c5e77d07ca23fb554d547ec19d5797989,748.46
e0788e0c5e77d07ca23fb554d547ec19d5797989,739.55
e0788e0c5e77d07ca23fb554d547ec19d5797989,738.08
e0788e0c5e77d07ca23fb554d547ec19d5797989,736.91
e0788e0c5e77d07ca23fb554d547ec19d5797989,738.96
e0788e0c5e77d07ca23fb554d547ec19d5797989,748.93
e0788e0c5e77d07ca23fb554d547ec19d5797989,792.56
e0788e0c5e77d07ca23fb554d547ec19d5797989,796.20
e0788e0c5e77d07ca23fb554d547ec19d5797989,744.04
e0788e0c5e77d07ca23fb554d547ec19d5797989,764.52
e0788e0c5e77d07ca23fb554d547ec19d5797989,761.44
e0788e0c5e77d07ca23fb554d547ec19d5797989,752.58
e0788e0c5e77d07ca23fb554d547ec19d5797989,750.39
e0788e0c5e77d07ca23fb554d547ec19d5797989,757.13
e0788e0c5e77d07ca23fb554d547ec19d5797989,746.09
55501ae5718dd56600b9aedd270b0383008e3dfa,753.45
55501ae5718dd56600b9aedd270b0383008e3dfa,758.65
55501ae5718dd56600b9aedd270b0383008e3dfa,747.30
55501ae5718dd56600b9aedd270b0383008e3dfa,754.48
55501ae5718dd56600b9aedd270b0383008e3dfa,752.41
55501ae5718dd56600b9aedd270b0383008e3dfa,756.88
55501ae5718dd56600b9aedd270b0383008e3dfa,750.95
55501ae5718dd56600b9aedd270b0383008e3dfa,756.78
55501ae5718dd56600b9aedd270b0383008e3dfa,743.25
55501ae5718dd56600b9aedd270b0383008e3dfa,752.43
55501ae5718dd56600b9aedd270b0383008e3dfa,742.24
55501ae5718dd56600b9aedd270b0383008e3dfa,746.52
55501ae5718dd56600b9aedd270b0383008e3dfa,753.23
55501ae5718dd56600b9aedd270b0383008e3dfa,753.02
55501ae5718dd56600b9aedd270b0383008e3dfa,754.58
9ddaf22e97848d3accc23bfd50e3dc95d9d642de,758.31
9ddaf22e97848d3accc23bfd50e3dc95d9d642de,760.98
9ddaf22e97848d3accc23bfd50e3dc95d9d642de,762.05
9ddaf22e97848d3accc23bfd50e3dc95d9d642de,762.70
9ddaf22e97848d3accc23bfd50e3dc95d9d642de,760.31
9ddaf22e97848d3accc23bfd50e3dc95d9d642de,750.47
9ddaf22e97848d3accc23bfd50e3dc95d9d642de,753.52
9ddaf22e97848d3accc23bfd50e3dc95d9d642de,753.91
9ddaf22e97848d3accc23bfd50e3dc95d9d642de,748.79
9ddaf22e97848d3accc23bfd50e3dc95d9d642de,744.17
9ddaf22e97848d3accc23bfd50e3dc95d9d642de,752.71
9ddaf22e97848d3accc23bfd50e3dc95d9d642de,746.98
9ddaf22e97848d3accc23bfd50e3dc95d9d642de,749.38
9ddaf22e97848d3accc23bfd50e3dc95d9d642de,746.09
9ddaf22e97848d3accc23bfd50e3dc95d9d642de,771.53
1000c7004a1b741d988867b13d94c67a9eb341f1,747.01
1000c7004a1b741d988867b13d94c67a9eb341f1,750.31
1000c7004a1b741d988867b13d94c67a9eb341f1,744.55
1000c7004a1b741d988867b13d94c67a9eb341f1,747.52
1000c7004a1b741d988867b13d94c67a9eb341f1,765.26
1000c7004a1b741d988867b13d94c67a9eb341f1,757.73
1000c7004a1b741d988867b13d94c67a9eb341f1,754.19
1000c7004a1b741d988867b13d94c67a9eb341f1,752.73
1000c7004a1b741d988867b13d94c67a9eb341f1,757.21
1000c7004a1b741d988867b13d94c67a9eb341f1,760.69
1000c7004a1b741d988867b13d94c67a9eb341f1,759.63
1000c7004a1b741d988867b13d94c67a9eb341f1,750.74
1000c7004a1b741d988867b13d94c67a9eb341f1,747.97
1000c7004a1b741d988867b13d94c67a9eb341f1,766.78
1000c7004a1b741d988867b13d94c67a9eb341f1,744.34
03cec75dd7aa5b127780162eca77fde0dab65548,767.69
03cec75dd7aa5b127780162eca77fde0dab65548,748.18
03cec75dd7aa5b127780162eca77fde0dab65548,752.50
03cec75dd7aa5b127780162eca77fde0dab65548,748.56
03cec75dd7aa5b127780162eca77fde0dab65548,749.91
03cec75dd7aa5b127780162eca77fde0dab65548,748.29
03cec75dd7aa5b127780162eca77fde0dab65548,758.48
03cec75dd7aa5b127780162eca77fde0dab65548,749.27
03cec75dd7aa5b127780162eca77fde0dab65548,745.61
03cec75dd7aa5b127780162eca77fde0dab65548,747.90
03cec75dd7aa5b127780162eca77fde0dab65548,741.86
03cec75dd7aa5b127780162eca77fde0dab65548,758.21
03cec75dd7aa5b127780162eca77fde0dab65548,761.51
03cec75dd7aa5b127780162eca77fde0dab65548,761.11
03cec75dd7aa5b127780162eca77fde0dab65548,739.35
0a042782f4b6cbae0e1b0959a89be9a5e0a2b0f3,757.48
0a042782f4b6cbae0e1b0959a89be9a5e0a2b0f3,746.84
0a042782f4b6cbae0e1b0959a89be9a5e0a2b0f3,752.32
0a042782f4b6cbae0e1b0959a89be9a5e0a2b0f3,748.62
0a042782f4b6cbae0e1b0959a89be9a5e0a2b0f3,744.11
0a042782f4b6cbae0e1b0959a89be9a5e0a2b0f3,763.11
0a042782f4b6cbae0e1b0959a89be9a5e0a2b0f3,751.56
0a042782f4b6cbae0e1b0959a89be9a5e0a2b0f3,747.67
0a042782f4b6cbae0e1b0959a89be9a5e0a2b0f3,757.42
0a042782f4b6cbae0e1b0959a89be9a5e0a2b0f3,751.63
0a042782f4b6cbae0e1b0959a89be9a5e0a2b0f3,753.05
0a042782f4b6cbae0e1b0959a89be9a5e0a2b0f3,753.96
0a042782f4b6cbae0e1b0959a89be9a5e0a2b0f3,755.07
0a042782f4b6cbae0e1b0959a89be9a5e0a2b0f3,765.99
0a042782f4b6cbae0e1b0959a89be9a5e0a2b0f3,749.00
97ed6b11d2078be51a650db72178a9ab805976df,782.42
97ed6b11d2078be51a650db72178a9ab805976df,773.42
97ed6b11d2078be51a650db72178a9ab805976df,750.96
97ed6b11d2078be51a650db72178a9ab805976df,764.59
97ed6b11d2078be51a650db72178a9ab805976df,756.63
97ed6b11d2078be51a650db72178a9ab805976df,766.23
97ed6b11d2078be51a650db72178a9ab805976df,758.01
97ed6b11d2078be51a650db72178a9ab805976df,766.70
97ed6b11d2078be51a650db72178a9ab805976df,761.43
97ed6b11d2078be51a650db72178a9ab805976df,754.82
97ed6b11d2078be51a650db72178a9ab805976df,779.26
97ed6b11d2078be51a650db72178a9ab805976df,770.74
97ed6b11d2078be51a650db72178a9ab805976df,767.50
97ed6b11d2078be51a650db72178a9ab805976df,769.53
97ed6b11d2078be51a650db72178a9ab805976df,769.38
b8d1140ed6b495509dbbe8f76e6fd03b4ab90c38,709.25
b8d1140ed6b495509dbbe8f76e6fd03b4ab90c38,725.76
b8d1140ed6b495509dbbe8f76e6fd03b4ab90c38,716.39
b8d1140ed6b495509dbbe8f76e6fd03b4ab90c38,715.39
b8d1140ed6b495509dbbe8f76e6fd03b4ab90c38,721.88
b8d1140ed6b495509dbbe8f76e6fd03b4ab90c38,718.18
b8d1140ed6b495509dbbe8f76e6fd03b4ab90c38,711.80
b8d1140ed6b495509dbbe8f76e6fd03b4ab90c38,711.63
b8d1140ed6b495509dbbe8f76e6fd03b4ab90c38,709.08
b8d1140ed6b495509dbbe8f76e6fd03b4ab90c38,721.09
b8d1140ed6b495509dbbe8f76e6fd03b4ab90c38,710.84
b8d1140ed6b495509dbbe8f76e6fd03b4ab90c38,715.18
b8d1140ed6b495509dbbe8f76e6fd03b4ab90c38,720.08
b8d1140ed6b495509dbbe8f76e6fd03b4ab90c38,707.93
b8d1140ed6b495509dbbe8f76e6fd03b4ab90c38,707.32
d5fa0c69e821c1bb3e38844e491290b0c93d5858,711.32
d5fa0c69e821c1bb3e38844e491290b0c93d5858,709.26
d5fa0c69e821c1bb3e38844e491290b0c93d5858,715.50
d5fa0c69e821c1bb3e38844e491290b0c93d5858,710.46
d5fa0c69e821c1bb3e38844e491290b0c93d5858,712.75
d5fa0c69e821c1bb3e38844e491290b0c93d5858,715.23
d5fa0c69e821c1bb3e38844e491290b0c93d5858,698.79
d5fa0c69e821c1bb3e38844e491290b0c93d5858,716.43
d5fa0c69e821c1bb3e38844e491290b0c93d5858,711.39
d5fa0c69e821c1bb3e38844e491290b0c93d5858,717.36
d5fa0c69e821c1bb3e38844e491290b0c93d5858,715.37
d5fa0c69e821c1bb3e38844e491290b0c93d5858,709.94
d5fa0c69e821c1bb3e38844e491290b0c93d5858,710.43
d5fa0c69e821c1bb3e38844e491290b0c93d5858,709.24
d5fa0c69e821c1bb3e38844e491290b0c93d5858,706.71
df2b9850c610be7b7247d28ee9f967f4cdac0e36,755.88
df2b9850c610be7b7247d28ee9f967f4cdac0e36,753.94
df2b9850c610be7b7247d28ee9f967f4cdac0e36,757.70
df2b9850c610be7b7247d28ee9f967f4cdac0e36,755.86
df2b9850c610be7b7247d28ee9f967f4cdac0e36,755.41
df2b9850c610be7b7247d28ee9f967f4cdac0e36,773.94
df2b9850c610be7b7247d28ee9f967f4cdac0e36,774.56
df2b9850c610be7b7247d28ee9f967f4cdac0e36,773.00
df2b9850c610be7b7247d28ee9f967f4cdac0e36,752.27
df2b9850c610be7b7247d28ee9f967f4cdac0e36,752.06
df2b9850c610be7b7247d28ee9f967f4cdac0e36,757.26
df2b9850c610be7b7247d28ee9f967f4cdac0e36,764.02
df2b9850c610be7b7247d28ee9f967f4cdac0e36,751.21
df2b9850c610be7b7247d28ee9f967f4cdac0e36,759.44
df2b9850c610be7b7247d28ee9f967f4cdac0e36,771.87
fbc9d72281fa1448815ef0ed27d801a00861590a,762.55
fbc9d72281fa1448815ef0ed27d801a00861590a,766.29
fbc9d72281fa1448815ef0ed27d801a00861590a,763.82
fbc9d72281fa1448815ef0ed27d801a00861590a,763.13
fbc9d72281fa1448815ef0ed27d801a00861590a,757.22
fbc9d72281fa1448815ef0ed27d801a00861590a,763.44
fbc9d72281fa1448815ef0ed27d801a00861590a,765.40
fbc9d72281fa1448815ef0ed27d801a00861590a,760.55
fbc9d72281fa1448815ef0ed27d801a00861590a,760.52
fbc9d72281fa1448815ef0ed27d801a00861590a,761.74
fbc9d72281fa1448815ef0ed27d801a00861590a,768.88
fbc9d72281fa1448815ef0ed27d801a00861590a,761.75
fbc9d72281fa1448815ef0ed27d801a00861590a,760.75
fbc9d72281fa1448815ef0ed27d801a00861590a,759.25
fbc9d72281fa1448815ef0ed27d801a00861590a,762.63
52dd186d1042d8256ad642a10c17672c5e7c1fca,763.11
52dd186d1042d8256ad642a10c17672c5e7c1fca,761.66
52dd186d1042d8256ad642a10c17672c5e7c1fca,767.63
52dd186d1042d8256ad642a10c17672c5e7c1fca,758.42
52dd186d1042d8256ad642a10c17672c5e7c1fca,760.43
52dd186d1042d8256ad642a10c17672c5e7c1fca,772.23
52dd186d1042d8256ad642a10c17672c5e7c1fca,766.31
52dd186d1042d8256ad642a10c17672c5e7c1fca,760.82
52dd186d1042d8256ad642a10c17672c5e7c1fca,763.29
52dd186d1042d8256ad642a10c17672c5e7c1fca,761.20
52dd186d1042d8256ad642a10c17672c5e7c1fca,767.57
52dd186d1042d8256ad642a10c17672c5e7c1fca,764.96
52dd186d1042d8256ad642a10c17672c5e7c1fca,762.21
52dd186d1042d8256ad642a10c17672c5e7c1fca,762.65
52dd186d1042d8256ad642a10c17672c5e7c1fca,764.24
23610531ffb4adb81860a6091701148a06f1f863,759.86
23610531ffb4adb81860a6091701148a06f1f863,758.60
23610531ffb4adb81860a6091701148a06f1f863,772.69
23610531ffb4adb81860a6091701148a06f1f863,767.61
23610531ffb4adb81860a6091701148a06f1f863,753.60
23610531ffb4adb81860a6091701148a06f1f863,757.39
23610531ffb4adb81860a6091701148a06f1f863,759.50
23610531ffb4adb81860a6091701148a06f1f863,760.71
23610531ffb4adb81860a6091701148a06f1f863,761.59
23610531ffb4adb81860a6091701148a06f1f863,760.97
23610531ffb4adb81860a6091701148a06f1f863,755.82
23610531ffb4adb81860a6091701148a06f1f863,751.82
23610531ffb4adb81860a6091701148a06f1f863,757.85
23610531ffb4adb81860a6091701148a06f1f863,761.65
23610531ffb4adb81860a6091701148a06f1f863,756.28
701c090107cb94a6d3aa14c1e486cd96a93d234d,753.40
701c090107cb94a6d3aa14c1e486cd96a93d234d,757.23
701c090107cb94a6d3aa14c1e486cd96a93d234d,769.42
701c090107cb94a6d3aa14c1e486cd96a93d234d,760.50
701c090107cb94a6d3aa14c1e486cd96a93d234d,759.54
701c090107cb94a6d3aa14c1e486cd96a93d234d,775.81
701c090107cb94a6d3aa14c1e486cd96a93d234d,760.43
701c090107cb94a6d3aa14c1e486cd96a93d234d,757.50
701c090107cb94a6d3aa14c1e486cd96a93d234d,749.70
701c090107cb94a6d3aa14c1e486cd96a93d234d,754.70
701c090107cb94a6d3aa14c1e486cd96a93d234d,763.11
701c090107cb94a6d3aa14c1e486cd96a93d234d,766.86
701c090107cb94a6d3aa14c1e486cd96a93d234d,752.82
701c090107cb94a6d3aa14c1e486cd96a93d234d,754.89
701c090107cb94a6d3aa14c1e486cd96a93d234d,759.75
9d4a7142c0b700b8ecc5e7467398f75a5968790d,768.27
9d4a7142c0b700b8ecc5e7467398f75a5968790d,759.74
9d4a7142c0b700b8ecc5e7467398f75a5968790d,763.78
9d4a7142c0b700b8ecc5e7467398f75a5968790d,763.29
9d4a7142c0b700b8ecc5e7467398f75a5968790d,769.64
9d4a7142c0b700b8ecc5e7467398f75a5968790d,757.58
9d4a7142c0b700b8ecc5e7467398f75a5968790d,770.08
9d4a7142c0b700b8ecc5e7467398f75a5968790d,764.20
9d4a7142c0b700b8ecc5e7467398f75a5968790d,759.85
9d4a7142c0b700b8ecc5e7467398f75a5968790d,761.15
9d4a7142c0b700b8ecc5e7467398f75a5968790d,768.12
9d4a7142c0b700b8ecc5e7467398f75a5968790d,759.15
9d4a7142c0b700b8ecc5e7467398f75a5968790d,764.52
9d4a7142c0b700b8ecc5e7467398f75a5968790d,770.26
9d4a7142c0b700b8ecc5e7467398f75a5968790d,761.34
61c2ab93e5ab11cebbfad98c5489d6ccdeca6fc9,765.55
61c2ab93e5ab11cebbfad98c5489d6ccdeca6fc9,763.70
61c2ab93e5ab11cebbfad98c5489d6ccdeca6fc9,764.77
61c2ab93e5ab11cebbfad98c5489d6ccdeca6fc9,766.34
61c2ab93e5ab11cebbfad98c5489d6ccdeca6fc9,755.28
61c2ab93e5ab11cebbfad98c5489d6ccdeca6fc9,765.87
61c2ab93e5ab11cebbfad98c5489d6ccdeca6fc9,770.19
61c2ab93e5ab11cebbfad98c5489d6ccdeca6fc9,758.90
61c2ab93e5ab11cebbfad98c5489d6ccdeca6fc9,765.36
61c2ab93e5ab11cebbfad98c5489d6ccdeca6fc9,764.71
61c2ab93e5ab11cebbfad98c5489d6ccdeca6fc9,768.79
61c2ab93e5ab11cebbfad98c5489d6ccdeca6fc9,762.93
61c2ab93e5ab11cebbfad98c5489d6ccdeca6fc9,762.60
61c2ab93e5ab11cebbfad98c5489d6ccdeca6fc9,758.04
61c2ab93e5ab11cebbfad98c5489d6ccdeca6fc9,768.03
6b6ce9803bce8c2e29f45adf3f556be09da8a83a,758.08
6b6ce9803bce8c2e29f45adf3f556be09da8a83a,760.41
6b6ce9803bce8c2e29f45adf3f556be09da8a83a,776.11
6b6ce9803bce8c2e29f45adf3f556be09da8a83a,754.78
6b6ce9803bce8c2e29f45adf3f556be09da8a83a,754.27
6b6ce9803bce8c2e29f45adf3f556be09da8a83a,752.20
6b6ce9803bce8c2e29f45adf3f556be09da8a83a,758.70
6b6ce9803bce8c2e29f45adf3f556be09da8a83a,756.00
6b6ce9803bce8c2e29f45adf3f556be09da8a83a,754.34
6b6ce9803bce8c2e29f45adf3f556be09da8a83a,767.17
6b6ce9803bce8c2e29f45adf3f556be09da8a83a,757.64
6b6ce9803bce8c2e29f45adf3f556be09da8a83a,756.53
6b6ce9803bce8c2e29f45adf3f556be09da8a83a,755.34
6b6ce9803bce8c2e29f45adf3f556be09da8a83a,765.11
6b6ce9803bce8c2e29f45adf3f556be09da8a83a,769.87
1a78f350f9646a9d53202e588c62c103073b61f2,768.46
1a78f350f9646a9d53202e588c62c103073b61f2,768.31
1a78f350f9646a9d53202e588c62c103073b61f2,761.68
1a78f350f9646a9d53202e588c62c103073b61f2,768.52
1a78f350f9646a9d53202e588c62c103073b61f2,762.59
1a78f350f9646a9d53202e588c62c103073b61f2,762.56
1a78f350f9646a9d53202e588c62c103073b61f2,763.78
1a78f350f9646a9d53202e588c62c103073b61f2,762.61
1a78f350f9646a9d53202e588c62c103073b61f2,759.67
1a78f350f9646a9d53202e588c62c103073b61f2,764.10
1a78f350f9646a9d53202e588c62c103073b61f2,759.03
1a78f350f9646a9d53202e588c62c103073b61f2,768.33
1a78f350f9646a9d53202e588c62c103073b61f2,760.06
1a78f350f9646a9d53202e588c62c103073b61f2,764.02
1a78f350f9646a9d53202e588c62c103073b61f2,759.17
35967be40c421db0ed1940c01ced60b002e5c5db,763.77
35967be40c421db0ed1940c01ced60b002e5c5db,764.32
35967be40c421db0ed1940c01ced60b002e5c5db,764.08
35967be40c421db0ed1940c01ced60b002e5c5db,767.87
35967be40c421db0ed1940c01ced60b002e5c5db,762.46
35967be40c421db0ed1940c01ced60b002e5c5db,767.12
35967be40c421db0ed1940c01ced60b002e5c5db,761.33
35967be40c421db0ed1940c01ced60b002e5c5db,763.35
35967be40c421db0ed1940c01ced60b002e5c5db,763.58
35967be40c421db0ed1940c01ced60b002e5c5db,781.15
35967be40c421db0ed1940c01ced60b002e5c5db,763.96
35967be40c421db0ed1940c01ced60b002e5c5db,762.85
35967be40c421db0ed1940c01ced60b002e5c5db,764.57
35967be40c421db0ed1940c01ced60b002e5c5db,761.65
35967be40c421db0ed1940c01ced60b002e5c5db,760.85
1b6edd231234e50a6201f9c9f2c3f8eb0c7c04e7,2246.44
1b6edd231234e50a6201f9c9f2c3f8eb0c7c04e7,2248.55
1b6edd231234e50a6201f9c9f2c3f8eb0c7c04e7,2251.23
1b6edd231234e50a6201f9c9f2c3f8eb0c7c04e7,2233.27
1b6edd231234e50a6201f9c9f2c3f8eb0c7c04e7,2256.03
1b6edd231234e50a6201f9c9f2c3f8eb0c7c04e7,2244.29
1b6edd231234e50a6201f9c9f2c3f8eb0c7c04e7,2226.31
1b6edd231234e50a6201f9c9f2c3f8eb0c7c04e7,2256.46
1b6edd231234e50a6201f9c9f2c3f8eb0c7c04e7,2242.01
1b6edd231234e50a6201f9c9f2c3f8eb0c7c04e7,2245.50
1b6edd231234e50a6201f9c9f2c3f8eb0c7c04e7,2240.24
1b6edd231234e50a6201f9c9f2c3f8eb0c7c04e7,2232.16
1b6edd231234e50a6201f9c9f2c3f8eb0c7c04e7,2443.35
1b6edd231234e50a6201f9c9f2c3f8eb0c7c04e7,2243.71
1b6edd231234e50a6201f9c9f2c3f8eb0c7c04e7,2218.84
50ef57b392b2bbd009c12c9ccbed40d00c7477b5,762.39
50ef57b392b2bbd009c12c9ccbed40d00c7477b5,755.84
50ef57b392b2bbd009c12c9ccbed40d00c7477b5,759.64
50ef57b392b2bbd009c12c9ccbed40d00c7477b5,758.02
50ef57b392b2bbd009c12c9ccbed40d00c7477b5,755.56
50ef57b392b2bbd009c12c9ccbed40d00c7477b5,763.01
50ef57b392b2bbd009c12c9ccbed40d00c7477b5,761.64
50ef57b392b2bbd009c12c9ccbed40d00c7477b5,749.67
50ef57b392b2bbd009c12c9ccbed40d00c7477b5,761.89
50ef57b392b2bbd009c12c9ccbed40d00c7477b5,764.04
50ef57b392b2bbd009c12c9ccbed40d00c7477b5,753.85
50ef57b392b2bbd009c12c9ccbed40d00c7477b5,755.76
50ef57b392b2bbd009c12c9ccbed40d00c7477b5,756.05
50ef57b392b2bbd009c12c9ccbed40d00c7477b5,748.95
50ef57b392b2bbd009c12c9ccbed40d00c7477b5,748.28
5ed3d8cd04ecf7974ad8b00844c70ca24124e140,751.15
5ed3d8cd04ecf7974ad8b00844c70ca24124e140,753.52
5ed3d8cd04ecf7974ad8b00844c70ca24124e140,751.52
5ed3d8cd04ecf7974ad8b00844c70ca24124e140,771.37
5ed3d8cd04ecf7974ad8b00844c70ca24124e140,768.93
5ed3d8cd04ecf7974ad8b00844c70ca24124e140,754.74
5ed3d8cd04ecf7974ad8b00844c70ca24124e140,761.43
5ed3d8cd04ecf7974ad8b00844c70ca24124e140,751.19
5ed3d8cd04ecf7974ad8b00844c70ca24124e140,751.48
5ed3d8cd04ecf7974ad8b00844c70ca24124e140,766.75
5ed3d8cd04ecf7974ad8b00844c70ca24124e140,752.09
5ed3d8cd04ecf7974ad8b00844c70ca24124e140,784.55
5ed3d8cd04ecf7974ad8b00844c70ca24124e140,751.41
5ed3d8cd04ecf7974ad8b00844c70ca24124e140,758.77
5ed3d8cd04ecf7974ad8b00844c70ca24124e140,769.49
be781d4b030b84b3059de23d6c2208eec75c89a4,751.91
be781d4b030b84b3059de23d6c2208eec75c89a4,755.14
be781d4b030b84b3059de23d6c2208eec75c89a4,766.40
be781d4b030b84b3059de23d6c2208eec75c89a4,762.09
be781d4b030b84b3059de23d6c2208eec75c89a4,755.86
be781d4b030b84b3059de23d6c2208eec75c89a4,751.34
be781d4b030b84b3059de23d6c2208eec75c89a4,758.68
be781d4b030b84b3059de23d6c2208eec75c89a4,755.47
be781d4b030b84b3059de23d6c2208eec75c89a4,756.97
be781d4b030b84b3059de23d6c2208eec75c89a4,758.05
be781d4b030b84b3059de23d6c2208eec75c89a4,752.50
be781d4b030b84b3059de23d6c2208eec75c89a4,773.82
be781d4b030b84b3059de23d6c2208eec75c89a4,774.86
be781d4b030b84b3059de23d6c2208eec75c89a4,757.64
be781d4b030b84b3059de23d6c2208eec75c89a4,759.09
7749e0e1e4cfe7d57163a50dec675be98d1b46ef,774.01
7749e0e1e4cfe7d57163a50dec675be98d1b46ef,753.22
7749e0e1e4cfe7d57163a50dec675be98d1b46ef,759.23
7749e0e1e4cfe7d57163a50dec675be98d1b46ef,757.28
7749e0e1e4cfe7d57163a50dec675be98d1b46ef,775.26
7749e0e1e4cfe7d57163a50dec675be98d1b46ef,753.21
7749e0e1e4cfe7d57163a50dec675be98d1b46ef,765.91
7749e0e1e4cfe7d57163a50dec675be98d1b46ef,755.41
7749e0e1e4cfe7d57163a50dec675be98d1b46ef,758.02
7749e0e1e4cfe7d57163a50dec675be98d1b46ef,755.23
7749e0e1e4cfe7d57163a50dec675be98d1b46ef,769.77
7749e0e1e4cfe7d57163a50dec675be98d1b46ef,755.98
7749e0e1e4cfe7d57163a50dec675be98d1b46ef,753.34
7749e0e1e4cfe7d57163a50dec675be98d1b46ef,769.37
7749e0e1e4cfe7d57163a50dec675be98d1b46ef,757.51
bfcc8df74c23dd96f30eaef3a5d3ee4a57dab08e,755.51
bfcc8df74c23dd96f30eaef3a5d3ee4a57dab08e,753.11
bfcc8df74c23dd96f30eaef3a5d3ee4a57dab08e,767.57
bfcc8df74c23dd96f30eaef3a5d3ee4a57dab08e,774.91
bfcc8df74c23dd96f30eaef3a5d3ee4a57dab08e,757.80
bfcc8df74c23dd96f30eaef3a5d3ee4a57dab08e,750.70
bfcc8df74c23dd96f30eaef3a5d3ee4a57dab08e,759.68
bfcc8df74c23dd96f30eaef3a5d3ee4a57dab08e,751.96
bfcc8df74c23dd96f30eaef3a5d3ee4a57dab08e,752.35
bfcc8df74c23dd96f30eaef3a5d3ee4a57dab08e,748.18
bfcc8df74c23dd96f30eaef3a5d3ee4a57dab08e,758.49
bfcc8df74c23dd96f30eaef3a5d3ee4a57dab08e,750.40
bfcc8df74c23dd96f30eaef3a5d3ee4a57dab08e,756.38
bfcc8df74c23dd96f30eaef3a5d3ee4a57dab08e,751.48
bfcc8df74c23dd96f30eaef3a5d3ee4a57dab08e,748.92
9fc4f07f03fe149b7fd7cf8cf16f78d0e5cb3f97,762.46
9fc4f07f03fe149b7fd7cf8cf16f78d0e5cb3f97,760.98
9fc4f07f03fe149b7fd7cf8cf16f78d0e5cb3f97,757.80
9fc4f07f03fe149b7fd7cf8cf16f78d0e5cb3f97,763.93
9fc4f07f03fe149b7fd7cf8cf16f78d0e5cb3f97,758.68
9fc4f07f03fe149b7fd7cf8cf16f78d0e5cb3f97,758.82
9fc4f07f03fe149b7fd7cf8cf16f78d0e5cb3f97,768.78
9fc4f07f03fe149b7fd7cf8cf16f78d0e5cb3f97,757.84
9fc4f07f03fe149b7fd7cf8cf16f78d0e5cb3f97,774.92
9fc4f07f03fe149b7fd7cf8cf16f78d0e5cb3f97,754.26
9fc4f07f03fe149b7fd7cf8cf16f78d0e5cb3f97,764.78
9fc4f07f03fe149b7fd7cf8cf16f78d0e5cb3f97,751.54
9fc4f07f03fe149b7fd7cf8cf16f78d0e5cb3f97,756.01
9fc4f07f03fe149b7fd7cf8cf16f78d0e5cb3f97,752.93
9fc4f07f03fe149b7fd7cf8cf16f78d0e5cb3f97,765.48
02ef578633bd0e211cf8a21d494d357609111780,757.31
02ef578633bd0e211cf8a21d494d357609111780,761.48
02ef578633bd0e211cf8a21d494d357609111780,771.37
02ef578633bd0e211cf8a21d494d357609111780,767.69
02ef578633bd0e211cf8a21d494d357609111780,753.95
02ef578633bd0e211cf8a21d494d357609111780,756.76
02ef578633bd0e211cf8a21d494d357609111780,766.61
02ef578633bd0e211cf8a21d494d357609111780,757.17
02ef578633bd0e211cf8a21d494d357609111780,763.80
02ef578633bd0e211cf8a21d494d357609111780,771.39
02ef578633bd0e211cf8a21d494d357609111780,760.20
02ef578633bd0e211cf8a21d494d357609111780,757.89
02ef578633bd0e211cf8a21d494d357609111780,757.22
02ef578633bd0e211cf8a21d494d357609111780,751.62
02ef578633bd0e211cf8a21d494d357609111780,758.53
a701d4a36725feca20ff1d35e4c1ad8336d7b43f,764.43
a701d4a36725feca20ff1d35e4c1ad8336d7b43f,759.51
a701d4a36725feca20ff1d35e4c1ad8336d7b43f,768.47
a701d4a36725feca20ff1d35e4c1ad8336d7b43f,756.89
a701d4a36725feca20ff1d35e4c1ad8336d7b43f,767.43
a701d4a36725feca20ff1d35e4c1ad8336d7b43f,755.05
a701d4a36725feca20ff1d35e4c1ad8336d7b43f,756.01
a701d4a36725feca20ff1d35e4c1ad8336d7b43f,775.12
a701d4a36725feca20ff1d35e4c1ad8336d7b43f,756.29
a701d4a36725feca20ff1d35e4c1ad8336d7b43f,758.93
a701d4a36725feca20ff1d35e4c1ad8336d7b43f,757.86
a701d4a36725feca20ff1d35e4c1ad8336d7b43f,759.84
a701d4a36725feca20ff1d35e4c1ad8336d7b43f,760.46
a701d4a36725feca20ff1d35e4c1ad8336d7b43f,758.22
a701d4a36725feca20ff1d35e4c1ad8336d7b43f,762.38
8df18c794e628291ae5419804e089984fd8ba137,757.90
8df18c794e628291ae5419804e089984fd8ba137,767.42
8df18c794e628291ae5419804e089984fd8ba137,761.68
8df18c794e628291ae5419804e089984fd8ba137,766.82
8df18c794e628291ae5419804e089984fd8ba137,760.43
8df18c794e628291ae5419804e089984fd8ba137,767.34
8df18c794e628291ae5419804e089984fd8ba137,767.69
8df18c794e628291ae5419804e089984fd8ba137,764.88
8df18c794e628291ae5419804e089984fd8ba137,765.92
8df18c794e628291ae5419804e089984fd8ba137,767.62
8df18c794e628291ae5419804e089984fd8ba137,763.61
8df18c794e628291ae5419804e089984fd8ba137,766.15
8df18c794e628291ae5419804e089984fd8ba137,764.60
8df18c794e628291ae5419804e089984fd8ba137,767.78
8df18c794e628291ae5419804e089984fd8ba137,765.07
5fc1f636a1518194ad3faef5e0ef84ccf6e56c96,761.58
5fc1f636a1518194ad3faef5e0ef84ccf6e56c96,773.53
5fc1f636a1518194ad3faef5e0ef84ccf6e56c96,761.60
5fc1f636a1518194ad3faef5e0ef84ccf6e56c96,766.73
5fc1f636a1518194ad3faef5e0ef84ccf6e56c96,760.58
5fc1f636a1518194ad3faef5e0ef84ccf6e56c96,768.53
5fc1f636a1518194ad3faef5e0ef84ccf6e56c96,760.16
5fc1f636a1518194ad3faef5e0ef84ccf6e56c96,760.46
5fc1f636a1518194ad3faef5e0ef84ccf6e56c96,760.76
5fc1f636a1518194ad3faef5e0ef84ccf6e56c96,768.05
5fc1f636a1518194ad3faef5e0ef84ccf6e56c96,763.54
5fc1f636a1518194ad3faef5e0ef84ccf6e56c96,757.39
5fc1f636a1518194ad3faef5e0ef84ccf6e56c96,773.13
5fc1f636a1518194ad3faef5e0ef84ccf6e56c96,764.49
5fc1f636a1518194ad3faef5e0ef84ccf6e56c96,755.87
94848f60c5b8bb5d9825ade4d8952c8b5988e355,764.80
94848f60c5b8bb5d9825ade4d8952c8b5988e355,771.39
94848f60c5b8bb5d9825ade4d8952c8b5988e355,762.45
94848f60c5b8bb5d9825ade4d8952c8b5988e355,765.54
94848f60c5b8bb5d9825ade4d8952c8b5988e355,759.37
94848f60c5b8bb5d9825ade4d8952c8b5988e355,761.83
94848f60c5b8bb5d9825ade4d8952c8b5988e355,754.74
94848f60c5b8bb5d9825ade4d8952c8b5988e355,762.84
94848f60c5b8bb5d9825ade4d8952c8b5988e355,757.46
94848f60c5b8bb5d9825ade4d8952c8b5988e355,759.39
94848f60c5b8bb5d9825ade4d8952c8b5988e355,760.20
94848f60c5b8bb5d9825ade4d8952c8b5988e355,770.82
94848f60c5b8bb5d9825ade4d8952c8b5988e355,769.08
94848f60c5b8bb5d9825ade4d8952c8b5988e355,761.13
94848f60c5b8bb5d9825ade4d8952c8b5988e355,762.51
a98a23204f16e81f84aa7706f43f1b63ebd19778,754.05
a98a23204f16e81f84aa7706f43f1b63ebd19778,757.63
a98a23204f16e81f84aa7706f43f1b63ebd19778,753.67
a98a23204f16e81f84aa7706f43f1b63ebd19778,753.01
a98a23204f16e81f84aa7706f43f1b63ebd19778,759.12
a98a23204f16e81f84aa7706f43f1b63ebd19778,760.79
a98a23204f16e81f84aa7706f43f1b63ebd19778,758.34
a98a23204f16e81f84aa7706f43f1b63ebd19778,764.21
a98a23204f16e81f84aa7706f43f1b63ebd19778,757.76
a98a23204f16e81f84aa7706f43f1b63ebd19778,761.67
a98a23204f16e81f84aa7706f43f1b63ebd19778,763.25
a98a23204f16e81f84aa7706f43f1b63ebd19778,758.45
a98a23204f16e81f84aa7706f43f1b63ebd19778,763.26
a98a23204f16e81f84aa7706f43f1b63ebd19778,760.39
a98a23204f16e81f84aa7706f43f1b63ebd19778,771.54
24830db6aaca1e71e6bf632e2cb82be5eeb042cc,771.05
24830db6aaca1e71e6bf632e2cb82be5eeb042cc,761.11
24830db6aaca1e71e6bf632e2cb82be5eeb042cc,771.47
24830db6aaca1e71e6bf632e2cb82be5eeb042cc,768.29
24830db6aaca1e71e6bf632e2cb82be5eeb042cc,766.63
24830db6aaca1e71e6bf632e2cb82be5eeb042cc,755.89
24830db6aaca1e71e6bf632e2cb82be5eeb042cc,769.05
24830db6aaca1e71e6bf632e2cb82be5eeb042cc,767.43
24830db6aaca1e71e6bf632e2cb82be5eeb042cc,767.02
24830db6aaca1e71e6bf632e2cb82be5eeb042cc,764.23
24830db6aaca1e71e6bf632e2cb82be5eeb042cc,765.18
24830db6aaca1e71e6bf632e2cb82be5eeb042cc,769.34
24830db6aaca1e71e6bf632e2cb82be5eeb042cc,762.45
24830db6aaca1e71e6bf632e2cb82be5eeb042cc,760.52
24830db6aaca1e71e6bf632e2cb82be5eeb042cc,761.76
3963acab31ff4721d01464477a7c51ec53490a32,763.84
3963acab31ff4721d01464477a7c51ec53490a32,758.49
3963acab31ff4721d01464477a7c51ec53490a32,768.64
3963acab31ff4721d01464477a7c51ec53490a32,767.16
3963acab31ff4721d01464477a7c51ec53490a32,772.52
3963acab31ff4721d01464477a7c51ec53490a32,817.80
3963acab31ff4721d01464477a7c51ec53490a32,779.08
3963acab31ff4721d01464477a7c51ec53490a32,779.30
3963acab31ff4721d01464477a7c51ec53490a32,759.46
3963acab31ff4721d01464477a7c51ec53490a32,787.84
3963acab31ff4721d01464477a7c51ec53490a32,768.70
3963acab31ff4721d01464477a7c51ec53490a32,776.88
3963acab31ff4721d01464477a7c51ec53490a32,766.17
3963acab31ff4721d01464477a7c51ec53490a32,778.61
3963acab31ff4721d01464477a7c51ec53490a32,762.59
19539feb76bd1fc63b17379f84174525f0afae7a,771.24
19539feb76bd1fc63b17379f84174525f0afae7a,765.80
19539feb76bd1fc63b17379f84174525f0afae7a,795.40
19539feb76bd1fc63b17379f84174525f0afae7a,777.63
19539feb76bd1fc63b17379f84174525f0afae7a,770.28
19539feb76bd1fc63b17379f84174525f0afae7a,780.19
19539feb76bd1fc63b17379f84174525f0afae7a,767.26
19539feb76bd1fc63b17379f84174525f0afae7a,759.93
19539feb76bd1fc63b17379f84174525f0afae7a,759.17
19539feb76bd1fc63b17379f84174525f0afae7a,764.23
19539feb76bd1fc63b17379f84174525f0afae7a,768.50
19539feb76bd1fc63b17379f84174525f0afae7a,768.51
19539feb76bd1fc63b17379f84174525f0afae7a,764.45
19539feb76bd1fc63b17379f84174525f0afae7a,760.11
19539feb76bd1fc63b17379f84174525f0afae7a,763.66
b5aec20dcad4ab5eed3b89f28ecded24ad85e112,772.22
b5aec20dcad4ab5eed3b89f28ecded24ad85e112,771.08
b5aec20dcad4ab5eed3b89f28ecded24ad85e112,770.66
b5aec20dcad4ab5eed3b89f28ecded24ad85e112,762.70
b5aec20dcad4ab5eed3b89f28ecded24ad85e112,771.58
b5aec20dcad4ab5eed3b89f28ecded24ad85e112,762.21
b5aec20dcad4ab5eed3b89f28ecded24ad85e112,773.51
b5aec20dcad4ab5eed3b89f28ecded24ad85e112,771.23
b5aec20dcad4ab5eed3b89f28ecded24ad85e112,767.39
b5aec20dcad4ab5eed3b89f28ecded24ad85e112,765.98
b5aec20dcad4ab5eed3b89f28ecded24ad85e112,763.27
b5aec20dcad4ab5eed3b89f28ecded24ad85e112,762.42
b5aec20dcad4ab5eed3b89f28ecded24ad85e112,763.65
b5aec20dcad4ab5eed3b89f28ecded24ad85e112,770.39
b5aec20dcad4ab5eed3b89f28ecded24ad85e112,769.42
29c417f5f283b05792a73c62731984c791a5f2da,761.49
29c417f5f283b05792a73c62731984c791a5f2da,780.64
29c417f5f283b05792a73c62731984c791a5f2da,785.18
29c417f5f283b05792a73c62731984c791a5f2da,773.99
29c417f5f283b05792a73c62731984c791a5f2da,767.65
29c417f5f283b05792a73c62731984c791a5f2da,764.25
29c417f5f283b05792a73c62731984c791a5f2da,769.22
29c417f5f283b05792a73c62731984c791a5f2da,768.42
29c417f5f283b05792a73c62731984c791a5f2da,767.83
29c417f5f283b05792a73c62731984c791a5f2da,767.30
29c417f5f283b05792a73c62731984c791a5f2da,763.62
29c417f5f283b05792a73c62731984c791a5f2da,764.22
29c417f5f283b05792a73c62731984c791a5f2da,768.18
29c417f5f283b05792a73c62731984c791a5f2da,765.05
29c417f5f283b05792a73c62731984c791a5f2da,761.77
0678f8be79c65d26fe98449427a4e81189870e0a,755.76
0678f8be79c65d26fe98449427a4e81189870e0a,764.60
0678f8be79c65d26fe98449427a4e81189870e0a,763.92
0678f8be79c65d26fe98449427a4e81189870e0a,767.43
0678f8be79c65d26fe98449427a4e81189870e0a,758.46
0678f8be79c65d26fe98449427a4e81189870e0a,768.48
0678f8be79c65d26fe98449427a4e81189870e0a,808.98
0678f8be79c65d26fe98449427a4e81189870e0a,761.48
0678f8be79c65d26fe98449427a4e81189870e0a,763.91
0678f8be79c65d26fe98449427a4e81189870e0a,801.31
0678f8be79c65d26fe98449427a4e81189870e0a,766.05
0678f8be79c65d26fe98449427a4e81189870e0a,770.72
0678f8be79c65d26fe98449427a4e81189870e0a,767.14
0678f8be79c65d26fe98449427a4e81189870e0a,764.59
0678f8be79c65d26fe98449427a4e81189870e0a,773.00
7189556a631ee1072efc12b6d150d19ef6858f82,773.93
7189556a631ee1072efc12b6d150d19ef6858f82,765.94
7189556a631ee1072efc12b6d150d19ef6858f82,770.08
7189556a631ee1072efc12b6d150d19ef6858f82,763.49
7189556a631ee1072efc12b6d150d19ef6858f82,766.28
7189556a631ee1072efc12b6d150d19ef6858f82,774.42
7189556a631ee1072efc12b6d150d19ef6858f82,768.46
7189556a631ee1072efc12b6d150d19ef6858f82,771.45
7189556a631ee1072efc12b6d150d19ef6858f82,768.09
7189556a631ee1072efc12b6d150d19ef6858f82,773.48
7189556a631ee1072efc12b6d150d19ef6858f82,769.14
7189556a631ee1072efc12b6d150d19ef6858f82,767.33
7189556a631ee1072efc12b6d150d19ef6858f82,774.41
7189556a631ee1072efc12b6d150d19ef6858f82,767.74
7189556a631ee1072efc12b6d150d19ef6858f82,787.88
