c296bdc0d7ef8d16700539c3be8675b50dadfc84,125.40
c296bdc0d7ef8d16700539c3be8675b50dadfc84,128.08
c296bdc0d7ef8d16700539c3be8675b50dadfc84,128.85
c296bdc0d7ef8d16700539c3be8675b50dadfc84,127.87
c296bdc0d7ef8d16700539c3be8675b50dadfc84,127.96
c296bdc0d7ef8d16700539c3be8675b50dadfc84,128.29
c296bdc0d7ef8d16700539c3be8675b50dadfc84,127.61
c296bdc0d7ef8d16700539c3be8675b50dadfc84,128.39
c296bdc0d7ef8d16700539c3be8675b50dadfc84,126.17
c296bdc0d7ef8d16700539c3be8675b50dadfc84,126.81
c296bdc0d7ef8d16700539c3be8675b50dadfc84,125.18
c296bdc0d7ef8d16700539c3be8675b50dadfc84,125.87
c296bdc0d7ef8d16700539c3be8675b50dadfc84,127.95
c296bdc0d7ef8d16700539c3be8675b50dadfc84,126.32
c296bdc0d7ef8d16700539c3be8675b50dadfc84,125.14
28b17252827d4bba9e4e8f4d2d21c6f43f7222a6,127.85
28b17252827d4bba9e4e8f4d2d21c6f43f7222a6,128.31
28b17252827d4bba9e4e8f4d2d21c6f43f7222a6,128.74
28b17252827d4bba9e4e8f4d2d21c6f43f7222a6,126.59
28b17252827d4bba9e4e8f4d2d21c6f43f7222a6,128.11
28b17252827d4bba9e4e8f4d2d21c6f43f7222a6,126.15
28b17252827d4bba9e4e8f4d2d21c6f43f7222a6,126.16
28b17252827d4bba9e4e8f4d2d21c6f43f7222a6,125.90
28b17252827d4bba9e4e8f4d2d21c6f43f7222a6,126.70
28b17252827d4bba9e4e8f4d2d21c6f43f7222a6,124.44
28b17252827d4bba9e4e8f4d2d21c6f43f7222a6,125.80
28b17252827d4bba9e4e8f4d2d21c6f43f7222a6,124.83
28b17252827d4bba9e4e8f4d2d21c6f43f7222a6,127.81
28b17252827d4bba9e4e8f4d2d21c6f43f7222a6,126.17
28b17252827d4bba9e4e8f4d2d21c6f43f7222a6,124.47
33bd349f50f9535e3d63f90c38259115e99082c9,126.01
33bd349f50f9535e3d63f90c38259115e99082c9,126.37
33bd349f50f9535e3d63f90c38259115e99082c9,127.04
33bd349f50f9535e3d63f90c38259115e99082c9,127.04
33bd349f50f9535e3d63f90c38259115e99082c9,126.84
33bd349f50f9535e3d63f90c38259115e99082c9,127.55
33bd349f50f9535e3d63f90c38259115e99082c9,126.79
33bd349f50f9535e3d63f90c38259115e99082c9,124.82
33bd349f50f9535e3d63f90c38259115e99082c9,126.75
33bd349f50f9535e3d63f90c38259115e99082c9,125.36
33bd349f50f9535e3d63f90c38259115e99082c9,125.61
33bd349f50f9535e3d63f90c38259115e99082c9,125.37
33bd349f50f9535e3d63f90c38259115e99082c9,128.26
33bd349f50f9535e3d63f90c38259115e99082c9,127.26
33bd349f50f9535e3d63f90c38259115e99082c9,126.02
271ac0540488d7429c36cec85f34b25210ac63df,124.96
271ac0540488d7429c36cec85f34b25210ac63df,127.27
271ac0540488d7429c36cec85f34b25210ac63df,126.45
271ac0540488d7429c36cec85f34b25210ac63df,124.56
271ac0540488d7429c36cec85f34b25210ac63df,126.07
271ac0540488d7429c36cec85f34b25210ac63df,125.83
271ac0540488d7429c36cec85f34b25210ac63df,127.12
271ac0540488d7429c36cec85f34b25210ac63df,125.62
271ac0540488d7429c36cec85f34b25210ac63df,128.32
271ac0540488d7429c36cec85f34b25210ac63df,126.53
271ac0540488d7429c36cec85f34b25210ac63df,127.02
271ac0540488d7429c36cec85f34b25210ac63df,126.27
271ac0540488d7429c36cec85f34b25210ac63df,127.69
271ac0540488d7429c36cec85f34b25210ac63df,125.72
271ac0540488d7429c36cec85f34b25210ac63df,125.17
474b8b9f3bf864a31efb0ed7698f0e3309e68264,126.62
474b8b9f3bf864a31efb0ed7698f0e3309e68264,129.28
474b8b9f3bf864a31efb0ed7698f0e3309e68264,125.85
474b8b9f3bf864a31efb0ed7698f0e3309e68264,129.58
474b8b9f3bf864a31efb0ed7698f0e3309e68264,128.95
474b8b9f3bf864a31efb0ed7698f0e3309e68264,127.11
474b8b9f3bf864a31efb0ed7698f0e3309e68264,126.02
474b8b9f3bf864a31efb0ed7698f0e3309e68264,129.31
474b8b9f3bf864a31efb0ed7698f0e3309e68264,126.55
474b8b9f3bf864a31efb0ed7698f0e3309e68264,126.63
474b8b9f3bf864a31efb0ed7698f0e3309e68264,125.44
474b8b9f3bf864a31efb0ed7698f0e3309e68264,128.65
474b8b9f3bf864a31efb0ed7698f0e3309e68264,126.37
474b8b9f3bf864a31efb0ed7698f0e3309e68264,126.21
474b8b9f3bf864a31efb0ed7698f0e3309e68264,126.39
7dce19588cc3af8fe03900b1fd66774f8b0b2185,127.46
7dce19588cc3af8fe03900b1fd66774f8b0b2185,126.85
7dce19588cc3af8fe03900b1fd66774f8b0b2185,125.09
7dce19588cc3af8fe03900b1fd66774f8b0b2185,126.63
7dce19588cc3af8fe03900b1fd66774f8b0b2185,127.44
7dce19588cc3af8fe03900b1fd66774f8b0b2185,126.76
7dce19588cc3af8fe03900b1fd66774f8b0b2185,126.66
7dce19588cc3af8fe03900b1fd66774f8b0b2185,127.92
7dce19588cc3af8fe03900b1fd66774f8b0b2185,127.82
7dce19588cc3af8fe03900b1fd66774f8b0b2185,128.67
7dce19588cc3af8fe03900b1fd66774f8b0b2185,125.36
7dce19588cc3af8fe03900b1fd66774f8b0b2185,125.36
7dce19588cc3af8fe03900b1fd66774f8b0b2185,124.09
7dce19588cc3af8fe03900b1fd66774f8b0b2185,124.29
7dce19588cc3af8fe03900b1fd66774f8b0b2185,125.18
d4d5950d24941530e1bcb6083c76f93fec96bc1f,127.35
d4d5950d24941530e1bcb6083c76f93fec96bc1f,126.78
d4d5950d24941530e1bcb6083c76f93fec96bc1f,125.91
d4d5950d24941530e1bcb6083c76f93fec96bc1f,126.86
d4d5950d24941530e1bcb6083c76f93fec96bc1f,127.40
d4d5950d24941530e1bcb6083c76f93fec96bc1f,127.43
d4d5950d24941530e1bcb6083c76f93fec96bc1f,127.57
d4d5950d24941530e1bcb6083c76f93fec96bc1f,130.78
d4d5950d24941530e1bcb6083c76f93fec96bc1f,128.48
d4d5950d24941530e1bcb6083c76f93fec96bc1f,128.35
d4d5950d24941530e1bcb6083c76f93fec96bc1f,129.44
d4d5950d24941530e1bcb6083c76f93fec96bc1f,124.72
d4d5950d24941530e1bcb6083c76f93fec96bc1f,127.92
d4d5950d24941530e1bcb6083c76f93fec96bc1f,127.27
d4d5950d24941530e1bcb6083c76f93fec96bc1f,126.33
e878c035a9183b0ca13d3d88fc5af36148bd00e8,91.08
e878c035a9183b0ca13d3d88fc5af36148bd00e8,91.59
e878c035a9183b0ca13d3d88fc5af36148bd00e8,89.61
e878c035a9183b0ca13d3d88fc5af36148bd00e8,90.53
e878c035a9183b0ca13d3d88fc5af36148bd00e8,89.82
e878c035a9183b0ca13d3d88fc5af36148bd00e8,91.84
e878c035a9183b0ca13d3d88fc5af36148bd00e8,91.84
e878c035a9183b0ca13d3d88fc5af36148bd00e8,91.49
e878c035a9183b0ca13d3d88fc5af36148bd00e8,89.96
e878c035a9183b0ca13d3d88fc5af36148bd00e8,91.18
e878c035a9183b0ca13d3d88fc5af36148bd00e8,90.88
e878c035a9183b0ca13d3d88fc5af36148bd00e8,90.02
e878c035a9183b0ca13d3d88fc5af36148bd00e8,89.95
e878c035a9183b0ca13d3d88fc5af36148bd00e8,89.87
e878c035a9183b0ca13d3d88fc5af36148bd00e8,89.39
e8e54fb15116c80f9c6541504fcf91379e4957c4,128.40
e8e54fb15116c80f9c6541504fcf91379e4957c4,128.44
e8e54fb15116c80f9c6541504fcf91379e4957c4,128.23
e8e54fb15116c80f9c6541504fcf91379e4957c4,128.17
e8e54fb15116c80f9c6541504fcf91379e4957c4,129.85
e8e54fb15116c80f9c6541504fcf91379e4957c4,126.62
e8e54fb15116c80f9c6541504fcf91379e4957c4,129.71
e8e54fb15116c80f9c6541504fcf91379e4957c4,130.03
e8e54fb15116c80f9c6541504fcf91379e4957c4,129.36
e8e54fb15116c80f9c6541504fcf91379e4957c4,125.73
e8e54fb15116c80f9c6541504fcf91379e4957c4,126.68
e8e54fb15116c80f9c6541504fcf91379e4957c4,129.07
e8e54fb15116c80f9c6541504fcf91379e4957c4,126.90
e8e54fb15116c80f9c6541504fcf91379e4957c4,127.46
e8e54fb15116c80f9c6541504fcf91379e4957c4,129.70
a0181d60d9de82966dadd51183080de5d5e070b1,128.44
a0181d60d9de82966dadd51183080de5d5e070b1,127.74
a0181d60d9de82966dadd51183080de5d5e070b1,129.14
a0181d60d9de82966dadd51183080de5d5e070b1,125.43
a0181d60d9de82966dadd51183080de5d5e070b1,129.15
a0181d60d9de82966dadd51183080de5d5e070b1,125.91
a0181d60d9de82966dadd51183080de5d5e070b1,127.91
a0181d60d9de82966dadd51183080de5d5e070b1,127.88
a0181d60d9de82966dadd51183080de5d5e070b1,127.86
a0181d60d9de82966dadd51183080de5d5e070b1,126.36
a0181d60d9de82966dadd51183080de5d5e070b1,128.91
a0181d60d9de82966dadd51183080de5d5e070b1,129.01
a0181d60d9de82966dadd51183080de5d5e070b1,129.21
a0181d60d9de82966dadd51183080de5d5e070b1,128.73
a0181d60d9de82966dadd51183080de5d5e070b1,127.61
2ce58b1941376f64ca97f5e38fe6878742cfed41,127.22
2ce58b1941376f64ca97f5e38fe6878742cfed41,127.96
2ce58b1941376f64ca97f5e38fe6878742cfed41,129.29
2ce58b1941376f64ca97f5e38fe6878742cfed41,127.60
2ce58b1941376f64ca97f5e38fe6878742cfed41,128.12
2ce58b1941376f64ca97f5e38fe6878742cfed41,129.79
2ce58b1941376f64ca97f5e38fe6878742cfed41,126.14
2ce58b1941376f64ca97f5e38fe6878742cfed41,130.16
2ce58b1941376f64ca97f5e38fe6878742cfed41,129.17
2ce58b1941376f64ca97f5e38fe6878742cfed41,128.99
2ce58b1941376f64ca97f5e38fe6878742cfed41,128.51
2ce58b1941376f64ca97f5e38fe6878742cfed41,125.67
2ce58b1941376f64ca97f5e38fe6878742cfed41,128.05
2ce58b1941376f64ca97f5e38fe6878742cfed41,127.20
2ce58b1941376f64ca97f5e38fe6878742cfed41,124.85
62f8871c4018430608174aaf0b823850be631367,124.72
62f8871c4018430608174aaf0b823850be631367,125.03
62f8871c4018430608174aaf0b823850be631367,126.76
62f8871c4018430608174aaf0b823850be631367,127.62
62f8871c4018430608174aaf0b823850be631367,128.48
62f8871c4018430608174aaf0b823850be631367,127.88
62f8871c4018430608174aaf0b823850be631367,127.48
62f8871c4018430608174aaf0b823850be631367,127.27
62f8871c4018430608174aaf0b823850be631367,129.18
62f8871c4018430608174aaf0b823850be631367,128.09
62f8871c4018430608174aaf0b823850be631367,128.42
62f8871c4018430608174aaf0b823850be631367,126.70
62f8871c4018430608174aaf0b823850be631367,126.06
62f8871c4018430608174aaf0b823850be631367,128.69
62f8871c4018430608174aaf0b823850be631367,125.69
4d43dcd2c2d4b7516d92a4b9db0cff91737315ce,126.04
4d43dcd2c2d4b7516d92a4b9db0cff91737315ce,127.68
4d43dcd2c2d4b7516d92a4b9db0cff91737315ce,129.48
4d43dcd2c2d4b7516d92a4b9db0cff91737315ce,128.11
4d43dcd2c2d4b7516d92a4b9db0cff91737315ce,126.42
4d43dcd2c2d4b7516d92a4b9db0cff91737315ce,127.14
4d43dcd2c2d4b7516d92a4b9db0cff91737315ce,127.59
4d43dcd2c2d4b7516d92a4b9db0cff91737315ce,126.78
4d43dcd2c2d4b7516d92a4b9db0cff91737315ce,126.44
4d43dcd2c2d4b7516d92a4b9db0cff91737315ce,128.14
4d43dcd2c2d4b7516d92a4b9db0cff91737315ce,126.38
4d43dcd2c2d4b7516d92a4b9db0cff91737315ce,126.42
4d43dcd2c2d4b7516d92a4b9db0cff91737315ce,126.57
4d43dcd2c2d4b7516d92a4b9db0cff91737315ce,127.56
4d43dcd2c2d4b7516d92a4b9db0cff91737315ce,127.66
fcef8cb577c462b307a8d3f612ced9e5a2e37f6d,131.92
fcef8cb577c462b307a8d3f612ced9e5a2e37f6d,127.74
fcef8cb577c462b307a8d3f612ced9e5a2e37f6d,128.71
fcef8cb577c462b307a8d3f612ced9e5a2e37f6d,130.41
fcef8cb577c462b307a8d3f612ced9e5a2e37f6d,126.79
fcef8cb577c462b307a8d3f612ced9e5a2e37f6d,129.89
fcef8cb577c462b307a8d3f612ced9e5a2e37f6d,126.77
fcef8cb577c462b307a8d3f612ced9e5a2e37f6d,127.82
fcef8cb577c462b307a8d3f612ced9e5a2e37f6d,128.00
fcef8cb577c462b307a8d3f612ced9e5a2e37f6d,128.73
fcef8cb577c462b307a8d3f612ced9e5a2e37f6d,126.70
fcef8cb577c462b307a8d3f612ced9e5a2e37f6d,129.49
fcef8cb577c462b307a8d3f612ced9e5a2e37f6d,127.76
fcef8cb577c462b307a8d3f612ced9e5a2e37f6d,128.46
fcef8cb577c462b307a8d3f612ced9e5a2e37f6d,127.57
d2fcb87c10458372abff14d85c5713ef3f33de16,127.67
d2fcb87c10458372abff14d85c5713ef3f33de16,129.36
d2fcb87c10458372abff14d85c5713ef3f33de16,128.85
d2fcb87c10458372abff14d85c5713ef3f33de16,126.43
d2fcb87c10458372abff14d85c5713ef3f33de16,128.64
d2fcb87c10458372abff14d85c5713ef3f33de16,127.58
d2fcb87c10458372abff14d85c5713ef3f33de16,127.85
d2fcb87c10458372abff14d85c5713ef3f33de16,124.82
d2fcb87c10458372abff14d85c5713ef3f33de16,129.92
d2fcb87c10458372abff14d85c5713ef3f33de16,126.75
d2fcb87c10458372abff14d85c5713ef3f33de16,127.61
d2fcb87c10458372abff14d85c5713ef3f33de16,125.77
d2fcb87c10458372abff14d85c5713ef3f33de16,126.79
d2fcb87c10458372abff14d85c5713ef3f33de16,125.85
d2fcb87c10458372abff14d85c5713ef3f33de16,126.30
6c77697346f137c9263d6b49b101cdf3e3862d6d,125.53
6c77697346f137c9263d6b49b101cdf3e3862d6d,128.52
6c77697346f137c9263d6b49b101cdf3e3862d6d,126.12
6c77697346f137c9263d6b49b101cdf3e3862d6d,127.24
6c77697346f137c9263d6b49b101cdf3e3862d6d,129.12
6c77697346f137c9263d6b49b101cdf3e3862d6d,128.28
6c77697346f137c9263d6b49b101cdf3e3862d6d,127.99
6c77697346f137c9263d6b49b101cdf3e3862d6d,128.42
6c77697346f137c9263d6b49b101cdf3e3862d6d,126.08
6c77697346f137c9263d6b49b101cdf3e3862d6d,126.20
6c77697346f137c9263d6b49b101cdf3e3862d6d,128.97
6c77697346f137c9263d6b49b101cdf3e3862d6d,128.14
6c77697346f137c9263d6b49b101cdf3e3862d6d,125.17
6c77697346f137c9263d6b49b101cdf3e3862d6d,129.64
6c77697346f137c9263d6b49b101cdf3e3862d6d,129.56
ba722c2b47c9709a685af8ea634d1b2cd45be6f7,126.40
ba722c2b47c9709a685af8ea634d1b2cd45be6f7,127.90
ba722c2b47c9709a685af8ea634d1b2cd45be6f7,126.27
ba722c2b47c9709a685af8ea634d1b2cd45be6f7,126.23
ba722c2b47c9709a685af8ea634d1b2cd45be6f7,128.59
ba722c2b47c9709a685af8ea634d1b2cd45be6f7,127.25
ba722c2b47c9709a685af8ea634d1b2cd45be6f7,128.05
ba722c2b47c9709a685af8ea634d1b2cd45be6f7,127.12
ba722c2b47c9709a685af8ea634d1b2cd45be6f7,127.78
ba722c2b47c9709a685af8ea634d1b2cd45be6f7,126.64
ba722c2b47c9709a685af8ea634d1b2cd45be6f7,129.55
ba722c2b47c9709a685af8ea634d1b2cd45be6f7,128.90
ba722c2b47c9709a685af8ea634d1b2cd45be6f7,127.74
ba722c2b47c9709a685af8ea634d1b2cd45be6f7,127.50
ba722c2b47c9709a685af8ea634d1b2cd45be6f7,125.00
2265306009db71f7c293f545ebb8b31aaed91b2a,129.07
2265306009db71f7c293f545ebb8b31aaed91b2a,128.41
2265306009db71f7c293f545ebb8b31aaed91b2a,127.56
2265306009db71f7c293f545ebb8b31aaed91b2a,126.83
2265306009db71f7c293f545ebb8b31aaed91b2a,128.98
2265306009db71f7c293f545ebb8b31aaed91b2a,127.46
2265306009db71f7c293f545ebb8b31aaed91b2a,127.29
2265306009db71f7c293f545ebb8b31aaed91b2a,128.43
2265306009db71f7c293f545ebb8b31aaed91b2a,129.20
2265306009db71f7c293f545ebb8b31aaed91b2a,127.75
2265306009db71f7c293f545ebb8b31aaed91b2a,127.92
2265306009db71f7c293f545ebb8b31aaed91b2a,126.89
2265306009db71f7c293f545ebb8b31aaed91b2a,126.12
2265306009db71f7c293f545ebb8b31aaed91b2a,125.05
2265306009db71f7c293f545ebb8b31aaed91b2a,126.19
15e27cd1b3b973bf7b996a2699aac8026df968af,125.97
15e27cd1b3b973bf7b996a2699aac8026df968af,127.08
15e27cd1b3b973bf7b996a2699aac8026df968af,126.24
15e27cd1b3b973bf7b996a2699aac8026df968af,126.99
15e27cd1b3b973bf7b996a2699aac8026df968af,127.23
15e27cd1b3b973bf7b996a2699aac8026df968af,124.68
15e27cd1b3b973bf7b996a2699aac8026df968af,126.69
15e27cd1b3b973bf7b996a2699aac8026df968af,128.52
15e27cd1b3b973bf7b996a2699aac8026df968af,128.20
15e27cd1b3b973bf7b996a2699aac8026df968af,127.16
15e27cd1b3b973bf7b996a2699aac8026df968af,128.96
15e27cd1b3b973bf7b996a2699aac8026df968af,127.61
15e27cd1b3b973bf7b996a2699aac8026df968af,127.72
15e27cd1b3b973bf7b996a2699aac8026df968af,127.00
15e27cd1b3b973bf7b996a2699aac8026df968af,126.09
0fd9777ef4373a6b10cdca2f7339f105f74bd098,261.52
0fd9777ef4373a6b10cdca2f7339f105f74bd098,262.97
0fd9777ef4373a6b10cdca2f7339f105f74bd098,261.76
0fd9777ef4373a6b10cdca2f7339f105f74bd098,260.55
0fd9777ef4373a6b10cdca2f7339f105f74bd098,261.55
0fd9777ef4373a6b10cdca2f7339f105f74bd098,261.49
0fd9777ef4373a6b10cdca2f7339f105f74bd098,260.05
0fd9777ef4373a6b10cdca2f7339f105f74bd098,259.12
0fd9777ef4373a6b10cdca2f7339f105f74bd098,261.00
0fd9777ef4373a6b10cdca2f7339f105f74bd098,259.29
0fd9777ef4373a6b10cdca2f7339f105f74bd098,260.48
0fd9777ef4373a6b10cdca2f7339f105f74bd098,257.70
0fd9777ef4373a6b10cdca2f7339f105f74bd098,262.63
0fd9777ef4373a6b10cdca2f7339f105f74bd098,259.55
0fd9777ef4373a6b10cdca2f7339f105f74bd098,261.39
e0897c105f72ac425018461ee9ce42446c917387,268.27
e0897c105f72ac425018461ee9ce42446c917387,268.79
e0897c105f72ac425018461ee9ce42446c917387,267.84
e0897c105f72ac425018461ee9ce42446c917387,268.55
e0897c105f72ac425018461ee9ce42446c917387,267.13
e0897c105f72ac425018461ee9ce42446c917387,268.61
e0897c105f72ac425018461ee9ce42446c917387,268.51
e0897c105f72ac425018461ee9ce42446c917387,268.64
e0897c105f72ac425018461ee9ce42446c917387,266.37
e0897c105f72ac425018461ee9ce42446c917387,269.25
e0897c105f72ac425018461ee9ce42446c917387,266.49
e0897c105f72ac425018461ee9ce42446c917387,265.35
e0897c105f72ac425018461ee9ce42446c917387,268.16
e0897c105f72ac425018461ee9ce42446c917387,270.87
e0897c105f72ac425018461ee9ce42446c917387,268.05
c09797573256c0abac8529008df7336125ea5685,267.40
c09797573256c0abac8529008df7336125ea5685,268.03
c09797573256c0abac8529008df7336125ea5685,267.89
c09797573256c0abac8529008df7336125ea5685,265.03
c09797573256c0abac8529008df7336125ea5685,266.70
c09797573256c0abac8529008df7336125ea5685,265.82
c09797573256c0abac8529008df7336125ea5685,268.10
c09797573256c0abac8529008df7336125ea5685,268.23
c09797573256c0abac8529008df7336125ea5685,267.11
c09797573256c0abac8529008df7336125ea5685,266.53
c09797573256c0abac8529008df7336125ea5685,267.21
c09797573256c0abac8529008df7336125ea5685,266.20
c09797573256c0abac8529008df7336125ea5685,265.30
c09797573256c0abac8529008df7336125ea5685,267.88
c09797573256c0abac8529008df7336125ea5685,267.86
6118df9d7c3e67a13775c1384eb7b5f8d9c28f39,193.65
6118df9d7c3e67a13775c1384eb7b5f8d9c28f39,191.95
6118df9d7c3e67a13775c1384eb7b5f8d9c28f39,193.01
6118df9d7c3e67a13775c1384eb7b5f8d9c28f39,191.93
6118df9d7c3e67a13775c1384eb7b5f8d9c28f39,192.51
6118df9d7c3e67a13775c1384eb7b5f8d9c28f39,192.17
6118df9d7c3e67a13775c1384eb7b5f8d9c28f39,194.66
6118df9d7c3e67a13775c1384eb7b5f8d9c28f39,192.63
6118df9d7c3e67a13775c1384eb7b5f8d9c28f39,192.10
6118df9d7c3e67a13775c1384eb7b5f8d9c28f39,193.27
6118df9d7c3e67a13775c1384eb7b5f8d9c28f39,193.54
6118df9d7c3e67a13775c1384eb7b5f8d9c28f39,192.12
6118df9d7c3e67a13775c1384eb7b5f8d9c28f39,192.53
6118df9d7c3e67a13775c1384eb7b5f8d9c28f39,191.18
6118df9d7c3e67a13775c1384eb7b5f8d9c28f39,193.05
babf369c9d9115873b6b371a0172057eeee796f0,191.98
babf369c9d9115873b6b371a0172057eeee796f0,192.73
babf369c9d9115873b6b371a0172057eeee796f0,192.85
babf369c9d9115873b6b371a0172057eeee796f0,193.34
babf369c9d9115873b6b371a0172057eeee796f0,191.26
babf369c9d9115873b6b371a0172057eeee796f0,192.62
babf369c9d9115873b6b371a0172057eeee796f0,193.52
babf369c9d9115873b6b371a0172057eeee796f0,193.94
babf369c9d9115873b6b371a0172057eeee796f0,192.93
babf369c9d9115873b6b371a0172057eeee796f0,190.98
babf369c9d9115873b6b371a0172057eeee796f0,191.08
babf369c9d9115873b6b371a0172057eeee796f0,192.63
babf369c9d9115873b6b371a0172057eeee796f0,192.69
babf369c9d9115873b6b371a0172057eeee796f0,193.69
babf369c9d9115873b6b371a0172057eeee796f0,190.91
7156a314733fbf3204f6ebabe4b57a593b575553,269.58
7156a314733fbf3204f6ebabe4b57a593b575553,265.89
7156a314733fbf3204f6ebabe4b57a593b575553,268.83
7156a314733fbf3204f6ebabe4b57a593b575553,269.16
7156a314733fbf3204f6ebabe4b57a593b575553,268.71
7156a314733fbf3204f6ebabe4b57a593b575553,268.33
7156a314733fbf3204f6ebabe4b57a593b575553,271.44
7156a314733fbf3204f6ebabe4b57a593b575553,265.86
7156a314733fbf3204f6ebabe4b57a593b575553,263.68
7156a314733fbf3204f6ebabe4b57a593b575553,267.32
7156a314733fbf3204f6ebabe4b57a593b575553,268.32
7156a314733fbf3204f6ebabe4b57a593b575553,268.11
7156a314733fbf3204f6ebabe4b57a593b575553,266.29
7156a314733fbf3204f6ebabe4b57a593b575553,268.83
7156a314733fbf3204f6ebabe4b57a593b575553,265.81
21346b16a0fb3a578eb94ea592740f80b2d33d26,266.49
21346b16a0fb3a578eb94ea592740f80b2d33d26,264.37
21346b16a0fb3a578eb94ea592740f80b2d33d26,265.74
21346b16a0fb3a578eb94ea592740f80b2d33d26,266.07
21346b16a0fb3a578eb94ea592740f80b2d33d26,268.61
21346b16a0fb3a578eb94ea592740f80b2d33d26,264.02
21346b16a0fb3a578eb94ea592740f80b2d33d26,269.38
21346b16a0fb3a578eb94ea592740f80b2d33d26,263.45
21346b16a0fb3a578eb94ea592740f80b2d33d26,265.74
21346b16a0fb3a578eb94ea592740f80b2d33d26,266.96
21346b16a0fb3a578eb94ea592740f80b2d33d26,269.53
21346b16a0fb3a578eb94ea592740f80b2d33d26,267.14
21346b16a0fb3a578eb94ea592740f80b2d33d26,265.92
21346b16a0fb3a578eb94ea592740f80b2d33d26,267.10
21346b16a0fb3a578eb94ea592740f80b2d33d26,267.71
72b78f23a96a40a3a3becb2f4260d41af67a7f97,269.02
72b78f23a96a40a3a3becb2f4260d41af67a7f97,267.96
72b78f23a96a40a3a3becb2f4260d41af67a7f97,269.29
72b78f23a96a40a3a3becb2f4260d41af67a7f97,269.18
72b78f23a96a40a3a3becb2f4260d41af67a7f97,268.80
72b78f23a96a40a3a3becb2f4260d41af67a7f97,269.97
72b78f23a96a40a3a3becb2f4260d41af67a7f97,267.94
72b78f23a96a40a3a3becb2f4260d41af67a7f97,266.43
72b78f23a96a40a3a3becb2f4260d41af67a7f97,266.71
72b78f23a96a40a3a3becb2f4260d41af67a7f97,266.27
72b78f23a96a40a3a3becb2f4260d41af67a7f97,268.71
72b78f23a96a40a3a3becb2f4260d41af67a7f97,267.84
72b78f23a96a40a3a3becb2f4260d41af67a7f97,266.37
72b78f23a96a40a3a3becb2f4260d41af67a7f97,267.87
72b78f23a96a40a3a3becb2f4260d41af67a7f97,265.56
21b8c1c0720395ec81ca4d43e1a1e5eb0b9ac55f,264.97
21b8c1c0720395ec81ca4d43e1a1e5eb0b9ac55f,269.87
21b8c1c0720395ec81ca4d43e1a1e5eb0b9ac55f,267.59
21b8c1c0720395ec81ca4d43e1a1e5eb0b9ac55f,267.89
21b8c1c0720395ec81ca4d43e1a1e5eb0b9ac55f,267.69
21b8c1c0720395ec81ca4d43e1a1e5eb0b9ac55f,267.12
21b8c1c0720395ec81ca4d43e1a1e5eb0b9ac55f,266.73
21b8c1c0720395ec81ca4d43e1a1e5eb0b9ac55f,267.07
21b8c1c0720395ec81ca4d43e1a1e5eb0b9ac55f,266.77
21b8c1c0720395ec81ca4d43e1a1e5eb0b9ac55f,266.67
21b8c1c0720395ec81ca4d43e1a1e5eb0b9ac55f,267.80
21b8c1c0720395ec81ca4d43e1a1e5eb0b9ac55f,266.12
21b8c1c0720395ec81ca4d43e1a1e5eb0b9ac55f,265.98
21b8c1c0720395ec81ca4d43e1a1e5eb0b9ac55f,265.94
21b8c1c0720395ec81ca4d43e1a1e5eb0b9ac55f,268.60
e49d57c5d2126359e5f25e4bd814093c68e0dda5,266.29
e49d57c5d2126359e5f25e4bd814093c68e0dda5,269.39
e49d57c5d2126359e5f25e4bd814093c68e0dda5,268.12
e49d57c5d2126359e5f25e4bd814093c68e0dda5,268.20
e49d57c5d2126359e5f25e4bd814093c68e0dda5,266.44
e49d57c5d2126359e5f25e4bd814093c68e0dda5,271.52
e49d57c5d2126359e5f25e4bd814093c68e0dda5,264.63
e49d57c5d2126359e5f25e4bd814093c68e0dda5,267.35
e49d57c5d2126359e5f25e4bd814093c68e0dda5,267.25
e49d57c5d2126359e5f25e4bd814093c68e0dda5,267.90
e49d57c5d2126359e5f25e4bd814093c68e0dda5,267.23
e49d57c5d2126359e5f25e4bd814093c68e0dda5,266.42
e49d57c5d2126359e5f25e4bd814093c68e0dda5,267.65
e49d57c5d2126359e5f25e4bd814093c68e0dda5,266.20
e49d57c5d2126359e5f25e4bd814093c68e0dda5,265.35
5cba6b64a8e883bd99a549422d86ede00e6a2f62,263.72
5cba6b64a8e883bd99a549422d86ede00e6a2f62,266.92
5cba6b64a8e883bd99a549422d86ede00e6a2f62,267.17
5cba6b64a8e883bd99a549422d86ede00e6a2f62,267.12
5cba6b64a8e883bd99a549422d86ede00e6a2f62,266.05
5cba6b64a8e883bd99a549422d86ede00e6a2f62,270.93
5cba6b64a8e883bd99a549422d86ede00e6a2f62,268.09
5cba6b64a8e883bd99a549422d86ede00e6a2f62,268.08
5cba6b64a8e883bd99a549422d86ede00e6a2f62,267.06
5cba6b64a8e883bd99a549422d86ede00e6a2f62,270.41
5cba6b64a8e883bd99a549422d86ede00e6a2f62,268.25
5cba6b64a8e883bd99a549422d86ede00e6a2f62,268.34
5cba6b64a8e883bd99a549422d86ede00e6a2f62,268.96
5cba6b64a8e883bd99a549422d86ede00e6a2f62,265.12
5cba6b64a8e883bd99a549422d86ede00e6a2f62,266.99
c084b2b2049d2a9bbcd829baa5a7edeae0b08e51,269.04
c084b2b2049d2a9bbcd829baa5a7edeae0b08e51,265.76
c084b2b2049d2a9bbcd829baa5a7edeae0b08e51,264.78
c084b2b2049d2a9bbcd829baa5a7edeae0b08e51,268.94
c084b2b2049d2a9bbcd829baa5a7edeae0b08e51,265.88
c084b2b2049d2a9bbcd829baa5a7edeae0b08e51,265.89
c084b2b2049d2a9bbcd829baa5a7edeae0b08e51,267.94
c084b2b2049d2a9bbcd829baa5a7edeae0b08e51,269.26
c084b2b2049d2a9bbcd829baa5a7edeae0b08e51,267.48
c084b2b2049d2a9bbcd829baa5a7edeae0b08e51,271.35
c084b2b2049d2a9bbcd829baa5a7edeae0b08e51,267.70
c084b2b2049d2a9bbcd829baa5a7edeae0b08e51,265.12
c084b2b2049d2a9bbcd829baa5a7edeae0b08e51,268.32
c084b2b2049d2a9bbcd829baa5a7edeae0b08e51,265.61
c084b2b2049d2a9bbcd829baa5a7edeae0b08e51,270.01
9906105e42435c566d4458ebb576ba1947a69d98,353.32
9906105e42435c566d4458ebb576ba1947a69d98,270.09
9906105e42435c566d4458ebb576ba1947a69d98,268.79
9906105e42435c566d4458ebb576ba1947a69d98,266.87
9906105e42435c566d4458ebb576ba1947a69d98,268.87
9906105e42435c566d4458ebb576ba1947a69d98,267.62
9906105e42435c566d4458ebb576ba1947a69d98,267.61
9906105e42435c566d4458ebb576ba1947a69d98,266.71
9906105e42435c566d4458ebb576ba1947a69d98,269.39
9906105e42435c566d4458ebb576ba1947a69d98,268.46
9906105e42435c566d4458ebb576ba1947a69d98,265.32
9906105e42435c566d4458ebb576ba1947a69d98,268.47
9906105e42435c566d4458ebb576ba1947a69d98,266.70
9906105e42435c566d4458ebb576ba1947a69d98,267.46
9906105e42435c566d4458ebb576ba1947a69d98,264.94
99b0f9c34f19d838d3da0ab1d0692ce8e2d7640f,265.03
99b0f9c34f19d838d3da0ab1d0692ce8e2d7640f,268.52
99b0f9c34f19d838d3da0ab1d0692ce8e2d7640f,266.76
99b0f9c34f19d838d3da0ab1d0692ce8e2d7640f,266.30
99b0f9c34f19d838d3da0ab1d0692ce8e2d7640f,269.01
99b0f9c34f19d838d3da0ab1d0692ce8e2d7640f,267.62
99b0f9c34f19d838d3da0ab1d0692ce8e2d7640f,268.88
99b0f9c34f19d838d3da0ab1d0692ce8e2d7640f,267.53
99b0f9c34f19d838d3da0ab1d0692ce8e2d7640f,265.82
99b0f9c34f19d838d3da0ab1d0692ce8e2d7640f,265.80
99b0f9c34f19d838d3da0ab1d0692ce8e2d7640f,269.78
99b0f9c34f19d838d3da0ab1d0692ce8e2d7640f,268.33
99b0f9c34f19d838d3da0ab1d0692ce8e2d7640f,267.68
99b0f9c34f19d838d3da0ab1d0692ce8e2d7640f,266.21
99b0f9c34f19d838d3da0ab1d0692ce8e2d7640f,266.95
148614e20e0516ecf04085870199bae3484e640b,265.40
148614e20e0516ecf04085870199bae3484e640b,268.21
148614e20e0516ecf04085870199bae3484e640b,270.20
148614e20e0516ecf04085870199bae3484e640b,268.56
148614e20e0516ecf04085870199bae3484e640b,266.25
148614e20e0516ecf04085870199bae3484e640b,267.69
148614e20e0516ecf04085870199bae3484e640b,267.10
148614e20e0516ecf04085870199bae3484e640b,268.37
148614e20e0516ecf04085870199bae3484e640b,268.08
148614e20e0516ecf04085870199bae3484e640b,267.29
148614e20e0516ecf04085870199bae3484e640b,267.59
148614e20e0516ecf04085870199bae3484e640b,264.63
148614e20e0516ecf04085870199bae3484e640b,266.29
148614e20e0516ecf04085870199bae3484e640b,266.93
148614e20e0516ecf04085870199bae3484e640b,268.96
79b20b0c55293c71ba51ed934f3e5397fb28b6f3,274.23
79b20b0c55293c71ba51ed934f3e5397fb28b6f3,266.97
79b20b0c55293c71ba51ed934f3e5397fb28b6f3,265.39
79b20b0c55293c71ba51ed934f3e5397fb28b6f3,268.82
79b20b0c55293c71ba51ed934f3e5397fb28b6f3,269.89
79b20b0c55293c71ba51ed934f3e5397fb28b6f3,268.05
79b20b0c55293c71ba51ed934f3e5397fb28b6f3,267.49
79b20b0c55293c71ba51ed934f3e5397fb28b6f3,268.44
79b20b0c55293c71ba51ed934f3e5397fb28b6f3,270.41
79b20b0c55293c71ba51ed934f3e5397fb28b6f3,266.68
79b20b0c55293c71ba51ed934f3e5397fb28b6f3,268.28
79b20b0c55293c71ba51ed934f3e5397fb28b6f3,265.65
79b20b0c55293c71ba51ed934f3e5397fb28b6f3,262.73
79b20b0c55293c71ba51ed934f3e5397fb28b6f3,265.39
79b20b0c55293c71ba51ed934f3e5397fb28b6f3,268.17
cf9671bd69a65f780fc992fa366c4b4406ea694e,270.30
cf9671bd69a65f780fc992fa366c4b4406ea694e,268.63
cf9671bd69a65f780fc992fa366c4b4406ea694e,270.00
cf9671bd69a65f780fc992fa366c4b4406ea694e,268.23
cf9671bd69a65f780fc992fa366c4b4406ea694e,267.58
cf9671bd69a65f780fc992fa366c4b4406ea694e,264.40
cf9671bd69a65f780fc992fa366c4b4406ea694e,268.09
cf9671bd69a65f780fc992fa366c4b4406ea694e,264.21
cf9671bd69a65f780fc992fa366c4b4406ea694e,264.18
cf9671bd69a65f780fc992fa366c4b4406ea694e,268.07
cf9671bd69a65f780fc992fa366c4b4406ea694e,264.25
cf9671bd69a65f780fc992fa366c4b4406ea694e,267.33
cf9671bd69a65f780fc992fa366c4b4406ea694e,266.03
cf9671bd69a65f780fc992fa366c4b4406ea694e,266.53
cf9671bd69a65f780fc992fa366c4b4406ea694e,265.83
97d4aaae056153996d0402cbf3584f8271631ae6,266.99
97d4aaae056153996d0402cbf3584f8271631ae6,266.86
97d4aaae056153996d0402cbf3584f8271631ae6,269.05
97d4aaae056153996d0402cbf3584f8271631ae6,265.95
97d4aaae056153996d0402cbf3584f8271631ae6,267.23
97d4aaae056153996d0402cbf3584f8271631ae6,266.19
97d4aaae056153996d0402cbf3584f8271631ae6,269.76
97d4aaae056153996d0402cbf3584f8271631ae6,267.58
97d4aaae056153996d0402cbf3584f8271631ae6,265.61
97d4aaae056153996d0402cbf3584f8271631ae6,266.80
97d4aaae056153996d0402cbf3584f8271631ae6,266.10
97d4aaae056153996d0402cbf3584f8271631ae6,265.78
97d4aaae056153996d0402cbf3584f8271631ae6,269.07
97d4aaae056153996d0402cbf3584f8271631ae6,267.73
97d4aaae056153996d0402cbf3584f8271631ae6,268.97
35b79db2cf8776375eef2dd2e07fb8f44d957df7,266.35
35b79db2cf8776375eef2dd2e07fb8f44d957df7,268.41
35b79db2cf8776375eef2dd2e07fb8f44d957df7,270.50
35b79db2cf8776375eef2dd2e07fb8f44d957df7,268.61
35b79db2cf8776375eef2dd2e07fb8f44d957df7,266.63
35b79db2cf8776375eef2dd2e07fb8f44d957df7,266.05
35b79db2cf8776375eef2dd2e07fb8f44d957df7,267.26
35b79db2cf8776375eef2dd2e07fb8f44d957df7,269.04
35b79db2cf8776375eef2dd2e07fb8f44d957df7,269.82
35b79db2cf8776375eef2dd2e07fb8f44d957df7,266.15
35b79db2cf8776375eef2dd2e07fb8f44d957df7,265.39
35b79db2cf8776375eef2dd2e07fb8f44d957df7,266.86
35b79db2cf8776375eef2dd2e07fb8f44d957df7,265.94
35b79db2cf8776375eef2dd2e07fb8f44d957df7,269.56
35b79db2cf8776375eef2dd2e07fb8f44d957df7,266.07
7a4dbbb6aec73cae664f4f8118e0fe45f0580d26,268.06
7a4dbbb6aec73cae664f4f8118e0fe45f0580d26,268.77
7a4dbbb6aec73cae664f4f8118e0fe45f0580d26,266.20
7a4dbbb6aec73cae664f4f8118e0fe45f0580d26,270.14
7a4dbbb6aec73cae664f4f8118e0fe45f0580d26,268.12
7a4dbbb6aec73cae664f4f8118e0fe45f0580d26,268.59
7a4dbbb6aec73cae664f4f8118e0fe45f0580d26,266.53
7a4dbbb6aec73cae664f4f8118e0fe45f0580d26,267.28
7a4dbbb6aec73cae664f4f8118e0fe45f0580d26,269.24
7a4dbbb6aec73cae664f4f8118e0fe45f0580d26,268.77
7a4dbbb6aec73cae664f4f8118e0fe45f0580d26,265.43
7a4dbbb6aec73cae664f4f8118e0fe45f0580d26,268.77
7a4dbbb6aec73cae664f4f8118e0fe45f0580d26,266.47
7a4dbbb6aec73cae664f4f8118e0fe45f0580d26,268.06
7a4dbbb6aec73cae664f4f8118e0fe45f0580d26,268.31
d92cabb73712c982d284a9216b9c22a5108e559f,268.32
d92cabb73712c982d284a9216b9c22a5108e559f,266.60
d92cabb73712c982d284a9216b9c22a5108e559f,267.36
d92cabb73712c982d284a9216b9c22a5108e559f,264.70
d92cabb73712c982d284a9216b9c22a5108e559f,268.19
d92cabb73712c982d284a9216b9c22a5108e559f,267.69
d92cabb73712c982d284a9216b9c22a5108e559f,265.92
d92cabb73712c982d284a9216b9c22a5108e559f,269.37
d92cabb73712c982d284a9216b9c22a5108e559f,267.01
d92cabb73712c982d284a9216b9c22a5108e559f,265.72
d92cabb73712c982d284a9216b9c22a5108e559f,270.32
d92cabb73712c982d284a9216b9c22a5108e559f,268.18
d92cabb73712c982d284a9216b9c22a5108e559f,266.81
d92cabb73712c982d284a9216b9c22a5108e559f,264.81
d92cabb73712c982d284a9216b9c22a5108e559f,267.85
f248547894c2b45a596317e93d8173f108ec764a,268.79
f248547894c2b45a596317e93d8173f108ec764a,267.71
f248547894c2b45a596317e93d8173f108ec764a,267.79
f248547894c2b45a596317e93d8173f108ec764a,269.06
f248547894c2b45a596317e93d8173f108ec764a,266.22
f248547894c2b45a596317e93d8173f108ec764a,268.43
f248547894c2b45a596317e93d8173f108ec764a,267.02
f248547894c2b45a596317e93d8173f108ec764a,269.45
f248547894c2b45a596317e93d8173f108ec764a,269.16
f248547894c2b45a596317e93d8173f108ec764a,267.51
f248547894c2b45a596317e93d8173f108ec764a,263.80
f248547894c2b45a596317e93d8173f108ec764a,263.93
f248547894c2b45a596317e93d8173f108ec764a,267.52
f248547894c2b45a596317e93d8173f108ec764a,266.88
f248547894c2b45a596317e93d8173f108ec764a,269.75
60a7c0cf78e4da4f28347c0269acff596c375335,265.55
60a7c0cf78e4da4f28347c0269acff596c375335,269.64
60a7c0cf78e4da4f28347c0269acff596c375335,266.24
60a7c0cf78e4da4f28347c0269acff596c375335,266.35
60a7c0cf78e4da4f28347c0269acff596c375335,267.23
60a7c0cf78e4da4f28347c0269acff596c375335,267.11
60a7c0cf78e4da4f28347c0269acff596c375335,266.87
60a7c0cf78e4da4f28347c0269acff596c375335,265.00
60a7c0cf78e4da4f28347c0269acff596c375335,266.70
60a7c0cf78e4da4f28347c0269acff596c375335,266.91
60a7c0cf78e4da4f28347c0269acff596c375335,266.02
60a7c0cf78e4da4f28347c0269acff596c375335,266.54
60a7c0cf78e4da4f28347c0269acff596c375335,268.05
60a7c0cf78e4da4f28347c0269acff596c375335,265.30
60a7c0cf78e4da4f28347c0269acff596c375335,267.27
3b5d928b7eff4b68e16e59ff17cec2acfe834655,265.75
3b5d928b7eff4b68e16e59ff17cec2acfe834655,266.35
3b5d928b7eff4b68e16e59ff17cec2acfe834655,270.07
3b5d928b7eff4b68e16e59ff17cec2acfe834655,269.03
3b5d928b7eff4b68e16e59ff17cec2acfe834655,268.19
3b5d928b7eff4b68e16e59ff17cec2acfe834655,268.68
3b5d928b7eff4b68e16e59ff17cec2acfe834655,269.91
3b5d928b7eff4b68e16e59ff17cec2acfe834655,268.89
3b5d928b7eff4b68e16e59ff17cec2acfe834655,265.83
3b5d928b7eff4b68e16e59ff17cec2acfe834655,267.10
3b5d928b7eff4b68e16e59ff17cec2acfe834655,267.76
3b5d928b7eff4b68e16e59ff17cec2acfe834655,265.05
3b5d928b7eff4b68e16e59ff17cec2acfe834655,268.18
3b5d928b7eff4b68e16e59ff17cec2acfe834655,266.45
3b5d928b7eff4b68e16e59ff17cec2acfe834655,265.95
e13cc2a7c8412dee03f3960511a7bab1ccfc53ca,266.71
e13cc2a7c8412dee03f3960511a7bab1ccfc53ca,267.36
e13cc2a7c8412dee03f3960511a7bab1ccfc53ca,267.06
e13cc2a7c8412dee03f3960511a7bab1ccfc53ca,268.85
e13cc2a7c8412dee03f3960511a7bab1ccfc53ca,266.34
e13cc2a7c8412dee03f3960511a7bab1ccfc53ca,266.11
e13cc2a7c8412dee03f3960511a7bab1ccfc53ca,267.87
e13cc2a7c8412dee03f3960511a7bab1ccfc53ca,265.73
e13cc2a7c8412dee03f3960511a7bab1ccfc53ca,268.97
e13cc2a7c8412dee03f3960511a7bab1ccfc53ca,267.04
e13cc2a7c8412dee03f3960511a7bab1ccfc53ca,265.95
e13cc2a7c8412dee03f3960511a7bab1ccfc53ca,268.95
e13cc2a7c8412dee03f3960511a7bab1ccfc53ca,267.09
e13cc2a7c8412dee03f3960511a7bab1ccfc53ca,267.43
e13cc2a7c8412dee03f3960511a7bab1ccfc53ca,267.92
c9751c989443699ba38246b82e32dc81dee91a2e,270.02
c9751c989443699ba38246b82e32dc81dee91a2e,267.63
c9751c989443699ba38246b82e32dc81dee91a2e,268.88
c9751c989443699ba38246b82e32dc81dee91a2e,269.92
c9751c989443699ba38246b82e32dc81dee91a2e,267.16
c9751c989443699ba38246b82e32dc81dee91a2e,267.34
c9751c989443699ba38246b82e32dc81dee91a2e,266.32
c9751c989443699ba38246b82e32dc81dee91a2e,266.84
c9751c989443699ba38246b82e32dc81dee91a2e,267.34
c9751c989443699ba38246b82e32dc81dee91a2e,265.87
c9751c989443699ba38246b82e32dc81dee91a2e,265.68
c9751c989443699ba38246b82e32dc81dee91a2e,269.67
c9751c989443699ba38246b82e32dc81dee91a2e,266.48
c9751c989443699ba38246b82e32dc81dee91a2e,267.11
c9751c989443699ba38246b82e32dc81dee91a2e,268.04
fcc5e67b48556a8421b7e00bbcaeed63b67984dd,266.97
fcc5e67b48556a8421b7e00bbcaeed63b67984dd,267.61
fcc5e67b48556a8421b7e00bbcaeed63b67984dd,267.30
fcc5e67b48556a8421b7e00bbcaeed63b67984dd,268.54
fcc5e67b48556a8421b7e00bbcaeed63b67984dd,266.22
fcc5e67b48556a8421b7e00bbcaeed63b67984dd,268.46
fcc5e67b48556a8421b7e00bbcaeed63b67984dd,265.01
fcc5e67b48556a8421b7e00bbcaeed63b67984dd,266.76
fcc5e67b48556a8421b7e00bbcaeed63b67984dd,264.19
fcc5e67b48556a8421b7e00bbcaeed63b67984dd,270.11
fcc5e67b48556a8421b7e00bbcaeed63b67984dd,270.21
fcc5e67b48556a8421b7e00bbcaeed63b67984dd,267.12
fcc5e67b48556a8421b7e00bbcaeed63b67984dd,268.14
fcc5e67b48556a8421b7e00bbcaeed63b67984dd,266.83
fcc5e67b48556a8421b7e00bbcaeed63b67984dd,269.43
20fb3d99193c90bebe1253c6fe410caf1bb5dd51,315.72
20fb3d99193c90bebe1253c6fe410caf1bb5dd51,268.24
20fb3d99193c90bebe1253c6fe410caf1bb5dd51,263.47
20fb3d99193c90bebe1253c6fe410caf1bb5dd51,266.56
20fb3d99193c90bebe1253c6fe410caf1bb5dd51,267.80
20fb3d99193c90bebe1253c6fe410caf1bb5dd51,267.55
20fb3d99193c90bebe1253c6fe410caf1bb5dd51,270.05
20fb3d99193c90bebe1253c6fe410caf1bb5dd51,267.98
20fb3d99193c90bebe1253c6fe410caf1bb5dd51,270.73
20fb3d99193c90bebe1253c6fe410caf1bb5dd51,268.25
20fb3d99193c90bebe1253c6fe410caf1bb5dd51,264.92
20fb3d99193c90bebe1253c6fe410caf1bb5dd51,269.26
20fb3d99193c90bebe1253c6fe410caf1bb5dd51,266.75
20fb3d99193c90bebe1253c6fe410caf1bb5dd51,265.07
20fb3d99193c90bebe1253c6fe410caf1bb5dd51,266.94
74b5ddc649171d3a99fc0dbc67097b5cb7caa1ea,134.23
74b5ddc649171d3a99fc0dbc67097b5cb7caa1ea,133.79
74b5ddc649171d3a99fc0dbc67097b5cb7caa1ea,134.05
74b5ddc649171d3a99fc0dbc67097b5cb7caa1ea,133.15
74b5ddc649171d3a99fc0dbc67097b5cb7caa1ea,132.46
74b5ddc649171d3a99fc0dbc67097b5cb7caa1ea,132.37
74b5ddc649171d3a99fc0dbc67097b5cb7caa1ea,134.41
74b5ddc649171d3a99fc0dbc67097b5cb7caa1ea,134.05
74b5ddc649171d3a99fc0dbc67097b5cb7caa1ea,133.92
74b5ddc649171d3a99fc0dbc67097b5cb7caa1ea,132.25
74b5ddc649171d3a99fc0dbc67097b5cb7caa1ea,132.23
74b5ddc649171d3a99fc0dbc67097b5cb7caa1ea,131.72
74b5ddc649171d3a99fc0dbc67097b5cb7caa1ea,132.92
74b5ddc649171d3a99fc0dbc67097b5cb7caa1ea,133.44
74b5ddc649171d3a99fc0dbc67097b5cb7caa1ea,130.98
a06871b1972a5ea200272bd983c926e247d1492f,132.71
a06871b1972a5ea200272bd983c926e247d1492f,133.25
a06871b1972a5ea200272bd983c926e247d1492f,133.03
a06871b1972a5ea200272bd983c926e247d1492f,131.85
a06871b1972a5ea200272bd983c926e247d1492f,134.81
a06871b1972a5ea200272bd983c926e247d1492f,134.77
a06871b1972a5ea200272bd983c926e247d1492f,134.04
a06871b1972a5ea200272bd983c926e247d1492f,132.98
a06871b1972a5ea200272bd983c926e247d1492f,132.59
a06871b1972a5ea200272bd983c926e247d1492f,131.67
a06871b1972a5ea200272bd983c926e247d1492f,133.73
a06871b1972a5ea200272bd983c926e247d1492f,133.29
a06871b1972a5ea200272bd983c926e247d1492f,132.41
a06871b1972a5ea200272bd983c926e247d1492f,132.80
a06871b1972a5ea200272bd983c926e247d1492f,132.45
d462c112962078b5cac062f3b5aef66470e36f0d,266.96
d462c112962078b5cac062f3b5aef66470e36f0d,270.07
d462c112962078b5cac062f3b5aef66470e36f0d,267.23
d462c112962078b5cac062f3b5aef66470e36f0d,268.30
d462c112962078b5cac062f3b5aef66470e36f0d,268.96
d462c112962078b5cac062f3b5aef66470e36f0d,265.11
d462c112962078b5cac062f3b5aef66470e36f0d,267.62
d462c112962078b5cac062f3b5aef66470e36f0d,265.88
d462c112962078b5cac062f3b5aef66470e36f0d,268.32
d462c112962078b5cac062f3b5aef66470e36f0d,265.88
d462c112962078b5cac062f3b5aef66470e36f0d,270.55
d462c112962078b5cac062f3b5aef66470e36f0d,268.37
d462c112962078b5cac062f3b5aef66470e36f0d,268.37
d462c112962078b5cac062f3b5aef66470e36f0d,265.95
d462c112962078b5cac062f3b5aef66470e36f0d,269.08
190f802a92a103b0660121d343d3b128aeed4874,135.16
190f802a92a103b0660121d343d3b128aeed4874,134.35
190f802a92a103b0660121d343d3b128aeed4874,133.30
190f802a92a103b0660121d343d3b128aeed4874,133.40
190f802a92a103b0660121d343d3b128aeed4874,132.36
190f802a92a103b0660121d343d3b128aeed4874,131.85
190f802a92a103b0660121d343d3b128aeed4874,134.34
190f802a92a103b0660121d343d3b128aeed4874,133.11
190f802a92a103b0660121d343d3b128aeed4874,133.28
190f802a92a103b0660121d343d3b128aeed4874,133.43
190f802a92a103b0660121d343d3b128aeed4874,131.42
190f802a92a103b0660121d343d3b128aeed4874,132.66
190f802a92a103b0660121d343d3b128aeed4874,131.89
190f802a92a103b0660121d343d3b128aeed4874,133.27
190f802a92a103b0660121d343d3b128aeed4874,135.57
230f34fde826fae4b4efccb6185108437335f373,132.05
230f34fde826fae4b4efccb6185108437335f373,134.05
230f34fde826fae4b4efccb6185108437335f373,136.30
230f34fde826fae4b4efccb6185108437335f373,132.31
230f34fde826fae4b4efccb6185108437335f373,132.35
230f34fde826fae4b4efccb6185108437335f373,131.89
230f34fde826fae4b4efccb6185108437335f373,134.43
230f34fde826fae4b4efccb6185108437335f373,133.13
230f34fde826fae4b4efccb6185108437335f373,131.19
230f34fde826fae4b4efccb6185108437335f373,133.41
230f34fde826fae4b4efccb6185108437335f373,131.82
230f34fde826fae4b4efccb6185108437335f373,132.72
230f34fde826fae4b4efccb6185108437335f373,136.05
230f34fde826fae4b4efccb6185108437335f373,133.84
230f34fde826fae4b4efccb6185108437335f373,132.36
0a8104da81348ae872d57e9c206a3729d3728e8d,325.73
0a8104da81348ae872d57e9c206a3729d3728e8d,267.83
0a8104da81348ae872d57e9c206a3729d3728e8d,268.48
0a8104da81348ae872d57e9c206a3729d3728e8d,268.14
0a8104da81348ae872d57e9c206a3729d3728e8d,267.09
0a8104da81348ae872d57e9c206a3729d3728e8d,270.44
0a8104da81348ae872d57e9c206a3729d3728e8d,269.43
0a8104da81348ae872d57e9c206a3729d3728e8d,267.84
0a8104da81348ae872d57e9c206a3729d3728e8d,269.86
0a8104da81348ae872d57e9c206a3729d3728e8d,267.96
0a8104da81348ae872d57e9c206a3729d3728e8d,268.77
0a8104da81348ae872d57e9c206a3729d3728e8d,267.06
0a8104da81348ae872d57e9c206a3729d3728e8d,266.96
0a8104da81348ae872d57e9c206a3729d3728e8d,269.16
0a8104da81348ae872d57e9c206a3729d3728e8d,265.17
8a71aca5ecb660cd049b63ec6e29f4318238cb0d,267.98
8a71aca5ecb660cd049b63ec6e29f4318238cb0d,268.34
8a71aca5ecb660cd049b63ec6e29f4318238cb0d,270.44
8a71aca5ecb660cd049b63ec6e29f4318238cb0d,268.19
8a71aca5ecb660cd049b63ec6e29f4318238cb0d,268.71
8a71aca5ecb660cd049b63ec6e29f4318238cb0d,269.36
8a71aca5ecb660cd049b63ec6e29f4318238cb0d,267.66
8a71aca5ecb660cd049b63ec6e29f4318238cb0d,269.17
8a71aca5ecb660cd049b63ec6e29f4318238cb0d,266.69
8a71aca5ecb660cd049b63ec6e29f4318238cb0d,269.21
8a71aca5ecb660cd049b63ec6e29f4318238cb0d,267.13
8a71aca5ecb660cd049b63ec6e29f4318238cb0d,268.40
8a71aca5ecb660cd049b63ec6e29f4318238cb0d,267.65
8a71aca5ecb660cd049b63ec6e29f4318238cb0d,264.90
8a71aca5ecb660cd049b63ec6e29f4318238cb0d,267.78
2c56af11ec38b8de76d4438462e69d6e47031406,266.09
2c56af11ec38b8de76d4438462e69d6e47031406,268.89
2c56af11ec38b8de76d4438462e69d6e47031406,270.32
2c56af11ec38b8de76d4438462e69d6e47031406,267.84
2c56af11ec38b8de76d4438462e69d6e47031406,267.97
2c56af11ec38b8de76d4438462e69d6e47031406,270.93
2c56af11ec38b8de76d4438462e69d6e47031406,270.51
2c56af11ec38b8de76d4438462e69d6e47031406,268.77
2c56af11ec38b8de76d4438462e69d6e47031406,267.19
2c56af11ec38b8de76d4438462e69d6e47031406,264.86
2c56af11ec38b8de76d4438462e69d6e47031406,267.62
2c56af11ec38b8de76d4438462e69d6e47031406,265.77
2c56af11ec38b8de76d4438462e69d6e47031406,269.29
2c56af11ec38b8de76d4438462e69d6e47031406,266.71
2c56af11ec38b8de76d4438462e69d6e47031406,268.64
d0f1993ac5812b235b6d582723d9f834362b977f,132.25
d0f1993ac5812b235b6d582723d9f834362b977f,132.32
d0f1993ac5812b235b6d582723d9f834362b977f,133.66
d0f1993ac5812b235b6d582723d9f834362b977f,132.58
d0f1993ac5812b235b6d582723d9f834362b977f,131.69
d0f1993ac5812b235b6d582723d9f834362b977f,133.57
d0f1993ac5812b235b6d582723d9f834362b977f,131.60
d0f1993ac5812b235b6d582723d9f834362b977f,133.39
d0f1993ac5812b235b6d582723d9f834362b977f,133.02
d0f1993ac5812b235b6d582723d9f834362b977f,132.01
d0f1993ac5812b235b6d582723d9f834362b977f,132.11
d0f1993ac5812b235b6d582723d9f834362b977f,132.73
d0f1993ac5812b235b6d582723d9f834362b977f,131.89
d0f1993ac5812b235b6d582723d9f834362b977f,132.46
d0f1993ac5812b235b6d582723d9f834362b977f,133.48
ac6dfd076bea0feac88564bff68164b95619ae66,266.81
ac6dfd076bea0feac88564bff68164b95619ae66,264.99
ac6dfd076bea0feac88564bff68164b95619ae66,268.21
ac6dfd076bea0feac88564bff68164b95619ae66,267.71
ac6dfd076bea0feac88564bff68164b95619ae66,267.58
ac6dfd076bea0feac88564bff68164b95619ae66,265.47
ac6dfd076bea0feac88564bff68164b95619ae66,266.62
ac6dfd076bea0feac88564bff68164b95619ae66,266.16
ac6dfd076bea0feac88564bff68164b95619ae66,268.08
ac6dfd076bea0feac88564bff68164b95619ae66,266.74
ac6dfd076bea0feac88564bff68164b95619ae66,267.85
ac6dfd076bea0feac88564bff68164b95619ae66,269.62
ac6dfd076bea0feac88564bff68164b95619ae66,266.71
ac6dfd076bea0feac88564bff68164b95619ae66,266.23
ac6dfd076bea0feac88564bff68164b95619ae66,266.37
3696b175470064e2cda335f1c53b14c4d46586de,133.31
3696b175470064e2cda335f1c53b14c4d46586de,131.16
3696b175470064e2cda335f1c53b14c4d46586de,130.91
3696b175470064e2cda335f1c53b14c4d46586de,132.95
3696b175470064e2cda335f1c53b14c4d46586de,133.72
3696b175470064e2cda335f1c53b14c4d46586de,132.59
3696b175470064e2cda335f1c53b14c4d46586de,133.87
3696b175470064e2cda335f1c53b14c4d46586de,131.75
3696b175470064e2cda335f1c53b14c4d46586de,132.09
3696b175470064e2cda335f1c53b14c4d46586de,132.29
3696b175470064e2cda335f1c53b14c4d46586de,132.59
3696b175470064e2cda335f1c53b14c4d46586de,132.91
3696b175470064e2cda335f1c53b14c4d46586de,135.47
3696b175470064e2cda335f1c53b14c4d46586de,133.81
3696b175470064e2cda335f1c53b14c4d46586de,131.12
0da5000255265aa1e0036d0d6fb0129dc759f1f7,132.52
0da5000255265aa1e0036d0d6fb0129dc759f1f7,132.53
0da5000255265aa1e0036d0d6fb0129dc759f1f7,132.68
0da5000255265aa1e0036d0d6fb0129dc759f1f7,133.33
0da5000255265aa1e0036d0d6fb0129dc759f1f7,133.96
0da5000255265aa1e0036d0d6fb0129dc759f1f7,131.67
0da5000255265aa1e0036d0d6fb0129dc759f1f7,132.00
0da5000255265aa1e0036d0d6fb0129dc759f1f7,132.28
0da5000255265aa1e0036d0d6fb0129dc759f1f7,132.60
0da5000255265aa1e0036d0d6fb0129dc759f1f7,132.27
0da5000255265aa1e0036d0d6fb0129dc759f1f7,134.68
0da5000255265aa1e0036d0d6fb0129dc759f1f7,133.25
0da5000255265aa1e0036d0d6fb0129dc759f1f7,131.63
0da5000255265aa1e0036d0d6fb0129dc759f1f7,131.27
0da5000255265aa1e0036d0d6fb0129dc759f1f7,131.72
4e4d47fe0f13d7bb1dd9874cd057456d21123390,130.83
4e4d47fe0f13d7bb1dd9874cd057456d21123390,131.02
4e4d47fe0f13d7bb1dd9874cd057456d21123390,131.69
4e4d47fe0f13d7bb1dd9874cd057456d21123390,132.33
4e4d47fe0f13d7bb1dd9874cd057456d21123390,135.48
4e4d47fe0f13d7bb1dd9874cd057456d21123390,133.57
4e4d47fe0f13d7bb1dd9874cd057456d21123390,135.76
4e4d47fe0f13d7bb1dd9874cd057456d21123390,131.23
4e4d47fe0f13d7bb1dd9874cd057456d21123390,132.14
4e4d47fe0f13d7bb1dd9874cd057456d21123390,134.13
4e4d47fe0f13d7bb1dd9874cd057456d21123390,131.76
4e4d47fe0f13d7bb1dd9874cd057456d21123390,132.48
4e4d47fe0f13d7bb1dd9874cd057456d21123390,132.19
4e4d47fe0f13d7bb1dd9874cd057456d21123390,132.74
4e4d47fe0f13d7bb1dd9874cd057456d21123390,130.98
f935d545726572c4f72fd8bec3c940feb8f299fd,132.27
f935d545726572c4f72fd8bec3c940feb8f299fd,135.28
f935d545726572c4f72fd8bec3c940feb8f299fd,132.10
f935d545726572c4f72fd8bec3c940feb8f299fd,135.22
f935d545726572c4f72fd8bec3c940feb8f299fd,133.77
f935d545726572c4f72fd8bec3c940feb8f299fd,132.35
f935d545726572c4f72fd8bec3c940feb8f299fd,131.59
f935d545726572c4f72fd8bec3c940feb8f299fd,131.06
f935d545726572c4f72fd8bec3c940feb8f299fd,133.84
f935d545726572c4f72fd8bec3c940feb8f299fd,132.79
f935d545726572c4f72fd8bec3c940feb8f299fd,132.43
f935d545726572c4f72fd8bec3c940feb8f299fd,132.30
f935d545726572c4f72fd8bec3c940feb8f299fd,133.09
f935d545726572c4f72fd8bec3c940feb8f299fd,133.02
f935d545726572c4f72fd8bec3c940feb8f299fd,133.47
ec5fed5fe4a51a95a51ef4e92b8c82e656e453ad,135.24
ec5fed5fe4a51a95a51ef4e92b8c82e656e453ad,131.87
ec5fed5fe4a51a95a51ef4e92b8c82e656e453ad,132.28
ec5fed5fe4a51a95a51ef4e92b8c82e656e453ad,133.57
ec5fed5fe4a51a95a51ef4e92b8c82e656e453ad,133.83
ec5fed5fe4a51a95a51ef4e92b8c82e656e453ad,132.99
ec5fed5fe4a51a95a51ef4e92b8c82e656e453ad,131.81
ec5fed5fe4a51a95a51ef4e92b8c82e656e453ad,133.77
ec5fed5fe4a51a95a51ef4e92b8c82e656e453ad,134.11
ec5fed5fe4a51a95a51ef4e92b8c82e656e453ad,133.84
ec5fed5fe4a51a95a51ef4e92b8c82e656e453ad,131.49
ec5fed5fe4a51a95a51ef4e92b8c82e656e453ad,132.55
ec5fed5fe4a51a95a51ef4e92b8c82e656e453ad,130.64
ec5fed5fe4a51a95a51ef4e92b8c82e656e453ad,131.21
ec5fed5fe4a51a95a51ef4e92b8c82e656e453ad,132.75
19e43c1d43028c4e91a0acde071721b3814e3f7c,133.06
19e43c1d43028c4e91a0acde071721b3814e3f7c,132.66
19e43c1d43028c4e91a0acde071721b3814e3f7c,131.92
19e43c1d43028c4e91a0acde071721b3814e3f7c,134.46
19e43c1d43028c4e91a0acde071721b3814e3f7c,132.06
19e43c1d43028c4e91a0acde071721b3814e3f7c,134.29
19e43c1d43028c4e91a0acde071721b3814e3f7c,130.99
19e43c1d43028c4e91a0acde071721b3814e3f7c,132.75
19e43c1d43028c4e91a0acde071721b3814e3f7c,132.32
19e43c1d43028c4e91a0acde071721b3814e3f7c,133.66
19e43c1d43028c4e91a0acde071721b3814e3f7c,133.86
19e43c1d43028c4e91a0acde071721b3814e3f7c,132.18
19e43c1d43028c4e91a0acde071721b3814e3f7c,131.76
19e43c1d43028c4e91a0acde071721b3814e3f7c,132.11
19e43c1d43028c4e91a0acde071721b3814e3f7c,131.46
e9cf62cc41bbfe7b7935524bf7057cb7f152e768,132.09
e9cf62cc41bbfe7b7935524bf7057cb7f152e768,132.14
e9cf62cc41bbfe7b7935524bf7057cb7f152e768,133.05
e9cf62cc41bbfe7b7935524bf7057cb7f152e768,132.27
e9cf62cc41bbfe7b7935524bf7057cb7f152e768,131.81
e9cf62cc41bbfe7b7935524bf7057cb7f152e768,135.28
e9cf62cc41bbfe7b7935524bf7057cb7f152e768,133.53
e9cf62cc41bbfe7b7935524bf7057cb7f152e768,132.60
e9cf62cc41bbfe7b7935524bf7057cb7f152e768,133.77
e9cf62cc41bbfe7b7935524bf7057cb7f152e768,132.80
e9cf62cc41bbfe7b7935524bf7057cb7f152e768,134.59
e9cf62cc41bbfe7b7935524bf7057cb7f152e768,135.11
e9cf62cc41bbfe7b7935524bf7057cb7f152e768,133.83
e9cf62cc41bbfe7b7935524bf7057cb7f152e768,131.68
e9cf62cc41bbfe7b7935524bf7057cb7f152e768,133.93
c05120cdf86060de0954be9b91be834a37f4b1a9,133.74
c05120cdf86060de0954be9b91be834a37f4b1a9,131.68
c05120cdf86060de0954be9b91be834a37f4b1a9,131.83
c05120cdf86060de0954be9b91be834a37f4b1a9,132.61
c05120cdf86060de0954be9b91be834a37f4b1a9,134.86
c05120cdf86060de0954be9b91be834a37f4b1a9,134.72
c05120cdf86060de0954be9b91be834a37f4b1a9,131.91
c05120cdf86060de0954be9b91be834a37f4b1a9,133.28
c05120cdf86060de0954be9b91be834a37f4b1a9,134.52
c05120cdf86060de0954be9b91be834a37f4b1a9,134.36
c05120cdf86060de0954be9b91be834a37f4b1a9,134.16
c05120cdf86060de0954be9b91be834a37f4b1a9,133.33
c05120cdf86060de0954be9b91be834a37f4b1a9,131.48
c05120cdf86060de0954be9b91be834a37f4b1a9,133.90
c05120cdf86060de0954be9b91be834a37f4b1a9,132.15
01aceb37d67b3a6e542e0b1e56cd7a200000bc10,132.54
01aceb37d67b3a6e542e0b1e56cd7a200000bc10,135.11
01aceb37d67b3a6e542e0b1e56cd7a200000bc10,133.81
01aceb37d67b3a6e542e0b1e56cd7a200000bc10,132.97
01aceb37d67b3a6e542e0b1e56cd7a200000bc10,134.54
01aceb37d67b3a6e542e0b1e56cd7a200000bc10,134.23
01aceb37d67b3a6e542e0b1e56cd7a200000bc10,134.94
01aceb37d67b3a6e542e0b1e56cd7a200000bc10,134.16
01aceb37d67b3a6e542e0b1e56cd7a200000bc10,131.52
01aceb37d67b3a6e542e0b1e56cd7a200000bc10,131.31
01aceb37d67b3a6e542e0b1e56cd7a200000bc10,131.88
01aceb37d67b3a6e542e0b1e56cd7a200000bc10,130.89
01aceb37d67b3a6e542e0b1e56cd7a200000bc10,131.26
01aceb37d67b3a6e542e0b1e56cd7a200000bc10,134.50
01aceb37d67b3a6e542e0b1e56cd7a200000bc10,132.63
44d65e021a5a5bbf9274e0040687b49c8d53acf2,133.21
44d65e021a5a5bbf9274e0040687b49c8d53acf2,131.16
44d65e021a5a5bbf9274e0040687b49c8d53acf2,133.26
44d65e021a5a5bbf9274e0040687b49c8d53acf2,134.26
44d65e021a5a5bbf9274e0040687b49c8d53acf2,135.19
44d65e021a5a5bbf9274e0040687b49c8d53acf2,134.05
44d65e021a5a5bbf9274e0040687b49c8d53acf2,131.53
44d65e021a5a5bbf9274e0040687b49c8d53acf2,133.61
44d65e021a5a5bbf9274e0040687b49c8d53acf2,132.90
44d65e021a5a5bbf9274e0040687b49c8d53acf2,131.79
44d65e021a5a5bbf9274e0040687b49c8d53acf2,132.53
44d65e021a5a5bbf9274e0040687b49c8d53acf2,130.67
44d65e021a5a5bbf9274e0040687b49c8d53acf2,132.96
44d65e021a5a5bbf9274e0040687b49c8d53acf2,131.39
44d65e021a5a5bbf9274e0040687b49c8d53acf2,133.24
e8d073377513862d31596e1bdd6a1a0d2a1d11ab,238.06
e8d073377513862d31596e1bdd6a1a0d2a1d11ab,134.82
e8d073377513862d31596e1bdd6a1a0d2a1d11ab,132.15
e8d073377513862d31596e1bdd6a1a0d2a1d11ab,133.30
e8d073377513862d31596e1bdd6a1a0d2a1d11ab,134.81
e8d073377513862d31596e1bdd6a1a0d2a1d11ab,131.93
e8d073377513862d31596e1bdd6a1a0d2a1d11ab,133.88
e8d073377513862d31596e1bdd6a1a0d2a1d11ab,133.79
e8d073377513862d31596e1bdd6a1a0d2a1d11ab,133.54
e8d073377513862d31596e1bdd6a1a0d2a1d11ab,131.27
e8d073377513862d31596e1bdd6a1a0d2a1d11ab,133.69
e8d073377513862d31596e1bdd6a1a0d2a1d11ab,133.00
e8d073377513862d31596e1bdd6a1a0d2a1d11ab,133.53
e8d073377513862d31596e1bdd6a1a0d2a1d11ab,133.98
e8d073377513862d31596e1bdd6a1a0d2a1d11ab,133.38
fea36b92c4c0c12eeb3124cb3acd115a4ab81c58,132.06
fea36b92c4c0c12eeb3124cb3acd115a4ab81c58,134.45
fea36b92c4c0c12eeb3124cb3acd115a4ab81c58,132.65
fea36b92c4c0c12eeb3124cb3acd115a4ab81c58,132.92
fea36b92c4c0c12eeb3124cb3acd115a4ab81c58,133.70
fea36b92c4c0c12eeb3124cb3acd115a4ab81c58,133.99
fea36b92c4c0c12eeb3124cb3acd115a4ab81c58,134.26
fea36b92c4c0c12eeb3124cb3acd115a4ab81c58,132.30
fea36b92c4c0c12eeb3124cb3acd115a4ab81c58,134.88
fea36b92c4c0c12eeb3124cb3acd115a4ab81c58,133.45
fea36b92c4c0c12eeb3124cb3acd115a4ab81c58,134.77
fea36b92c4c0c12eeb3124cb3acd115a4ab81c58,132.93
fea36b92c4c0c12eeb3124cb3acd115a4ab81c58,132.76
fea36b92c4c0c12eeb3124cb3acd115a4ab81c58,132.35
fea36b92c4c0c12eeb3124cb3acd115a4ab81c58,132.73
216ef63bb01501e28a74d1dd3b55b4c5902edad1,133.46
216ef63bb01501e28a74d1dd3b55b4c5902edad1,132.82
216ef63bb01501e28a74d1dd3b55b4c5902edad1,135.27
216ef63bb01501e28a74d1dd3b55b4c5902edad1,133.53
216ef63bb01501e28a74d1dd3b55b4c5902edad1,131.23
216ef63bb01501e28a74d1dd3b55b4c5902edad1,134.20
216ef63bb01501e28a74d1dd3b55b4c5902edad1,131.35
216ef63bb01501e28a74d1dd3b55b4c5902edad1,132.46
216ef63bb01501e28a74d1dd3b55b4c5902edad1,132.26
216ef63bb01501e28a74d1dd3b55b4c5902edad1,132.73
216ef63bb01501e28a74d1dd3b55b4c5902edad1,132.59
216ef63bb01501e28a74d1dd3b55b4c5902edad1,132.23
216ef63bb01501e28a74d1dd3b55b4c5902edad1,131.80
216ef63bb01501e28a74d1dd3b55b4c5902edad1,133.57
216ef63bb01501e28a74d1dd3b55b4c5902edad1,133.06
1eb642e2c7c65713d72fc6ad4383b85873edd3f8,132.86
1eb642e2c7c65713d72fc6ad4383b85873edd3f8,133.51
1eb642e2c7c65713d72fc6ad4383b85873edd3f8,134.83
1eb642e2c7c65713d72fc6ad4383b85873edd3f8,132.77
1eb642e2c7c65713d72fc6ad4383b85873edd3f8,135.52
1eb642e2c7c65713d72fc6ad4383b85873edd3f8,132.09
1eb642e2c7c65713d72fc6ad4383b85873edd3f8,132.94
1eb642e2c7c65713d72fc6ad4383b85873edd3f8,131.89
1eb642e2c7c65713d72fc6ad4383b85873edd3f8,132.82
1eb642e2c7c65713d72fc6ad4383b85873edd3f8,131.76
1eb642e2c7c65713d72fc6ad4383b85873edd3f8,133.34
1eb642e2c7c65713d72fc6ad4383b85873edd3f8,131.35
1eb642e2c7c65713d72fc6ad4383b85873edd3f8,133.47
1eb642e2c7c65713d72fc6ad4383b85873edd3f8,133.27
1eb642e2c7c65713d72fc6ad4383b85873edd3f8,133.80
d728f7cd898dc3b73fd9b07411b802a8ca32d891,132.51
d728f7cd898dc3b73fd9b07411b802a8ca32d891,131.87
d728f7cd898dc3b73fd9b07411b802a8ca32d891,132.98
d728f7cd898dc3b73fd9b07411b802a8ca32d891,135.81
d728f7cd898dc3b73fd9b07411b802a8ca32d891,133.17
d728f7cd898dc3b73fd9b07411b802a8ca32d891,132.68
d728f7cd898dc3b73fd9b07411b802a8ca32d891,133.04
d728f7cd898dc3b73fd9b07411b802a8ca32d891,132.69
d728f7cd898dc3b73fd9b07411b802a8ca32d891,134.40
d728f7cd898dc3b73fd9b07411b802a8ca32d891,133.62
d728f7cd898dc3b73fd9b07411b802a8ca32d891,131.92
d728f7cd898dc3b73fd9b07411b802a8ca32d891,131.58
d728f7cd898dc3b73fd9b07411b802a8ca32d891,132.83
d728f7cd898dc3b73fd9b07411b802a8ca32d891,132.46
d728f7cd898dc3b73fd9b07411b802a8ca32d891,135.28
1b1d1f3a4b0493b37ad0f49f533dfc3829f8fe2d,134.69
1b1d1f3a4b0493b37ad0f49f533dfc3829f8fe2d,131.34
1b1d1f3a4b0493b37ad0f49f533dfc3829f8fe2d,132.91
1b1d1f3a4b0493b37ad0f49f533dfc3829f8fe2d,131.28
1b1d1f3a4b0493b37ad0f49f533dfc3829f8fe2d,132.27
1b1d1f3a4b0493b37ad0f49f533dfc3829f8fe2d,131.02
1b1d1f3a4b0493b37ad0f49f533dfc3829f8fe2d,135.39
1b1d1f3a4b0493b37ad0f49f533dfc3829f8fe2d,133.86
1b1d1f3a4b0493b37ad0f49f533dfc3829f8fe2d,134.59
1b1d1f3a4b0493b37ad0f49f533dfc3829f8fe2d,134.76
1b1d1f3a4b0493b37ad0f49f533dfc3829f8fe2d,132.48
1b1d1f3a4b0493b37ad0f49f533dfc3829f8fe2d,134.73
1b1d1f3a4b0493b37ad0f49f533dfc3829f8fe2d,132.63
1b1d1f3a4b0493b37ad0f49f533dfc3829f8fe2d,132.50
1b1d1f3a4b0493b37ad0f49f533dfc3829f8fe2d,133.66
f4dac4625550959f8c5915a4e26c4118690812df,132.54
f4dac4625550959f8c5915a4e26c4118690812df,131.57
f4dac4625550959f8c5915a4e26c4118690812df,135.16
f4dac4625550959f8c5915a4e26c4118690812df,135.11
f4dac4625550959f8c5915a4e26c4118690812df,134.33
f4dac4625550959f8c5915a4e26c4118690812df,134.13
f4dac4625550959f8c5915a4e26c4118690812df,133.82
f4dac4625550959f8c5915a4e26c4118690812df,134.68
f4dac4625550959f8c5915a4e26c4118690812df,133.42
f4dac4625550959f8c5915a4e26c4118690812df,133.71
f4dac4625550959f8c5915a4e26c4118690812df,132.19
f4dac4625550959f8c5915a4e26c4118690812df,130.72
f4dac4625550959f8c5915a4e26c4118690812df,133.21
f4dac4625550959f8c5915a4e26c4118690812df,132.40
f4dac4625550959f8c5915a4e26c4118690812df,132.98
f476a4846b2570fc6c3755116b377aa6c06cdbee,133.65
f476a4846b2570fc6c3755116b377aa6c06cdbee,132.56
f476a4846b2570fc6c3755116b377aa6c06cdbee,133.93
f476a4846b2570fc6c3755116b377aa6c06cdbee,134.55
f476a4846b2570fc6c3755116b377aa6c06cdbee,133.60
f476a4846b2570fc6c3755116b377aa6c06cdbee,133.06
f476a4846b2570fc6c3755116b377aa6c06cdbee,132.32
f476a4846b2570fc6c3755116b377aa6c06cdbee,132.42
f476a4846b2570fc6c3755116b377aa6c06cdbee,133.79
f476a4846b2570fc6c3755116b377aa6c06cdbee,132.32
f476a4846b2570fc6c3755116b377aa6c06cdbee,132.57
f476a4846b2570fc6c3755116b377aa6c06cdbee,133.01
f476a4846b2570fc6c3755116b377aa6c06cdbee,132.57
f476a4846b2570fc6c3755116b377aa6c06cdbee,131.36
f476a4846b2570fc6c3755116b377aa6c06cdbee,133.43
67b608ef7c758565350c22c55f5614e5017ace6c,133.98
67b608ef7c758565350c22c55f5614e5017ace6c,131.82
67b608ef7c758565350c22c55f5614e5017ace6c,132.09
67b608ef7c758565350c22c55f5614e5017ace6c,133.86
67b608ef7c758565350c22c55f5614e5017ace6c,132.18
67b608ef7c758565350c22c55f5614e5017ace6c,133.61
67b608ef7c758565350c22c55f5614e5017ace6c,134.34
67b608ef7c758565350c22c55f5614e5017ace6c,132.08
67b608ef7c758565350c22c55f5614e5017ace6c,132.74
67b608ef7c758565350c22c55f5614e5017ace6c,132.49
67b608ef7c758565350c22c55f5614e5017ace6c,133.66
67b608ef7c758565350c22c55f5614e5017ace6c,131.48
67b608ef7c758565350c22c55f5614e5017ace6c,131.04
67b608ef7c758565350c22c55f5614e5017ace6c,131.27
67b608ef7c758565350c22c55f5614e5017ace6c,133.86
da6c868e73d8d8d71dcfd4b9b40c609400ec53c5,133.46
da6c868e73d8d8d71dcfd4b9b40c609400ec53c5,133.60
da6c868e73d8d8d71dcfd4b9b40c609400ec53c5,133.02
da6c868e73d8d8d71dcfd4b9b40c609400ec53c5,131.75
da6c868e73d8d8d71dcfd4b9b40c609400ec53c5,132.79
da6c868e73d8d8d71dcfd4b9b40c609400ec53c5,135.59
da6c868e73d8d8d71dcfd4b9b40c609400ec53c5,132.33
da6c868e73d8d8d71dcfd4b9b40c609400ec53c5,133.56
da6c868e73d8d8d71dcfd4b9b40c609400ec53c5,131.54
da6c868e73d8d8d71dcfd4b9b40c609400ec53c5,132.76
da6c868e73d8d8d71dcfd4b9b40c609400ec53c5,131.59
da6c868e73d8d8d71dcfd4b9b40c609400ec53c5,132.21
da6c868e73d8d8d71dcfd4b9b40c609400ec53c5,133.30
da6c868e73d8d8d71dcfd4b9b40c609400ec53c5,133.61
da6c868e73d8d8d71dcfd4b9b40c609400ec53c5,132.59
f35faf871852d138d2bcf43dd6f72c43611fae51,134.62
f35faf871852d138d2bcf43dd6f72c43611fae51,131.95
f35faf871852d138d2bcf43dd6f72c43611fae51,132.67
f35faf871852d138d2bcf43dd6f72c43611fae51,133.36
f35faf871852d138d2bcf43dd6f72c43611fae51,133.76
f35faf871852d138d2bcf43dd6f72c43611fae51,131.82
f35faf871852d138d2bcf43dd6f72c43611fae51,133.69
f35faf871852d138d2bcf43dd6f72c43611fae51,133.08
f35faf871852d138d2bcf43dd6f72c43611fae51,133.84
f35faf871852d138d2bcf43dd6f72c43611fae51,132.17
f35faf871852d138d2bcf43dd6f72c43611fae51,133.73
f35faf871852d138d2bcf43dd6f72c43611fae51,132.46
f35faf871852d138d2bcf43dd6f72c43611fae51,132.63
f35faf871852d138d2bcf43dd6f72c43611fae51,132.25
f35faf871852d138d2bcf43dd6f72c43611fae51,131.78
139f8c4fe343fa5d9ef7b7e40b226a3e101efcaf,131.59
139f8c4fe343fa5d9ef7b7e40b226a3e101efcaf,132.92
139f8c4fe343fa5d9ef7b7e40b226a3e101efcaf,134.31
139f8c4fe343fa5d9ef7b7e40b226a3e101efcaf,131.84
139f8c4fe343fa5d9ef7b7e40b226a3e101efcaf,131.72
139f8c4fe343fa5d9ef7b7e40b226a3e101efcaf,134.36
139f8c4fe343fa5d9ef7b7e40b226a3e101efcaf,131.10
139f8c4fe343fa5d9ef7b7e40b226a3e101efcaf,133.35
139f8c4fe343fa5d9ef7b7e40b226a3e101efcaf,133.55
139f8c4fe343fa5d9ef7b7e40b226a3e101efcaf,133.89
139f8c4fe343fa5d9ef7b7e40b226a3e101efcaf,132.73
139f8c4fe343fa5d9ef7b7e40b226a3e101efcaf,132.13
139f8c4fe343fa5d9ef7b7e40b226a3e101efcaf,133.45
139f8c4fe343fa5d9ef7b7e40b226a3e101efcaf,134.38
139f8c4fe343fa5d9ef7b7e40b226a3e101efcaf,134.15
fe5b988bc79441e530ece863ea638a25c4e63c86,132.15
fe5b988bc79441e530ece863ea638a25c4e63c86,133.10
fe5b988bc79441e530ece863ea638a25c4e63c86,131.52
fe5b988bc79441e530ece863ea638a25c4e63c86,135.08
fe5b988bc79441e530ece863ea638a25c4e63c86,134.40
fe5b988bc79441e530ece863ea638a25c4e63c86,133.67
fe5b988bc79441e530ece863ea638a25c4e63c86,134.25
fe5b988bc79441e530ece863ea638a25c4e63c86,133.82
fe5b988bc79441e530ece863ea638a25c4e63c86,133.44
fe5b988bc79441e530ece863ea638a25c4e63c86,133.39
fe5b988bc79441e530ece863ea638a25c4e63c86,132.83
fe5b988bc79441e530ece863ea638a25c4e63c86,130.92
fe5b988bc79441e530ece863ea638a25c4e63c86,132.32
fe5b988bc79441e530ece863ea638a25c4e63c86,133.11
fe5b988bc79441e530ece863ea638a25c4e63c86,131.28
022853385b01309be10d655f6cf08e1435a70c5d,132.46
022853385b01309be10d655f6cf08e1435a70c5d,133.18
022853385b01309be10d655f6cf08e1435a70c5d,135.03
022853385b01309be10d655f6cf08e1435a70c5d,133.16
022853385b01309be10d655f6cf08e1435a70c5d,132.33
022853385b01309be10d655f6cf08e1435a70c5d,134.11
022853385b01309be10d655f6cf08e1435a70c5d,133.30
022853385b01309be10d655f6cf08e1435a70c5d,131.05
022853385b01309be10d655f6cf08e1435a70c5d,134.65
022853385b01309be10d655f6cf08e1435a70c5d,134.36
022853385b01309be10d655f6cf08e1435a70c5d,133.07
022853385b01309be10d655f6cf08e1435a70c5d,132.66
022853385b01309be10d655f6cf08e1435a70c5d,134.19
022853385b01309be10d655f6cf08e1435a70c5d,132.42
022853385b01309be10d655f6cf08e1435a70c5d,132.97
f0d81da13da0a46cfbf6ee4e8b7f8ef43a5ef89a,133.65
f0d81da13da0a46cfbf6ee4e8b7f8ef43a5ef89a,133.95
f0d81da13da0a46cfbf6ee4e8b7f8ef43a5ef89a,132.24
f0d81da13da0a46cfbf6ee4e8b7f8ef43a5ef89a,132.68
f0d81da13da0a46cfbf6ee4e8b7f8ef43a5ef89a,133.29
f0d81da13da0a46cfbf6ee4e8b7f8ef43a5ef89a,133.71
f0d81da13da0a46cfbf6ee4e8b7f8ef43a5ef89a,135.82
f0d81da13da0a46cfbf6ee4e8b7f8ef43a5ef89a,131.93
f0d81da13da0a46cfbf6ee4e8b7f8ef43a5ef89a,131.26
f0d81da13da0a46cfbf6ee4e8b7f8ef43a5ef89a,134.31
f0d81da13da0a46cfbf6ee4e8b7f8ef43a5ef89a,131.48
f0d81da13da0a46cfbf6ee4e8b7f8ef43a5ef89a,132.93
f0d81da13da0a46cfbf6ee4e8b7f8ef43a5ef89a,133.26
f0d81da13da0a46cfbf6ee4e8b7f8ef43a5ef89a,130.50
f0d81da13da0a46cfbf6ee4e8b7f8ef43a5ef89a,133.28
f4a4880c8ebae74735b375575569f6306b902847,133.78
f4a4880c8ebae74735b375575569f6306b902847,132.65
f4a4880c8ebae74735b375575569f6306b902847,134.55
f4a4880c8ebae74735b375575569f6306b902847,133.82
f4a4880c8ebae74735b375575569f6306b902847,131.74
f4a4880c8ebae74735b375575569f6306b902847,132.31
f4a4880c8ebae74735b375575569f6306b902847,132.54
f4a4880c8ebae74735b375575569f6306b902847,133.16
f4a4880c8ebae74735b375575569f6306b902847,133.42
f4a4880c8ebae74735b375575569f6306b902847,135.85
f4a4880c8ebae74735b375575569f6306b902847,132.85
f4a4880c8ebae74735b375575569f6306b902847,134.21
f4a4880c8ebae74735b375575569f6306b902847,133.39
f4a4880c8ebae74735b375575569f6306b902847,131.76
f4a4880c8ebae74735b375575569f6306b902847,133.92
4341eb304464993b2e9a804ede5eb58ca8fd2939,136.62
4341eb304464993b2e9a804ede5eb58ca8fd2939,134.98
4341eb304464993b2e9a804ede5eb58ca8fd2939,134.33
4341eb304464993b2e9a804ede5eb58ca8fd2939,131.55
4341eb304464993b2e9a804ede5eb58ca8fd2939,134.40
4341eb304464993b2e9a804ede5eb58ca8fd2939,133.56
4341eb304464993b2e9a804ede5eb58ca8fd2939,133.41
4341eb304464993b2e9a804ede5eb58ca8fd2939,133.80
4341eb304464993b2e9a804ede5eb58ca8fd2939,132.63
4341eb304464993b2e9a804ede5eb58ca8fd2939,132.43
4341eb304464993b2e9a804ede5eb58ca8fd2939,132.96
4341eb304464993b2e9a804ede5eb58ca8fd2939,133.18
4341eb304464993b2e9a804ede5eb58ca8fd2939,131.63
4341eb304464993b2e9a804ede5eb58ca8fd2939,135.15
4341eb304464993b2e9a804ede5eb58ca8fd2939,133.22
3c4acb402ec988540e19fd38d449b2eba0aef671,132.78
3c4acb402ec988540e19fd38d449b2eba0aef671,131.51
3c4acb402ec988540e19fd38d449b2eba0aef671,132.69
3c4acb402ec988540e19fd38d449b2eba0aef671,133.43
3c4acb402ec988540e19fd38d449b2eba0aef671,132.65
3c4acb402ec988540e19fd38d449b2eba0aef671,133.45
3c4acb402ec988540e19fd38d449b2eba0aef671,134.49
3c4acb402ec988540e19fd38d449b2eba0aef671,133.66
3c4acb402ec988540e19fd38d449b2eba0aef671,134.67
3c4acb402ec988540e19fd38d449b2eba0aef671,132.89
3c4acb402ec988540e19fd38d449b2eba0aef671,134.47
3c4acb402ec988540e19fd38d449b2eba0aef671,133.49
3c4acb402ec988540e19fd38d449b2eba0aef671,132.69
3c4acb402ec988540e19fd38d449b2eba0aef671,133.14
3c4acb402ec988540e19fd38d449b2eba0aef671,132.85
5d4cb8eef50189b39c7f4b6ce4bb7090b16324d6,133.13
5d4cb8eef50189b39c7f4b6ce4bb7090b16324d6,132.43
5d4cb8eef50189b39c7f4b6ce4bb7090b16324d6,132.22
5d4cb8eef50189b39c7f4b6ce4bb7090b16324d6,132.31
5d4cb8eef50189b39c7f4b6ce4bb7090b16324d6,132.72
5d4cb8eef50189b39c7f4b6ce4bb7090b16324d6,132.88
5d4cb8eef50189b39c7f4b6ce4bb7090b16324d6,135.86
5d4cb8eef50189b39c7f4b6ce4bb7090b16324d6,134.89
5d4cb8eef50189b39c7f4b6ce4bb7090b16324d6,131.15
5d4cb8eef50189b39c7f4b6ce4bb7090b16324d6,133.08
5d4cb8eef50189b39c7f4b6ce4bb7090b16324d6,132.20
5d4cb8eef50189b39c7f4b6ce4bb7090b16324d6,133.01
5d4cb8eef50189b39c7f4b6ce4bb7090b16324d6,132.46
5d4cb8eef50189b39c7f4b6ce4bb7090b16324d6,135.31
5d4cb8eef50189b39c7f4b6ce4bb7090b16324d6,133.08
43cd8cff288aaabd864ccd5be30748a33d474ced,134.98
43cd8cff288aaabd864ccd5be30748a33d474ced,134.54
43cd8cff288aaabd864ccd5be30748a33d474ced,134.51
43cd8cff288aaabd864ccd5be30748a33d474ced,132.74
43cd8cff288aaabd864ccd5be30748a33d474ced,134.48
43cd8cff288aaabd864ccd5be30748a33d474ced,136.27
43cd8cff288aaabd864ccd5be30748a33d474ced,133.50
43cd8cff288aaabd864ccd5be30748a33d474ced,133.56
43cd8cff288aaabd864ccd5be30748a33d474ced,134.65
43cd8cff288aaabd864ccd5be30748a33d474ced,134.92
43cd8cff288aaabd864ccd5be30748a33d474ced,131.78
43cd8cff288aaabd864ccd5be30748a33d474ced,131.95
43cd8cff288aaabd864ccd5be30748a33d474ced,131.78
43cd8cff288aaabd864ccd5be30748a33d474ced,133.61
43cd8cff288aaabd864ccd5be30748a33d474ced,132.83
1a685a858c433dc452bcdaec2eca8c6185ecec7c,326.89
1a685a858c433dc452bcdaec2eca8c6185ecec7c,266.72
1a685a858c433dc452bcdaec2eca8c6185ecec7c,265.93
1a685a858c433dc452bcdaec2eca8c6185ecec7c,269.89
1a685a858c433dc452bcdaec2eca8c6185ecec7c,268.45
1a685a858c433dc452bcdaec2eca8c6185ecec7c,265.51
1a685a858c433dc452bcdaec2eca8c6185ecec7c,268.31
1a685a858c433dc452bcdaec2eca8c6185ecec7c,268.40
1a685a858c433dc452bcdaec2eca8c6185ecec7c,266.44
1a685a858c433dc452bcdaec2eca8c6185ecec7c,266.12
1a685a858c433dc452bcdaec2eca8c6185ecec7c,266.90
1a685a858c433dc452bcdaec2eca8c6185ecec7c,263.59
1a685a858c433dc452bcdaec2eca8c6185ecec7c,267.08
1a685a858c433dc452bcdaec2eca8c6185ecec7c,267.31
1a685a858c433dc452bcdaec2eca8c6185ecec7c,268.60
53ecd933d797a11fa5dc751e22a815cb5497fc17,266.22
53ecd933d797a11fa5dc751e22a815cb5497fc17,267.29
53ecd933d797a11fa5dc751e22a815cb5497fc17,267.31
53ecd933d797a11fa5dc751e22a815cb5497fc17,268.83
53ecd933d797a11fa5dc751e22a815cb5497fc17,267.38
53ecd933d797a11fa5dc751e22a815cb5497fc17,267.90
53ecd933d797a11fa5dc751e22a815cb5497fc17,267.97
53ecd933d797a11fa5dc751e22a815cb5497fc17,269.00
53ecd933d797a11fa5dc751e22a815cb5497fc17,267.53
53ecd933d797a11fa5dc751e22a815cb5497fc17,267.58
53ecd933d797a11fa5dc751e22a815cb5497fc17,269.11
53ecd933d797a11fa5dc751e22a815cb5497fc17,268.80
53ecd933d797a11fa5dc751e22a815cb5497fc17,265.90
53ecd933d797a11fa5dc751e22a815cb5497fc17,266.77
53ecd933d797a11fa5dc751e22a815cb5497fc17,268.87
2bd0e9f4ba77ccc29b7fdd24cf533f897ed63cb9,266.75
2bd0e9f4ba77ccc29b7fdd24cf533f897ed63cb9,266.33
2bd0e9f4ba77ccc29b7fdd24cf533f897ed63cb9,268.99
2bd0e9f4ba77ccc29b7fdd24cf533f897ed63cb9,269.02
2bd0e9f4ba77ccc29b7fdd24cf533f897ed63cb9,267.52
2bd0e9f4ba77ccc29b7fdd24cf533f897ed63cb9,266.07
2bd0e9f4ba77ccc29b7fdd24cf533f897ed63cb9,265.69
2bd0e9f4ba77ccc29b7fdd24cf533f897ed63cb9,268.13
2bd0e9f4ba77ccc29b7fdd24cf533f897ed63cb9,268.51
2bd0e9f4ba77ccc29b7fdd24cf533f897ed63cb9,266.24
2bd0e9f4ba77ccc29b7fdd24cf533f897ed63cb9,265.44
2bd0e9f4ba77ccc29b7fdd24cf533f897ed63cb9,268.14
2bd0e9f4ba77ccc29b7fdd24cf533f897ed63cb9,269.46
2bd0e9f4ba77ccc29b7fdd24cf533f897ed63cb9,266.73
2bd0e9f4ba77ccc29b7fdd24cf533f897ed63cb9,270.48
bc24ce340c9d978bdd2357036917970b1a1e5f5e,133.62
bc24ce340c9d978bdd2357036917970b1a1e5f5e,134.81
bc24ce340c9d978bdd2357036917970b1a1e5f5e,136.13
bc24ce340c9d978bdd2357036917970b1a1e5f5e,134.06
bc24ce340c9d978bdd2357036917970b1a1e5f5e,133.29
bc24ce340c9d978bdd2357036917970b1a1e5f5e,132.63
bc24ce340c9d978bdd2357036917970b1a1e5f5e,131.61
bc24ce340c9d978bdd2357036917970b1a1e5f5e,132.93
bc24ce340c9d978bdd2357036917970b1a1e5f5e,133.70
bc24ce340c9d978bdd2357036917970b1a1e5f5e,133.34
bc24ce340c9d978bdd2357036917970b1a1e5f5e,131.87
bc24ce340c9d978bdd2357036917970b1a1e5f5e,132.27
bc24ce340c9d978bdd2357036917970b1a1e5f5e,132.62
bc24ce340c9d978bdd2357036917970b1a1e5f5e,133.33
bc24ce340c9d978bdd2357036917970b1a1e5f5e,134.12
