9960da4d6460b4ee84f748f0f0dd30e2acaaf3f3,316.40
9960da4d6460b4ee84f748f0f0dd30e2acaaf3f3,308.88
9960da4d6460b4ee84f748f0f0dd30e2acaaf3f3,312.48
9960da4d6460b4ee84f748f0f0dd30e2acaaf3f3,309.03
9960da4d6460b4ee84f748f0f0dd30e2acaaf3f3,306.86
9960da4d6460b4ee84f748f0f0dd30e2acaaf3f3,309.79
9960da4d6460b4ee84f748f0f0dd30e2acaaf3f3,307.03
9960da4d6460b4ee84f748f0f0dd30e2acaaf3f3,311.33
9960da4d6460b4ee84f748f0f0dd30e2acaaf3f3,310.59
9960da4d6460b4ee84f748f0f0dd30e2acaaf3f3,306.44
9960da4d6460b4ee84f748f0f0dd30e2acaaf3f3,306.70
9960da4d6460b4ee84f748f0f0dd30e2acaaf3f3,306.64
9960da4d6460b4ee84f748f0f0dd30e2acaaf3f3,310.60
9960da4d6460b4ee84f748f0f0dd30e2acaaf3f3,311.17
9960da4d6460b4ee84f748f0f0dd30e2acaaf3f3,307.60
c764ef5cf75c3bd572d3b4e1e78257a74f31f838,320.32
c764ef5cf75c3bd572d3b4e1e78257a74f31f838,311.40
c764ef5cf75c3bd572d3b4e1e78257a74f31f838,309.49
c764ef5cf75c3bd572d3b4e1e78257a74f31f838,312.83
c764ef5cf75c3bd572d3b4e1e78257a74f31f838,309.78
c764ef5cf75c3bd572d3b4e1e78257a74f31f838,307.21
c764ef5cf75c3bd572d3b4e1e78257a74f31f838,308.40
c764ef5cf75c3bd572d3b4e1e78257a74f31f838,311.27
c764ef5cf75c3bd572d3b4e1e78257a74f31f838,310.34
c764ef5cf75c3bd572d3b4e1e78257a74f31f838,307.79
c764ef5cf75c3bd572d3b4e1e78257a74f31f838,311.64
c764ef5cf75c3bd572d3b4e1e78257a74f31f838,309.86
c764ef5cf75c3bd572d3b4e1e78257a74f31f838,311.43
c764ef5cf75c3bd572d3b4e1e78257a74f31f838,309.14
89bcdf5dfa1fd1212087b31d86279f6cc550c9e1,310.34
89bcdf5dfa1fd1212087b31d86279f6cc550c9e1,311.01
89bcdf5dfa1fd1212087b31d86279f6cc550c9e1,312.58
89bcdf5dfa1fd1212087b31d86279f6cc550c9e1,309.11
89bcdf5dfa1fd1212087b31d86279f6cc550c9e1,309.77
89bcdf5dfa1fd1212087b31d86279f6cc550c9e1,307.42
89bcdf5dfa1fd1212087b31d86279f6cc550c9e1,308.11
89bcdf5dfa1fd1212087b31d86279f6cc550c9e1,308.23
89bcdf5dfa1fd1212087b31d86279f6cc550c9e1,311.93
89bcdf5dfa1fd1212087b31d86279f6cc550c9e1,310.14
89bcdf5dfa1fd1212087b31d86279f6cc550c9e1,310.40
89bcdf5dfa1fd1212087b31d86279f6cc550c9e1,307.88
a50b4c1496eb131ebf9cbfb03cc8b760806d552e,318.38
a50b4c1496eb131ebf9cbfb03cc8b760806d552e,312.14
a50b4c1496eb131ebf9cbfb03cc8b760806d552e,309.87
a50b4c1496eb131ebf9cbfb03cc8b760806d552e,309.73
a50b4c1496eb131ebf9cbfb03cc8b760806d552e,311.94
a50b4c1496eb131ebf9cbfb03cc8b760806d552e,309.95
a50b4c1496eb131ebf9cbfb03cc8b760806d552e,309.31
a50b4c1496eb131ebf9cbfb03cc8b760806d552e,310.70
a50b4c1496eb131ebf9cbfb03cc8b760806d552e,309.65
a50b4c1496eb131ebf9cbfb03cc8b760806d552e,308.85
a50b4c1496eb131ebf9cbfb03cc8b760806d552e,308.39
a50b4c1496eb131ebf9cbfb03cc8b760806d552e,309.94
a50b4c1496eb131ebf9cbfb03cc8b760806d552e,312.77
4ea709ea78e4456d0353f446fec0b42931a8ebb8,313.94
4ea709ea78e4456d0353f446fec0b42931a8ebb8,309.38
4ea709ea78e4456d0353f446fec0b42931a8ebb8,309.15
4ea709ea78e4456d0353f446fec0b42931a8ebb8,311.46
4ea709ea78e4456d0353f446fec0b42931a8ebb8,310.31
4ea709ea78e4456d0353f446fec0b42931a8ebb8,306.29
4ea709ea78e4456d0353f446fec0b42931a8ebb8,310.55
4ea709ea78e4456d0353f446fec0b42931a8ebb8,310.36
4ea709ea78e4456d0353f446fec0b42931a8ebb8,307.55
4ea709ea78e4456d0353f446fec0b42931a8ebb8,305.82
4ea709ea78e4456d0353f446fec0b42931a8ebb8,308.12
4ea709ea78e4456d0353f446fec0b42931a8ebb8,307.67
4ea709ea78e4456d0353f446fec0b42931a8ebb8,311.07
4ea709ea78e4456d0353f446fec0b42931a8ebb8,309.93
4ea709ea78e4456d0353f446fec0b42931a8ebb8,311.45
4ea709ea78e4456d0353f446fec0b42931a8ebb8,308.59
4ea709ea78e4456d0353f446fec0b42931a8ebb8,307.68
069259647a9f8b3e66ae046a3444ce5bdf1acbf1,320.45
069259647a9f8b3e66ae046a3444ce5bdf1acbf1,311.63
069259647a9f8b3e66ae046a3444ce5bdf1acbf1,312.49
069259647a9f8b3e66ae046a3444ce5bdf1acbf1,308.58
069259647a9f8b3e66ae046a3444ce5bdf1acbf1,310.08
069259647a9f8b3e66ae046a3444ce5bdf1acbf1,308.12
069259647a9f8b3e66ae046a3444ce5bdf1acbf1,309.48
069259647a9f8b3e66ae046a3444ce5bdf1acbf1,312.47
1f3f425058811911fb0470119736a83ef6d76d3e,314.04
1f3f425058811911fb0470119736a83ef6d76d3e,313.07
1f3f425058811911fb0470119736a83ef6d76d3e,311.81
1f3f425058811911fb0470119736a83ef6d76d3e,308.40
1f3f425058811911fb0470119736a83ef6d76d3e,310.81
1f3f425058811911fb0470119736a83ef6d76d3e,306.09
1f3f425058811911fb0470119736a83ef6d76d3e,311.49
1f3f425058811911fb0470119736a83ef6d76d3e,308.15
1f3f425058811911fb0470119736a83ef6d76d3e,307.74
1f3f425058811911fb0470119736a83ef6d76d3e,308.18
1f3f425058811911fb0470119736a83ef6d76d3e,310.04
1f3f425058811911fb0470119736a83ef6d76d3e,311.09
1f3f425058811911fb0470119736a83ef6d76d3e,312.08
b2efecee27a3ddb96553e07b2b5161691a65452a,308.18
b2efecee27a3ddb96553e07b2b5161691a65452a,307.80
b2efecee27a3ddb96553e07b2b5161691a65452a,306.14
b2efecee27a3ddb96553e07b2b5161691a65452a,307.61
b2efecee27a3ddb96553e07b2b5161691a65452a,311.79
b2efecee27a3ddb96553e07b2b5161691a65452a,310.73
b2efecee27a3ddb96553e07b2b5161691a65452a,312.19
b2efecee27a3ddb96553e07b2b5161691a65452a,306.69
b2efecee27a3ddb96553e07b2b5161691a65452a,307.71
b2efecee27a3ddb96553e07b2b5161691a65452a,312.30
f2e82ec78a21caf180e88c68f96025d34aef4b71,310.54
f2e82ec78a21caf180e88c68f96025d34aef4b71,310.18
f2e82ec78a21caf180e88c68f96025d34aef4b71,309.65
f2e82ec78a21caf180e88c68f96025d34aef4b71,311.57
f2e82ec78a21caf180e88c68f96025d34aef4b71,311.77
f2e82ec78a21caf180e88c68f96025d34aef4b71,307.78
f2e82ec78a21caf180e88c68f96025d34aef4b71,309.85
f2e82ec78a21caf180e88c68f96025d34aef4b71,307.91
f2e82ec78a21caf180e88c68f96025d34aef4b71,310.37
8312f3d2ea1869efaddcae0459b79e17b652b366,313.56
8312f3d2ea1869efaddcae0459b79e17b652b366,311.17
8312f3d2ea1869efaddcae0459b79e17b652b366,309.96
8312f3d2ea1869efaddcae0459b79e17b652b366,310.60
8312f3d2ea1869efaddcae0459b79e17b652b366,309.13
8312f3d2ea1869efaddcae0459b79e17b652b366,306.50
8312f3d2ea1869efaddcae0459b79e17b652b366,312.40
8312f3d2ea1869efaddcae0459b79e17b652b366,310.81
8312f3d2ea1869efaddcae0459b79e17b652b366,308.36
8312f3d2ea1869efaddcae0459b79e17b652b366,308.26
288101b658f36501429a1724a1fba87fbeb15933,284.41
288101b658f36501429a1724a1fba87fbeb15933,283.12
288101b658f36501429a1724a1fba87fbeb15933,283.37
288101b658f36501429a1724a1fba87fbeb15933,280.79
288101b658f36501429a1724a1fba87fbeb15933,281.86
288101b658f36501429a1724a1fba87fbeb15933,280.25
288101b658f36501429a1724a1fba87fbeb15933,282.14
288101b658f36501429a1724a1fba87fbeb15933,280.44
288101b658f36501429a1724a1fba87fbeb15933,278.60
288101b658f36501429a1724a1fba87fbeb15933,282.66
02f32e06d873ea5765490b4e6651877f880ffbb9,285.68
02f32e06d873ea5765490b4e6651877f880ffbb9,278.26
02f32e06d873ea5765490b4e6651877f880ffbb9,278.35
02f32e06d873ea5765490b4e6651877f880ffbb9,283.43
02f32e06d873ea5765490b4e6651877f880ffbb9,280.44
02f32e06d873ea5765490b4e6651877f880ffbb9,278.48
02f32e06d873ea5765490b4e6651877f880ffbb9,282.16
02f32e06d873ea5765490b4e6651877f880ffbb9,278.34
7613e578f3033dd802751c05b93c648051f394b6,286.40
7613e578f3033dd802751c05b93c648051f394b6,279.60
7613e578f3033dd802751c05b93c648051f394b6,281.29
7613e578f3033dd802751c05b93c648051f394b6,280.95
7613e578f3033dd802751c05b93c648051f394b6,279.71
7613e578f3033dd802751c05b93c648051f394b6,282.97
7613e578f3033dd802751c05b93c648051f394b6,282.29
7613e578f3033dd802751c05b93c648051f394b6,282.68
34c761e2b69f2cba3217ff51ae57d838389d8604,286.37
34c761e2b69f2cba3217ff51ae57d838389d8604,280.97
34c761e2b69f2cba3217ff51ae57d838389d8604,280.33
34c761e2b69f2cba3217ff51ae57d838389d8604,281.47
34c761e2b69f2cba3217ff51ae57d838389d8604,281.48
34c761e2b69f2cba3217ff51ae57d838389d8604,277.80
34c761e2b69f2cba3217ff51ae57d838389d8604,280.28
34c761e2b69f2cba3217ff51ae57d838389d8604,278.12
34c761e2b69f2cba3217ff51ae57d838389d8604,279.21
34c761e2b69f2cba3217ff51ae57d838389d8604,278.48
34c761e2b69f2cba3217ff51ae57d838389d8604,281.96
34c761e2b69f2cba3217ff51ae57d838389d8604,278.69
34c761e2b69f2cba3217ff51ae57d838389d8604,277.55
5e456a29857bd768e3a2a28d3c88910ee060b67f,283.79
5e456a29857bd768e3a2a28d3c88910ee060b67f,281.82
5e456a29857bd768e3a2a28d3c88910ee060b67f,281.60
5e456a29857bd768e3a2a28d3c88910ee060b67f,283.42
5e456a29857bd768e3a2a28d3c88910ee060b67f,283.11
5e456a29857bd768e3a2a28d3c88910ee060b67f,278.25
5e456a29857bd768e3a2a28d3c88910ee060b67f,280.10
5e456a29857bd768e3a2a28d3c88910ee060b67f,278.64
5e456a29857bd768e3a2a28d3c88910ee060b67f,280.71
1f3183376b152cdb213cbe9a623db09ce6dd9f23,286.15
1f3183376b152cdb213cbe9a623db09ce6dd9f23,281.28
1f3183376b152cdb213cbe9a623db09ce6dd9f23,280.38
1f3183376b152cdb213cbe9a623db09ce6dd9f23,281.07
1f3183376b152cdb213cbe9a623db09ce6dd9f23,278.50
1f3183376b152cdb213cbe9a623db09ce6dd9f23,282.02
1f3183376b152cdb213cbe9a623db09ce6dd9f23,282.25
06d84fa43784e18c1f5838d70e00eb7f3aba59ec,281.38
06d84fa43784e18c1f5838d70e00eb7f3aba59ec,283.02
06d84fa43784e18c1f5838d70e00eb7f3aba59ec,284.27
06d84fa43784e18c1f5838d70e00eb7f3aba59ec,283.40
06d84fa43784e18c1f5838d70e00eb7f3aba59ec,280.14
06d84fa43784e18c1f5838d70e00eb7f3aba59ec,281.05
06d84fa43784e18c1f5838d70e00eb7f3aba59ec,280.31
06d84fa43784e18c1f5838d70e00eb7f3aba59ec,278.37
06d84fa43784e18c1f5838d70e00eb7f3aba59ec,279.72
06d84fa43784e18c1f5838d70e00eb7f3aba59ec,282.41
eb8692b2b45be2b3661bcf224f1ee9ffb2b66c79,281.64
eb8692b2b45be2b3661bcf224f1ee9ffb2b66c79,284.99
eb8692b2b45be2b3661bcf224f1ee9ffb2b66c79,283.58
eb8692b2b45be2b3661bcf224f1ee9ffb2b66c79,278.20
eb8692b2b45be2b3661bcf224f1ee9ffb2b66c79,281.40
eb8692b2b45be2b3661bcf224f1ee9ffb2b66c79,282.08
eb8692b2b45be2b3661bcf224f1ee9ffb2b66c79,282.64
eb8692b2b45be2b3661bcf224f1ee9ffb2b66c79,280.12
eb8692b2b45be2b3661bcf224f1ee9ffb2b66c79,281.85
eb8692b2b45be2b3661bcf224f1ee9ffb2b66c79,277.88
eb8692b2b45be2b3661bcf224f1ee9ffb2b66c79,281.44
eb8692b2b45be2b3661bcf224f1ee9ffb2b66c79,278.73
eb8692b2b45be2b3661bcf224f1ee9ffb2b66c79,278.36
71b281e6ee643299509af5ea83f075f52e029ad3,282.29
71b281e6ee643299509af5ea83f075f52e029ad3,280.09
71b281e6ee643299509af5ea83f075f52e029ad3,281.18
71b281e6ee643299509af5ea83f075f52e029ad3,280.14
71b281e6ee643299509af5ea83f075f52e029ad3,279.19
71b281e6ee643299509af5ea83f075f52e029ad3,279.16
71b281e6ee643299509af5ea83f075f52e029ad3,279.33
71b281e6ee643299509af5ea83f075f52e029ad3,282.94
71b281e6ee643299509af5ea83f075f52e029ad3,279.24
71b281e6ee643299509af5ea83f075f52e029ad3,278.96
71b281e6ee643299509af5ea83f075f52e029ad3,278.15
71b281e6ee643299509af5ea83f075f52e029ad3,279.41
5872e98ee90034f8a0906f0e21fa72a3807e894e,287.75
5872e98ee90034f8a0906f0e21fa72a3807e894e,286.14
5872e98ee90034f8a0906f0e21fa72a3807e894e,281.84
5872e98ee90034f8a0906f0e21fa72a3807e894e,283.21
5872e98ee90034f8a0906f0e21fa72a3807e894e,281.81
5872e98ee90034f8a0906f0e21fa72a3807e894e,282.79
5872e98ee90034f8a0906f0e21fa72a3807e894e,282.74
5872e98ee90034f8a0906f0e21fa72a3807e894e,279.68
5872e98ee90034f8a0906f0e21fa72a3807e894e,279.12
5872e98ee90034f8a0906f0e21fa72a3807e894e,277.37
5872e98ee90034f8a0906f0e21fa72a3807e894e,282.83
5872e98ee90034f8a0906f0e21fa72a3807e894e,279.65
5872e98ee90034f8a0906f0e21fa72a3807e894e,282.92
b3720e31814a1a5578220742adaabfe0b8ae3c27,285.32
b3720e31814a1a5578220742adaabfe0b8ae3c27,283.71
b3720e31814a1a5578220742adaabfe0b8ae3c27,280.58
b3720e31814a1a5578220742adaabfe0b8ae3c27,280.29
b3720e31814a1a5578220742adaabfe0b8ae3c27,283.22
b3720e31814a1a5578220742adaabfe0b8ae3c27,279.39
b3720e31814a1a5578220742adaabfe0b8ae3c27,278.98
b3720e31814a1a5578220742adaabfe0b8ae3c27,280.84
b3720e31814a1a5578220742adaabfe0b8ae3c27,279.08
b3720e31814a1a5578220742adaabfe0b8ae3c27,278.37
49d9c6bc382107d0e3b2ac5e8c0b4c5fecf2287d,282.10
49d9c6bc382107d0e3b2ac5e8c0b4c5fecf2287d,283.51
49d9c6bc382107d0e3b2ac5e8c0b4c5fecf2287d,282.02
49d9c6bc382107d0e3b2ac5e8c0b4c5fecf2287d,279.59
49d9c6bc382107d0e3b2ac5e8c0b4c5fecf2287d,283.94
49d9c6bc382107d0e3b2ac5e8c0b4c5fecf2287d,283.54
49d9c6bc382107d0e3b2ac5e8c0b4c5fecf2287d,279.35
49d9c6bc382107d0e3b2ac5e8c0b4c5fecf2287d,281.65
49d9c6bc382107d0e3b2ac5e8c0b4c5fecf2287d,278.64
49d9c6bc382107d0e3b2ac5e8c0b4c5fecf2287d,278.95
49d9c6bc382107d0e3b2ac5e8c0b4c5fecf2287d,278.08
49d9c6bc382107d0e3b2ac5e8c0b4c5fecf2287d,280.43
49d9c6bc382107d0e3b2ac5e8c0b4c5fecf2287d,282.29
49d9c6bc382107d0e3b2ac5e8c0b4c5fecf2287d,282.23
49d9c6bc382107d0e3b2ac5e8c0b4c5fecf2287d,280.68
816f0c0af844a1f10764a102f0342b08bbaf49b8,283.62
816f0c0af844a1f10764a102f0342b08bbaf49b8,281.95
816f0c0af844a1f10764a102f0342b08bbaf49b8,285.23
816f0c0af844a1f10764a102f0342b08bbaf49b8,283.60
816f0c0af844a1f10764a102f0342b08bbaf49b8,278.45
816f0c0af844a1f10764a102f0342b08bbaf49b8,281.29
816f0c0af844a1f10764a102f0342b08bbaf49b8,282.31
816f0c0af844a1f10764a102f0342b08bbaf49b8,280.22
733444d3573e48c4918ca5626450844249ecba60,280.93
733444d3573e48c4918ca5626450844249ecba60,280.83
733444d3573e48c4918ca5626450844249ecba60,282.69
733444d3573e48c4918ca5626450844249ecba60,283.71
733444d3573e48c4918ca5626450844249ecba60,278.29
733444d3573e48c4918ca5626450844249ecba60,278.14
733444d3573e48c4918ca5626450844249ecba60,281.20
733444d3573e48c4918ca5626450844249ecba60,283.01
733444d3573e48c4918ca5626450844249ecba60,278.33
733444d3573e48c4918ca5626450844249ecba60,278.35
733444d3573e48c4918ca5626450844249ecba60,279.80
733444d3573e48c4918ca5626450844249ecba60,278.11
a3b2f76c7976216642b4cdecda85d813e953d9e3,281.92
a3b2f76c7976216642b4cdecda85d813e953d9e3,285.55
a3b2f76c7976216642b4cdecda85d813e953d9e3,282.00
a3b2f76c7976216642b4cdecda85d813e953d9e3,281.94
a3b2f76c7976216642b4cdecda85d813e953d9e3,280.07
a3b2f76c7976216642b4cdecda85d813e953d9e3,279.83
a3b2f76c7976216642b4cdecda85d813e953d9e3,280.39
a3b2f76c7976216642b4cdecda85d813e953d9e3,282.09
a3b2f76c7976216642b4cdecda85d813e953d9e3,281.95
a3b2f76c7976216642b4cdecda85d813e953d9e3,278.99
a3b2f76c7976216642b4cdecda85d813e953d9e3,280.03
a3b2f76c7976216642b4cdecda85d813e953d9e3,280.31
c6249ac43c533e4aeb7ff3c33a2dc0133213ec0e,282.94
c6249ac43c533e4aeb7ff3c33a2dc0133213ec0e,279.83
c6249ac43c533e4aeb7ff3c33a2dc0133213ec0e,278.75
c6249ac43c533e4aeb7ff3c33a2dc0133213ec0e,279.87
c6249ac43c533e4aeb7ff3c33a2dc0133213ec0e,279.25
c6249ac43c533e4aeb7ff3c33a2dc0133213ec0e,284.32
c6249ac43c533e4aeb7ff3c33a2dc0133213ec0e,278.32
c6249ac43c533e4aeb7ff3c33a2dc0133213ec0e,278.82
c6249ac43c533e4aeb7ff3c33a2dc0133213ec0e,281.24
c6249ac43c533e4aeb7ff3c33a2dc0133213ec0e,281.39
c6249ac43c533e4aeb7ff3c33a2dc0133213ec0e,279.58
c6249ac43c533e4aeb7ff3c33a2dc0133213ec0e,282.01
c6249ac43c533e4aeb7ff3c33a2dc0133213ec0e,279.48
c6249ac43c533e4aeb7ff3c33a2dc0133213ec0e,280.22
c6249ac43c533e4aeb7ff3c33a2dc0133213ec0e,278.77
c6249ac43c533e4aeb7ff3c33a2dc0133213ec0e,283.26
29615e78037eb2bd726dd8ed01bbce135aee3d9f,280.68
29615e78037eb2bd726dd8ed01bbce135aee3d9f,281.89
29615e78037eb2bd726dd8ed01bbce135aee3d9f,281.16
29615e78037eb2bd726dd8ed01bbce135aee3d9f,279.56
29615e78037eb2bd726dd8ed01bbce135aee3d9f,279.30
29615e78037eb2bd726dd8ed01bbce135aee3d9f,279.02
29615e78037eb2bd726dd8ed01bbce135aee3d9f,279.01
29615e78037eb2bd726dd8ed01bbce135aee3d9f,279.38
29615e78037eb2bd726dd8ed01bbce135aee3d9f,283.20
29615e78037eb2bd726dd8ed01bbce135aee3d9f,280.32
29615e78037eb2bd726dd8ed01bbce135aee3d9f,278.15
13aff48081c051bb0190b900d7932ef2834e0626,287.29
13aff48081c051bb0190b900d7932ef2834e0626,284.51
13aff48081c051bb0190b900d7932ef2834e0626,282.84
13aff48081c051bb0190b900d7932ef2834e0626,280.32
13aff48081c051bb0190b900d7932ef2834e0626,283.20
13aff48081c051bb0190b900d7932ef2834e0626,280.89
13aff48081c051bb0190b900d7932ef2834e0626,277.36
13aff48081c051bb0190b900d7932ef2834e0626,278.46
13aff48081c051bb0190b900d7932ef2834e0626,282.57
13aff48081c051bb0190b900d7932ef2834e0626,281.33
13aff48081c051bb0190b900d7932ef2834e0626,281.84
13aff48081c051bb0190b900d7932ef2834e0626,280.09
77b313fc924706ba9c9b0c62b136c5ff573fff2b,285.70
77b313fc924706ba9c9b0c62b136c5ff573fff2b,283.59
77b313fc924706ba9c9b0c62b136c5ff573fff2b,282.10
77b313fc924706ba9c9b0c62b136c5ff573fff2b,280.89
77b313fc924706ba9c9b0c62b136c5ff573fff2b,282.55
77b313fc924706ba9c9b0c62b136c5ff573fff2b,277.83
77b313fc924706ba9c9b0c62b136c5ff573fff2b,281.94
77b313fc924706ba9c9b0c62b136c5ff573fff2b,278.45
77b313fc924706ba9c9b0c62b136c5ff573fff2b,282.10
77b313fc924706ba9c9b0c62b136c5ff573fff2b,276.84
77b313fc924706ba9c9b0c62b136c5ff573fff2b,282.11
77b313fc924706ba9c9b0c62b136c5ff573fff2b,278.16
a6574b5adc7753e73b0266963de678f789e48886,286.82
a6574b5adc7753e73b0266963de678f789e48886,285.39
a6574b5adc7753e73b0266963de678f789e48886,284.29
a6574b5adc7753e73b0266963de678f789e48886,279.70
a6574b5adc7753e73b0266963de678f789e48886,279.72
a6574b5adc7753e73b0266963de678f789e48886,283.94
a6574b5adc7753e73b0266963de678f789e48886,279.76
a6574b5adc7753e73b0266963de678f789e48886,283.80
a6574b5adc7753e73b0266963de678f789e48886,281.32
a6574b5adc7753e73b0266963de678f789e48886,282.18
a6574b5adc7753e73b0266963de678f789e48886,279.98
a6574b5adc7753e73b0266963de678f789e48886,282.60
17b4903e8fb565dbeceef90c4b01a8c548355b47,286.29
17b4903e8fb565dbeceef90c4b01a8c548355b47,279.37
17b4903e8fb565dbeceef90c4b01a8c548355b47,280.32
17b4903e8fb565dbeceef90c4b01a8c548355b47,281.82
17b4903e8fb565dbeceef90c4b01a8c548355b47,279.08
17b4903e8fb565dbeceef90c4b01a8c548355b47,279.14
17b4903e8fb565dbeceef90c4b01a8c548355b47,280.10
17b4903e8fb565dbeceef90c4b01a8c548355b47,278.50
17b4903e8fb565dbeceef90c4b01a8c548355b47,280.03
17b4903e8fb565dbeceef90c4b01a8c548355b47,278.17
17b4903e8fb565dbeceef90c4b01a8c548355b47,279.30
28f6d427b12093512f247db73bc7a744dde0823d,286.71
28f6d427b12093512f247db73bc7a744dde0823d,284.87
28f6d427b12093512f247db73bc7a744dde0823d,283.63
28f6d427b12093512f247db73bc7a744dde0823d,280.06
28f6d427b12093512f247db73bc7a744dde0823d,280.34
28f6d427b12093512f247db73bc7a744dde0823d,279.73
28f6d427b12093512f247db73bc7a744dde0823d,282.66
28f6d427b12093512f247db73bc7a744dde0823d,282.44
28f6d427b12093512f247db73bc7a744dde0823d,278.44
28f6d427b12093512f247db73bc7a744dde0823d,280.11
28f6d427b12093512f247db73bc7a744dde0823d,277.70
28f6d427b12093512f247db73bc7a744dde0823d,281.99
28f6d427b12093512f247db73bc7a744dde0823d,283.40
28f6d427b12093512f247db73bc7a744dde0823d,278.83
28f6d427b12093512f247db73bc7a744dde0823d,279.46
cfbafa8b18d72c2f7b4c002fb3b529d837b049d7,284.84
cfbafa8b18d72c2f7b4c002fb3b529d837b049d7,285.07
cfbafa8b18d72c2f7b4c002fb3b529d837b049d7,283.01
cfbafa8b18d72c2f7b4c002fb3b529d837b049d7,282.64
cfbafa8b18d72c2f7b4c002fb3b529d837b049d7,280.98
cfbafa8b18d72c2f7b4c002fb3b529d837b049d7,284.01
cfbafa8b18d72c2f7b4c002fb3b529d837b049d7,280.47
cfbafa8b18d72c2f7b4c002fb3b529d837b049d7,281.89
cfbafa8b18d72c2f7b4c002fb3b529d837b049d7,282.59
cfbafa8b18d72c2f7b4c002fb3b529d837b049d7,280.74
ec2e6dbb82123b1b3ab6266649f5e3d60104b80f,286.98
ec2e6dbb82123b1b3ab6266649f5e3d60104b80f,282.62
ec2e6dbb82123b1b3ab6266649f5e3d60104b80f,281.72
ec2e6dbb82123b1b3ab6266649f5e3d60104b80f,280.58
ec2e6dbb82123b1b3ab6266649f5e3d60104b80f,277.76
ec2e6dbb82123b1b3ab6266649f5e3d60104b80f,280.04
ec2e6dbb82123b1b3ab6266649f5e3d60104b80f,277.92
ec2e6dbb82123b1b3ab6266649f5e3d60104b80f,280.38
ec2e6dbb82123b1b3ab6266649f5e3d60104b80f,278.95
ec2e6dbb82123b1b3ab6266649f5e3d60104b80f,278.88
ec2e6dbb82123b1b3ab6266649f5e3d60104b80f,278.42
f83e05374d1a9fd3ab6bc6cbc545853842c7ac4d,279.39
f83e05374d1a9fd3ab6bc6cbc545853842c7ac4d,281.96
f83e05374d1a9fd3ab6bc6cbc545853842c7ac4d,280.47
f83e05374d1a9fd3ab6bc6cbc545853842c7ac4d,284.33
f83e05374d1a9fd3ab6bc6cbc545853842c7ac4d,279.25
f83e05374d1a9fd3ab6bc6cbc545853842c7ac4d,278.59
f83e05374d1a9fd3ab6bc6cbc545853842c7ac4d,279.74
f83e05374d1a9fd3ab6bc6cbc545853842c7ac4d,278.29
f83e05374d1a9fd3ab6bc6cbc545853842c7ac4d,278.70
f83e05374d1a9fd3ab6bc6cbc545853842c7ac4d,281.81
f83e05374d1a9fd3ab6bc6cbc545853842c7ac4d,278.16
a14185b011b637874a0510a10a7be0e981642cdc,286.32
a14185b011b637874a0510a10a7be0e981642cdc,282.17
a14185b011b637874a0510a10a7be0e981642cdc,280.60
a14185b011b637874a0510a10a7be0e981642cdc,280.63
a14185b011b637874a0510a10a7be0e981642cdc,280.43
a14185b011b637874a0510a10a7be0e981642cdc,282.72
a14185b011b637874a0510a10a7be0e981642cdc,277.91
a14185b011b637874a0510a10a7be0e981642cdc,278.18
a14185b011b637874a0510a10a7be0e981642cdc,282.02
a14185b011b637874a0510a10a7be0e981642cdc,282.64
a14185b011b637874a0510a10a7be0e981642cdc,278.92
a14185b011b637874a0510a10a7be0e981642cdc,281.12
ab1c8dab39e25048d53b236daab1f51da341b1b1,285.39
ab1c8dab39e25048d53b236daab1f51da341b1b1,282.89
ab1c8dab39e25048d53b236daab1f51da341b1b1,282.62
ab1c8dab39e25048d53b236daab1f51da341b1b1,279.64
ab1c8dab39e25048d53b236daab1f51da341b1b1,281.34
ab1c8dab39e25048d53b236daab1f51da341b1b1,282.48
ab1c8dab39e25048d53b236daab1f51da341b1b1,278.59
ab1c8dab39e25048d53b236daab1f51da341b1b1,279.63
ab1c8dab39e25048d53b236daab1f51da341b1b1,282.32
ab1c8dab39e25048d53b236daab1f51da341b1b1,278.80
ab1c8dab39e25048d53b236daab1f51da341b1b1,279.12
47ad7de92d8e73833df325be6d87786ea4c033dd,284.03
47ad7de92d8e73833df325be6d87786ea4c033dd,279.25
47ad7de92d8e73833df325be6d87786ea4c033dd,278.53
47ad7de92d8e73833df325be6d87786ea4c033dd,282.09
47ad7de92d8e73833df325be6d87786ea4c033dd,279.88
47ad7de92d8e73833df325be6d87786ea4c033dd,280.13
47ad7de92d8e73833df325be6d87786ea4c033dd,282.95
47ad7de92d8e73833df325be6d87786ea4c033dd,280.15
8c4c03e364e72d4527cdc209818bef3886bca91d,283.16
8c4c03e364e72d4527cdc209818bef3886bca91d,283.22
8c4c03e364e72d4527cdc209818bef3886bca91d,282.63
8c4c03e364e72d4527cdc209818bef3886bca91d,283.64
8c4c03e364e72d4527cdc209818bef3886bca91d,280.55
8c4c03e364e72d4527cdc209818bef3886bca91d,280.89
8c4c03e364e72d4527cdc209818bef3886bca91d,281.49
8c4c03e364e72d4527cdc209818bef3886bca91d,279.69
8c4c03e364e72d4527cdc209818bef3886bca91d,278.84
8c4c03e364e72d4527cdc209818bef3886bca91d,277.81
8c4c03e364e72d4527cdc209818bef3886bca91d,282.18
5e90e527452f915714c7bdda88139423142e7a07,280.87
5e90e527452f915714c7bdda88139423142e7a07,278.50
5e90e527452f915714c7bdda88139423142e7a07,278.03
5e90e527452f915714c7bdda88139423142e7a07,279.11
5e90e527452f915714c7bdda88139423142e7a07,281.54
171889848b86031512debbe9d704a816ebfc8d6d,286.57
171889848b86031512debbe9d704a816ebfc8d6d,284.68
171889848b86031512debbe9d704a816ebfc8d6d,281.77
171889848b86031512debbe9d704a816ebfc8d6d,280.38
171889848b86031512debbe9d704a816ebfc8d6d,283.00
171889848b86031512debbe9d704a816ebfc8d6d,280.49
171889848b86031512debbe9d704a816ebfc8d6d,282.40
171889848b86031512debbe9d704a816ebfc8d6d,282.65
171889848b86031512debbe9d704a816ebfc8d6d,279.35
171889848b86031512debbe9d704a816ebfc8d6d,278.36
816c55a20fd5c819a124f07faf43026f1e3151e8,284.23
816c55a20fd5c819a124f07faf43026f1e3151e8,282.68
816c55a20fd5c819a124f07faf43026f1e3151e8,282.36
816c55a20fd5c819a124f07faf43026f1e3151e8,281.38
816c55a20fd5c819a124f07faf43026f1e3151e8,278.04
816c55a20fd5c819a124f07faf43026f1e3151e8,278.20
816c55a20fd5c819a124f07faf43026f1e3151e8,279.91
816c55a20fd5c819a124f07faf43026f1e3151e8,282.70
816c55a20fd5c819a124f07faf43026f1e3151e8,278.33
816c55a20fd5c819a124f07faf43026f1e3151e8,282.06
816c55a20fd5c819a124f07faf43026f1e3151e8,281.84
bf63c2c208a2331bf40db36a75e6ca0d514021b0,283.13
bf63c2c208a2331bf40db36a75e6ca0d514021b0,283.26
bf63c2c208a2331bf40db36a75e6ca0d514021b0,280.51
bf63c2c208a2331bf40db36a75e6ca0d514021b0,280.02
bf63c2c208a2331bf40db36a75e6ca0d514021b0,278.89
bf63c2c208a2331bf40db36a75e6ca0d514021b0,280.37
bf63c2c208a2331bf40db36a75e6ca0d514021b0,282.50
bf63c2c208a2331bf40db36a75e6ca0d514021b0,281.74
bf63c2c208a2331bf40db36a75e6ca0d514021b0,279.32
bf63c2c208a2331bf40db36a75e6ca0d514021b0,278.99
bf63c2c208a2331bf40db36a75e6ca0d514021b0,282.53
bf63c2c208a2331bf40db36a75e6ca0d514021b0,279.97
bf63c2c208a2331bf40db36a75e6ca0d514021b0,282.49
dc21da62e87966e3e561e91f33873ce53806ee5b,281.70
dc21da62e87966e3e561e91f33873ce53806ee5b,283.26
dc21da62e87966e3e561e91f33873ce53806ee5b,280.25
dc21da62e87966e3e561e91f33873ce53806ee5b,281.79
dc21da62e87966e3e561e91f33873ce53806ee5b,282.74
dc21da62e87966e3e561e91f33873ce53806ee5b,282.06
f456f717e419ff1c5faba9ca70f99c4e6bd81a4c,284.85
f456f717e419ff1c5faba9ca70f99c4e6bd81a4c,282.94
f456f717e419ff1c5faba9ca70f99c4e6bd81a4c,283.88
f456f717e419ff1c5faba9ca70f99c4e6bd81a4c,280.65
f456f717e419ff1c5faba9ca70f99c4e6bd81a4c,280.81
f456f717e419ff1c5faba9ca70f99c4e6bd81a4c,280.51
f456f717e419ff1c5faba9ca70f99c4e6bd81a4c,279.25
f456f717e419ff1c5faba9ca70f99c4e6bd81a4c,281.99
f456f717e419ff1c5faba9ca70f99c4e6bd81a4c,277.52
f456f717e419ff1c5faba9ca70f99c4e6bd81a4c,282.75
f456f717e419ff1c5faba9ca70f99c4e6bd81a4c,278.80
a4e39ea5b07cd06eee88bd97dd0707495143897b,291.15
a4e39ea5b07cd06eee88bd97dd0707495143897b,281.12
a4e39ea5b07cd06eee88bd97dd0707495143897b,285.15
a4e39ea5b07cd06eee88bd97dd0707495143897b,281.24
a4e39ea5b07cd06eee88bd97dd0707495143897b,281.04
a4e39ea5b07cd06eee88bd97dd0707495143897b,278.89
a4e39ea5b07cd06eee88bd97dd0707495143897b,280.40
a4e39ea5b07cd06eee88bd97dd0707495143897b,279.19
a4e39ea5b07cd06eee88bd97dd0707495143897b,278.38
a4e39ea5b07cd06eee88bd97dd0707495143897b,278.91
a4e39ea5b07cd06eee88bd97dd0707495143897b,279.06
a4e39ea5b07cd06eee88bd97dd0707495143897b,278.11
a4e39ea5b07cd06eee88bd97dd0707495143897b,281.51
a4e39ea5b07cd06eee88bd97dd0707495143897b,280.54
1ccefb9d1bf00ec114b9047d595fba060713311c,290.22
1ccefb9d1bf00ec114b9047d595fba060713311c,281.32
1ccefb9d1bf00ec114b9047d595fba060713311c,278.92
1ccefb9d1bf00ec114b9047d595fba060713311c,283.06
1ccefb9d1bf00ec114b9047d595fba060713311c,282.07
1ccefb9d1bf00ec114b9047d595fba060713311c,283.16
1ccefb9d1bf00ec114b9047d595fba060713311c,281.45
6a40b78ad8f609609c3780ac6f61cfeabbbd377c,281.74
6a40b78ad8f609609c3780ac6f61cfeabbbd377c,284.48
6a40b78ad8f609609c3780ac6f61cfeabbbd377c,278.76
6a40b78ad8f609609c3780ac6f61cfeabbbd377c,279.06
6a40b78ad8f609609c3780ac6f61cfeabbbd377c,279.67
6a40b78ad8f609609c3780ac6f61cfeabbbd377c,281.59
6a40b78ad8f609609c3780ac6f61cfeabbbd377c,278.13
6a40b78ad8f609609c3780ac6f61cfeabbbd377c,278.81
6a40b78ad8f609609c3780ac6f61cfeabbbd377c,282.67
6a40b78ad8f609609c3780ac6f61cfeabbbd377c,280.93
ce7ec2c90500b0a9f8c84224708937e9a531ecb2,286.69
ce7ec2c90500b0a9f8c84224708937e9a531ecb2,286.97
ce7ec2c90500b0a9f8c84224708937e9a531ecb2,282.11
ce7ec2c90500b0a9f8c84224708937e9a531ecb2,281.19
ce7ec2c90500b0a9f8c84224708937e9a531ecb2,280.28
ce7ec2c90500b0a9f8c84224708937e9a531ecb2,281.13
ce7ec2c90500b0a9f8c84224708937e9a531ecb2,283.24
ce7ec2c90500b0a9f8c84224708937e9a531ecb2,280.37
ce7ec2c90500b0a9f8c84224708937e9a531ecb2,283.36
ce7ec2c90500b0a9f8c84224708937e9a531ecb2,277.24
ce7ec2c90500b0a9f8c84224708937e9a531ecb2,277.97
ce7ec2c90500b0a9f8c84224708937e9a531ecb2,278.51
ce7ec2c90500b0a9f8c84224708937e9a531ecb2,278.25
2aed0b7f5bda1a169add5aa5c8e766a232fd22bb,279.87
2aed0b7f5bda1a169add5aa5c8e766a232fd22bb,281.05
2aed0b7f5bda1a169add5aa5c8e766a232fd22bb,277.84
2aed0b7f5bda1a169add5aa5c8e766a232fd22bb,278.34
2aed0b7f5bda1a169add5aa5c8e766a232fd22bb,281.18
2aed0b7f5bda1a169add5aa5c8e766a232fd22bb,279.36
2aed0b7f5bda1a169add5aa5c8e766a232fd22bb,282.79
2aed0b7f5bda1a169add5aa5c8e766a232fd22bb,282.91
2aed0b7f5bda1a169add5aa5c8e766a232fd22bb,280.84
2aed0b7f5bda1a169add5aa5c8e766a232fd22bb,277.69
2aed0b7f5bda1a169add5aa5c8e766a232fd22bb,278.86
2aed0b7f5bda1a169add5aa5c8e766a232fd22bb,283.20
2aed0b7f5bda1a169add5aa5c8e766a232fd22bb,279.44
8dfad3042f1dec3f9fec0c45ae01374b99484718,282.31
8dfad3042f1dec3f9fec0c45ae01374b99484718,279.85
8dfad3042f1dec3f9fec0c45ae01374b99484718,280.43
8dfad3042f1dec3f9fec0c45ae01374b99484718,280.54
8dfad3042f1dec3f9fec0c45ae01374b99484718,279.85
8dfad3042f1dec3f9fec0c45ae01374b99484718,282.01
8dfad3042f1dec3f9fec0c45ae01374b99484718,279.26
8dfad3042f1dec3f9fec0c45ae01374b99484718,277.78
8dfad3042f1dec3f9fec0c45ae01374b99484718,279.22
8dfad3042f1dec3f9fec0c45ae01374b99484718,282.40
8dfad3042f1dec3f9fec0c45ae01374b99484718,283.07
8dfad3042f1dec3f9fec0c45ae01374b99484718,281.36
8dfad3042f1dec3f9fec0c45ae01374b99484718,278.96
8dfad3042f1dec3f9fec0c45ae01374b99484718,278.36
8dfad3042f1dec3f9fec0c45ae01374b99484718,282.89
8dfad3042f1dec3f9fec0c45ae01374b99484718,279.82
0f6e80e0777aa8c3c10027913c6af0b2b5b2109a,284.13
0f6e80e0777aa8c3c10027913c6af0b2b5b2109a,283.21
0f6e80e0777aa8c3c10027913c6af0b2b5b2109a,283.34
0f6e80e0777aa8c3c10027913c6af0b2b5b2109a,280.70
0f6e80e0777aa8c3c10027913c6af0b2b5b2109a,279.80
0f6e80e0777aa8c3c10027913c6af0b2b5b2109a,280.19
0f6e80e0777aa8c3c10027913c6af0b2b5b2109a,281.30
0f6e80e0777aa8c3c10027913c6af0b2b5b2109a,279.99
0f6e80e0777aa8c3c10027913c6af0b2b5b2109a,281.27
0f6e80e0777aa8c3c10027913c6af0b2b5b2109a,280.51
0f6e80e0777aa8c3c10027913c6af0b2b5b2109a,279.06
0f6e80e0777aa8c3c10027913c6af0b2b5b2109a,281.30
0f6e80e0777aa8c3c10027913c6af0b2b5b2109a,283.03
8c69eb0419adf8cf6496a7e11ffcf6265cebcbe2,286.19
8c69eb0419adf8cf6496a7e11ffcf6265cebcbe2,280.44
8c69eb0419adf8cf6496a7e11ffcf6265cebcbe2,283.69
8c69eb0419adf8cf6496a7e11ffcf6265cebcbe2,282.82
8c69eb0419adf8cf6496a7e11ffcf6265cebcbe2,281.13
8c69eb0419adf8cf6496a7e11ffcf6265cebcbe2,279.71
8c69eb0419adf8cf6496a7e11ffcf6265cebcbe2,282.61
8c69eb0419adf8cf6496a7e11ffcf6265cebcbe2,280.67
8c69eb0419adf8cf6496a7e11ffcf6265cebcbe2,277.82
8c69eb0419adf8cf6496a7e11ffcf6265cebcbe2,278.33
8c69eb0419adf8cf6496a7e11ffcf6265cebcbe2,280.87
84e3baef7175ff12dd372846020e57e110631fcc,285.07
84e3baef7175ff12dd372846020e57e110631fcc,283.42
84e3baef7175ff12dd372846020e57e110631fcc,284.37
84e3baef7175ff12dd372846020e57e110631fcc,278.31
4183385e6b459614f8daca863c65cb559c0f0c7c,288.55
4183385e6b459614f8daca863c65cb559c0f0c7c,286.34
4183385e6b459614f8daca863c65cb559c0f0c7c,284.92
4183385e6b459614f8daca863c65cb559c0f0c7c,282.35
4183385e6b459614f8daca863c65cb559c0f0c7c,282.83
4183385e6b459614f8daca863c65cb559c0f0c7c,279.69
4183385e6b459614f8daca863c65cb559c0f0c7c,282.27
4183385e6b459614f8daca863c65cb559c0f0c7c,283.98
4183385e6b459614f8daca863c65cb559c0f0c7c,281.26
4183385e6b459614f8daca863c65cb559c0f0c7c,281.56
4183385e6b459614f8daca863c65cb559c0f0c7c,281.99
bfd5563e26d29a36184b17782773e16004100cec,286.89
bfd5563e26d29a36184b17782773e16004100cec,288.86
bfd5563e26d29a36184b17782773e16004100cec,285.38
bfd5563e26d29a36184b17782773e16004100cec,285.24
bfd5563e26d29a36184b17782773e16004100cec,284.57
bfd5563e26d29a36184b17782773e16004100cec,284.09
bfd5563e26d29a36184b17782773e16004100cec,281.66
bfd5563e26d29a36184b17782773e16004100cec,283.05
bfd5563e26d29a36184b17782773e16004100cec,278.31
bfd5563e26d29a36184b17782773e16004100cec,282.97
bfd5563e26d29a36184b17782773e16004100cec,277.94
bfd5563e26d29a36184b17782773e16004100cec,282.59
bfd5563e26d29a36184b17782773e16004100cec,281.92
4b6354617f00aafc4b8b270e300ce93a641d1354,287.03
4b6354617f00aafc4b8b270e300ce93a641d1354,280.05
4b6354617f00aafc4b8b270e300ce93a641d1354,279.26
4b6354617f00aafc4b8b270e300ce93a641d1354,282.97
4b6354617f00aafc4b8b270e300ce93a641d1354,278.53
4b6354617f00aafc4b8b270e300ce93a641d1354,279.24
4b6354617f00aafc4b8b270e300ce93a641d1354,280.06
4b6354617f00aafc4b8b270e300ce93a641d1354,278.62
9c7428d3225361a55c527e7fcc4b3d1d990dd738,279.40
9c7428d3225361a55c527e7fcc4b3d1d990dd738,277.73
9c7428d3225361a55c527e7fcc4b3d1d990dd738,280.73
54c1cdfa5e51ecfb41467ede445ecf7e0a8f380f,280.18
54c1cdfa5e51ecfb41467ede445ecf7e0a8f380f,280.91
54c1cdfa5e51ecfb41467ede445ecf7e0a8f380f,282.72
54c1cdfa5e51ecfb41467ede445ecf7e0a8f380f,280.82
54c1cdfa5e51ecfb41467ede445ecf7e0a8f380f,282.64
54c1cdfa5e51ecfb41467ede445ecf7e0a8f380f,277.76
54c1cdfa5e51ecfb41467ede445ecf7e0a8f380f,280.99
54c1cdfa5e51ecfb41467ede445ecf7e0a8f380f,280.33
54c1cdfa5e51ecfb41467ede445ecf7e0a8f380f,279.37
254c98719c16ed52df2749f3cc508771b9054d51,284.43
254c98719c16ed52df2749f3cc508771b9054d51,281.59
254c98719c16ed52df2749f3cc508771b9054d51,279.30
254c98719c16ed52df2749f3cc508771b9054d51,281.06
254c98719c16ed52df2749f3cc508771b9054d51,282.71
254c98719c16ed52df2749f3cc508771b9054d51,283.40
254c98719c16ed52df2749f3cc508771b9054d51,279.77
254c98719c16ed52df2749f3cc508771b9054d51,278.80
254c98719c16ed52df2749f3cc508771b9054d51,279.39
254c98719c16ed52df2749f3cc508771b9054d51,280.18
254c98719c16ed52df2749f3cc508771b9054d51,281.40
254c98719c16ed52df2749f3cc508771b9054d51,278.48
254c98719c16ed52df2749f3cc508771b9054d51,278.65
254c98719c16ed52df2749f3cc508771b9054d51,281.43
b83018c1fe8bcc60d5bb76764397d9b2c3c9b20f,281.28
b83018c1fe8bcc60d5bb76764397d9b2c3c9b20f,282.32
b83018c1fe8bcc60d5bb76764397d9b2c3c9b20f,280.94
b83018c1fe8bcc60d5bb76764397d9b2c3c9b20f,282.47
b83018c1fe8bcc60d5bb76764397d9b2c3c9b20f,280.07
b83018c1fe8bcc60d5bb76764397d9b2c3c9b20f,278.29
b83018c1fe8bcc60d5bb76764397d9b2c3c9b20f,277.92
b83018c1fe8bcc60d5bb76764397d9b2c3c9b20f,279.86
b83018c1fe8bcc60d5bb76764397d9b2c3c9b20f,280.57
b83018c1fe8bcc60d5bb76764397d9b2c3c9b20f,282.09
b84569be194af228c47ffa3857eb38c5faa4e4d2,283.76
b84569be194af228c47ffa3857eb38c5faa4e4d2,283.98
b84569be194af228c47ffa3857eb38c5faa4e4d2,280.88
b84569be194af228c47ffa3857eb38c5faa4e4d2,281.37
b84569be194af228c47ffa3857eb38c5faa4e4d2,281.46
b84569be194af228c47ffa3857eb38c5faa4e4d2,279.50
b84569be194af228c47ffa3857eb38c5faa4e4d2,282.17
b84569be194af228c47ffa3857eb38c5faa4e4d2,279.25
b84569be194af228c47ffa3857eb38c5faa4e4d2,279.13
b84569be194af228c47ffa3857eb38c5faa4e4d2,279.66
b84569be194af228c47ffa3857eb38c5faa4e4d2,278.11
e16dc35875844725e7bacffb2cf81aec1d378a2f,282.01
e16dc35875844725e7bacffb2cf81aec1d378a2f,284.81
e16dc35875844725e7bacffb2cf81aec1d378a2f,282.69
e16dc35875844725e7bacffb2cf81aec1d378a2f,279.18
e16dc35875844725e7bacffb2cf81aec1d378a2f,280.26
e16dc35875844725e7bacffb2cf81aec1d378a2f,280.18
e16dc35875844725e7bacffb2cf81aec1d378a2f,282.26
e16dc35875844725e7bacffb2cf81aec1d378a2f,280.81
e16dc35875844725e7bacffb2cf81aec1d378a2f,278.69
e16dc35875844725e7bacffb2cf81aec1d378a2f,281.89
e16dc35875844725e7bacffb2cf81aec1d378a2f,280.10
f4ff1cbe3ee8885c53909e61f02793a26108b845,280.22
f4ff1cbe3ee8885c53909e61f02793a26108b845,283.30
f4ff1cbe3ee8885c53909e61f02793a26108b845,284.05
f4ff1cbe3ee8885c53909e61f02793a26108b845,278.64
f4ff1cbe3ee8885c53909e61f02793a26108b845,279.39
f4ff1cbe3ee8885c53909e61f02793a26108b845,277.17
f4ff1cbe3ee8885c53909e61f02793a26108b845,279.36
f4ff1cbe3ee8885c53909e61f02793a26108b845,277.95
f4ff1cbe3ee8885c53909e61f02793a26108b845,278.70
f4ff1cbe3ee8885c53909e61f02793a26108b845,283.24
f4ff1cbe3ee8885c53909e61f02793a26108b845,279.37
f4ff1cbe3ee8885c53909e61f02793a26108b845,281.25
875cab8817ec1b0baf0a5e68a79fa46f6f58720d,284.01
875cab8817ec1b0baf0a5e68a79fa46f6f58720d,285.33
875cab8817ec1b0baf0a5e68a79fa46f6f58720d,281.95
875cab8817ec1b0baf0a5e68a79fa46f6f58720d,282.79
875cab8817ec1b0baf0a5e68a79fa46f6f58720d,280.46
875cab8817ec1b0baf0a5e68a79fa46f6f58720d,280.35
875cab8817ec1b0baf0a5e68a79fa46f6f58720d,278.65
875cab8817ec1b0baf0a5e68a79fa46f6f58720d,280.43
875cab8817ec1b0baf0a5e68a79fa46f6f58720d,283.22
875cab8817ec1b0baf0a5e68a79fa46f6f58720d,280.34
601bf678a21836397da1a994729387b31aeb4a76,283.03
601bf678a21836397da1a994729387b31aeb4a76,282.77
601bf678a21836397da1a994729387b31aeb4a76,281.81
601bf678a21836397da1a994729387b31aeb4a76,283.08
601bf678a21836397da1a994729387b31aeb4a76,280.47
601bf678a21836397da1a994729387b31aeb4a76,283.31
601bf678a21836397da1a994729387b31aeb4a76,278.12
601bf678a21836397da1a994729387b31aeb4a76,278.90
601bf678a21836397da1a994729387b31aeb4a76,278.61
601bf678a21836397da1a994729387b31aeb4a76,278.15
601bf678a21836397da1a994729387b31aeb4a76,283.76
601bf678a21836397da1a994729387b31aeb4a76,277.95
601bf678a21836397da1a994729387b31aeb4a76,278.49
dd4b30f49644848fcf4ed8d868d003545cd42401,283.46
dd4b30f49644848fcf4ed8d868d003545cd42401,282.99
dd4b30f49644848fcf4ed8d868d003545cd42401,284.10
dd4b30f49644848fcf4ed8d868d003545cd42401,284.42
dd4b30f49644848fcf4ed8d868d003545cd42401,279.93
dd4b30f49644848fcf4ed8d868d003545cd42401,283.23
dd4b30f49644848fcf4ed8d868d003545cd42401,281.06
dd4b30f49644848fcf4ed8d868d003545cd42401,282.63
dd4b30f49644848fcf4ed8d868d003545cd42401,283.08
a3ba8314134388b0b2060f66e7b1536aa0ff55ce,283.36
a3ba8314134388b0b2060f66e7b1536aa0ff55ce,282.08
a3ba8314134388b0b2060f66e7b1536aa0ff55ce,285.89
a3ba8314134388b0b2060f66e7b1536aa0ff55ce,283.95
a3ba8314134388b0b2060f66e7b1536aa0ff55ce,280.92
a3ba8314134388b0b2060f66e7b1536aa0ff55ce,278.68
a3ba8314134388b0b2060f66e7b1536aa0ff55ce,278.11
a3ba8314134388b0b2060f66e7b1536aa0ff55ce,278.00
a3ba8314134388b0b2060f66e7b1536aa0ff55ce,279.77
a3ba8314134388b0b2060f66e7b1536aa0ff55ce,279.95
a3ba8314134388b0b2060f66e7b1536aa0ff55ce,281.27
a3ba8314134388b0b2060f66e7b1536aa0ff55ce,279.10
a3ba8314134388b0b2060f66e7b1536aa0ff55ce,279.64
36d0aca8635ce25db6944d084649b616c1b9c2f3,280.31
36d0aca8635ce25db6944d084649b616c1b9c2f3,283.13
36d0aca8635ce25db6944d084649b616c1b9c2f3,279.98
36d0aca8635ce25db6944d084649b616c1b9c2f3,281.22
36d0aca8635ce25db6944d084649b616c1b9c2f3,278.89
36d0aca8635ce25db6944d084649b616c1b9c2f3,278.77
36d0aca8635ce25db6944d084649b616c1b9c2f3,281.98
36d0aca8635ce25db6944d084649b616c1b9c2f3,279.61
36d0aca8635ce25db6944d084649b616c1b9c2f3,282.04
36d0aca8635ce25db6944d084649b616c1b9c2f3,278.14
36d0aca8635ce25db6944d084649b616c1b9c2f3,279.89
77ce5d13bc763dba59c396989ad8b06145dcfc98,280.74
77ce5d13bc763dba59c396989ad8b06145dcfc98,279.77
77ce5d13bc763dba59c396989ad8b06145dcfc98,279.49
77ce5d13bc763dba59c396989ad8b06145dcfc98,282.88
77ce5d13bc763dba59c396989ad8b06145dcfc98,282.63
77ce5d13bc763dba59c396989ad8b06145dcfc98,279.24
77ce5d13bc763dba59c396989ad8b06145dcfc98,279.41
77ce5d13bc763dba59c396989ad8b06145dcfc98,279.46
77ce5d13bc763dba59c396989ad8b06145dcfc98,277.47
0fb747413d2ee558ce4bdf40fe124501d74f7823,282.13
0fb747413d2ee558ce4bdf40fe124501d74f7823,278.76
0fb747413d2ee558ce4bdf40fe124501d74f7823,280.75
0fb747413d2ee558ce4bdf40fe124501d74f7823,277.95
0fb747413d2ee558ce4bdf40fe124501d74f7823,283.12
0fb747413d2ee558ce4bdf40fe124501d74f7823,282.09
0fb747413d2ee558ce4bdf40fe124501d74f7823,283.06
0fb747413d2ee558ce4bdf40fe124501d74f7823,281.45
0fb747413d2ee558ce4bdf40fe124501d74f7823,282.44
0fb747413d2ee558ce4bdf40fe124501d74f7823,281.55
0fb747413d2ee558ce4bdf40fe124501d74f7823,282.61
0fb747413d2ee558ce4bdf40fe124501d74f7823,282.78
0fb747413d2ee558ce4bdf40fe124501d74f7823,280.66
c89c9af7bf2c1dd63c588890864b1c06c2c78007,281.09
c89c9af7bf2c1dd63c588890864b1c06c2c78007,282.30
c89c9af7bf2c1dd63c588890864b1c06c2c78007,279.06
c89c9af7bf2c1dd63c588890864b1c06c2c78007,278.01
c89c9af7bf2c1dd63c588890864b1c06c2c78007,280.16
c89c9af7bf2c1dd63c588890864b1c06c2c78007,280.17
c89c9af7bf2c1dd63c588890864b1c06c2c78007,280.50
a4d4d3237d384eeb29d5c1fa9c82bae10aaf8380,279.30
a4d4d3237d384eeb29d5c1fa9c82bae10aaf8380,280.50
a4d4d3237d384eeb29d5c1fa9c82bae10aaf8380,277.60
a4d4d3237d384eeb29d5c1fa9c82bae10aaf8380,282.03
a4d4d3237d384eeb29d5c1fa9c82bae10aaf8380,282.76
a4d4d3237d384eeb29d5c1fa9c82bae10aaf8380,278.77
a4d4d3237d384eeb29d5c1fa9c82bae10aaf8380,282.05
a4d4d3237d384eeb29d5c1fa9c82bae10aaf8380,278.59
a4d4d3237d384eeb29d5c1fa9c82bae10aaf8380,281.36
a4d4d3237d384eeb29d5c1fa9c82bae10aaf8380,280.82
88b9d1b61b14e02bd2b3489073bd12b1930b1858,290.99
88b9d1b61b14e02bd2b3489073bd12b1930b1858,281.67
88b9d1b61b14e02bd2b3489073bd12b1930b1858,281.29
88b9d1b61b14e02bd2b3489073bd12b1930b1858,280.62
88b9d1b61b14e02bd2b3489073bd12b1930b1858,283.30
88b9d1b61b14e02bd2b3489073bd12b1930b1858,283.78
88b9d1b61b14e02bd2b3489073bd12b1930b1858,283.54
88b9d1b61b14e02bd2b3489073bd12b1930b1858,279.85
88b9d1b61b14e02bd2b3489073bd12b1930b1858,279.66
88b9d1b61b14e02bd2b3489073bd12b1930b1858,278.74
5735e0871e336b412b446680eea803caf9f68bc1,291.49
5735e0871e336b412b446680eea803caf9f68bc1,286.80
5735e0871e336b412b446680eea803caf9f68bc1,280.82
5735e0871e336b412b446680eea803caf9f68bc1,282.01
5735e0871e336b412b446680eea803caf9f68bc1,284.69
5735e0871e336b412b446680eea803caf9f68bc1,279.37
5735e0871e336b412b446680eea803caf9f68bc1,277.88
5735e0871e336b412b446680eea803caf9f68bc1,277.78
5735e0871e336b412b446680eea803caf9f68bc1,278.46
5735e0871e336b412b446680eea803caf9f68bc1,281.71
5735e0871e336b412b446680eea803caf9f68bc1,281.09
46900d67c509cb58b93d36df4065ee56e1c95f41,285.18
46900d67c509cb58b93d36df4065ee56e1c95f41,285.00
46900d67c509cb58b93d36df4065ee56e1c95f41,283.42
46900d67c509cb58b93d36df4065ee56e1c95f41,278.44
46900d67c509cb58b93d36df4065ee56e1c95f41,280.26
46900d67c509cb58b93d36df4065ee56e1c95f41,284.37
46900d67c509cb58b93d36df4065ee56e1c95f41,281.43
38ac1ffd874536e164db212d41a9c6067e52645f,288.87
38ac1ffd874536e164db212d41a9c6067e52645f,279.43
38ac1ffd874536e164db212d41a9c6067e52645f,284.49
38ac1ffd874536e164db212d41a9c6067e52645f,279.19
38ac1ffd874536e164db212d41a9c6067e52645f,283.88
38ac1ffd874536e164db212d41a9c6067e52645f,279.06
38ac1ffd874536e164db212d41a9c6067e52645f,279.02
38ac1ffd874536e164db212d41a9c6067e52645f,279.13
38ac1ffd874536e164db212d41a9c6067e52645f,279.24
38ac1ffd874536e164db212d41a9c6067e52645f,279.85
38ac1ffd874536e164db212d41a9c6067e52645f,283.22
38ac1ffd874536e164db212d41a9c6067e52645f,279.06
a38e6a79def6adcad5e40d30ba89ff42271a9493,286.23
a38e6a79def6adcad5e40d30ba89ff42271a9493,286.80
a38e6a79def6adcad5e40d30ba89ff42271a9493,282.45
a38e6a79def6adcad5e40d30ba89ff42271a9493,278.51
a38e6a79def6adcad5e40d30ba89ff42271a9493,279.87
a38e6a79def6adcad5e40d30ba89ff42271a9493,282.43
a38e6a79def6adcad5e40d30ba89ff42271a9493,283.10
a38e6a79def6adcad5e40d30ba89ff42271a9493,280.06
a38e6a79def6adcad5e40d30ba89ff42271a9493,279.48
a38e6a79def6adcad5e40d30ba89ff42271a9493,281.09
a38e6a79def6adcad5e40d30ba89ff42271a9493,284.04
a38e6a79def6adcad5e40d30ba89ff42271a9493,280.62
a38e6a79def6adcad5e40d30ba89ff42271a9493,279.56
a38e6a79def6adcad5e40d30ba89ff42271a9493,282.76
a38e6a79def6adcad5e40d30ba89ff42271a9493,282.79
1583b29a8a8b20f90311f3c0036aa5bc302890b7,283.24
1583b29a8a8b20f90311f3c0036aa5bc302890b7,282.03
1583b29a8a8b20f90311f3c0036aa5bc302890b7,281.25
1583b29a8a8b20f90311f3c0036aa5bc302890b7,281.05
1583b29a8a8b20f90311f3c0036aa5bc302890b7,279.80
1583b29a8a8b20f90311f3c0036aa5bc302890b7,283.03
1583b29a8a8b20f90311f3c0036aa5bc302890b7,278.48
1583b29a8a8b20f90311f3c0036aa5bc302890b7,279.34
1583b29a8a8b20f90311f3c0036aa5bc302890b7,279.03
1583b29a8a8b20f90311f3c0036aa5bc302890b7,283.87
1583b29a8a8b20f90311f3c0036aa5bc302890b7,282.83
162cbbf2812b36f366f9564ab91ab0ece2acd3e7,281.62
162cbbf2812b36f366f9564ab91ab0ece2acd3e7,285.13
162cbbf2812b36f366f9564ab91ab0ece2acd3e7,281.89
162cbbf2812b36f366f9564ab91ab0ece2acd3e7,278.74
162cbbf2812b36f366f9564ab91ab0ece2acd3e7,280.83
162cbbf2812b36f366f9564ab91ab0ece2acd3e7,279.53
162cbbf2812b36f366f9564ab91ab0ece2acd3e7,279.67
162cbbf2812b36f366f9564ab91ab0ece2acd3e7,281.40
162cbbf2812b36f366f9564ab91ab0ece2acd3e7,280.31
162cbbf2812b36f366f9564ab91ab0ece2acd3e7,280.64
162cbbf2812b36f366f9564ab91ab0ece2acd3e7,280.65
162cbbf2812b36f366f9564ab91ab0ece2acd3e7,280.75
5f53ddb35ae7076a561947f1d820e7c4ed61b09e,279.66
5f53ddb35ae7076a561947f1d820e7c4ed61b09e,278.68
5f53ddb35ae7076a561947f1d820e7c4ed61b09e,279.74
5f53ddb35ae7076a561947f1d820e7c4ed61b09e,279.79
5f53ddb35ae7076a561947f1d820e7c4ed61b09e,282.00
5f53ddb35ae7076a561947f1d820e7c4ed61b09e,279.31
5f53ddb35ae7076a561947f1d820e7c4ed61b09e,282.29
5f53ddb35ae7076a561947f1d820e7c4ed61b09e,280.63
5f53ddb35ae7076a561947f1d820e7c4ed61b09e,280.62
5f53ddb35ae7076a561947f1d820e7c4ed61b09e,283.34
5f53ddb35ae7076a561947f1d820e7c4ed61b09e,282.19
adcd9e8d3de531b027f9e3cf58f22e2b7c673c31,287.77
adcd9e8d3de531b027f9e3cf58f22e2b7c673c31,294.92
adcd9e8d3de531b027f9e3cf58f22e2b7c673c31,280.22
adcd9e8d3de531b027f9e3cf58f22e2b7c673c31,281.71
adcd9e8d3de531b027f9e3cf58f22e2b7c673c31,282.70
adcd9e8d3de531b027f9e3cf58f22e2b7c673c31,281.67
adcd9e8d3de531b027f9e3cf58f22e2b7c673c31,281.15
adcd9e8d3de531b027f9e3cf58f22e2b7c673c31,280.61
adcd9e8d3de531b027f9e3cf58f22e2b7c673c31,281.29
adcd9e8d3de531b027f9e3cf58f22e2b7c673c31,281.06
29d463b5e47f497406c04a4049a12e3d31597855,287.30
29d463b5e47f497406c04a4049a12e3d31597855,288.30
29d463b5e47f497406c04a4049a12e3d31597855,284.77
29d463b5e47f497406c04a4049a12e3d31597855,285.62
29d463b5e47f497406c04a4049a12e3d31597855,282.27
29d463b5e47f497406c04a4049a12e3d31597855,283.78
29d463b5e47f497406c04a4049a12e3d31597855,281.52
29d463b5e47f497406c04a4049a12e3d31597855,281.06
29d463b5e47f497406c04a4049a12e3d31597855,282.61
29d463b5e47f497406c04a4049a12e3d31597855,283.79
ec75e113b246b04086d0bbaa4ca206bef7cb7271,285.74
ec75e113b246b04086d0bbaa4ca206bef7cb7271,286.67
ec75e113b246b04086d0bbaa4ca206bef7cb7271,281.67
ec75e113b246b04086d0bbaa4ca206bef7cb7271,284.83
ec75e113b246b04086d0bbaa4ca206bef7cb7271,282.37
ec75e113b246b04086d0bbaa4ca206bef7cb7271,283.21
ec75e113b246b04086d0bbaa4ca206bef7cb7271,283.93
ec75e113b246b04086d0bbaa4ca206bef7cb7271,282.03
ec75e113b246b04086d0bbaa4ca206bef7cb7271,279.40
ec75e113b246b04086d0bbaa4ca206bef7cb7271,282.04
ec75e113b246b04086d0bbaa4ca206bef7cb7271,283.99
ec75e113b246b04086d0bbaa4ca206bef7cb7271,279.87
9f9ef3bbb96c52bf9a8b3d1bb6f99ef5384665a8,293.78
9f9ef3bbb96c52bf9a8b3d1bb6f99ef5384665a8,281.55
9f9ef3bbb96c52bf9a8b3d1bb6f99ef5384665a8,283.77
9f9ef3bbb96c52bf9a8b3d1bb6f99ef5384665a8,282.11
9f9ef3bbb96c52bf9a8b3d1bb6f99ef5384665a8,283.68
9f9ef3bbb96c52bf9a8b3d1bb6f99ef5384665a8,282.70
9f9ef3bbb96c52bf9a8b3d1bb6f99ef5384665a8,278.98
9f9ef3bbb96c52bf9a8b3d1bb6f99ef5384665a8,277.93
9f9ef3bbb96c52bf9a8b3d1bb6f99ef5384665a8,278.77
9f9ef3bbb96c52bf9a8b3d1bb6f99ef5384665a8,283.43
cc2582dbd04f0a23ee2032f9378a1fdd5577f429,285.69
cc2582dbd04f0a23ee2032f9378a1fdd5577f429,287.74
cc2582dbd04f0a23ee2032f9378a1fdd5577f429,285.47
cc2582dbd04f0a23ee2032f9378a1fdd5577f429,279.79
cc2582dbd04f0a23ee2032f9378a1fdd5577f429,281.73
cc2582dbd04f0a23ee2032f9378a1fdd5577f429,281.26
cc2582dbd04f0a23ee2032f9378a1fdd5577f429,278.95
cc2582dbd04f0a23ee2032f9378a1fdd5577f429,280.20
cc2582dbd04f0a23ee2032f9378a1fdd5577f429,279.72
cc2582dbd04f0a23ee2032f9378a1fdd5577f429,282.08
cc2582dbd04f0a23ee2032f9378a1fdd5577f429,282.56
cc2582dbd04f0a23ee2032f9378a1fdd5577f429,279.42
c52c1f5d737709780f4407765f521a1e412b2174,288.03
c52c1f5d737709780f4407765f521a1e412b2174,284.09
c52c1f5d737709780f4407765f521a1e412b2174,283.85
c52c1f5d737709780f4407765f521a1e412b2174,280.95
c52c1f5d737709780f4407765f521a1e412b2174,281.96
c52c1f5d737709780f4407765f521a1e412b2174,280.60
c52c1f5d737709780f4407765f521a1e412b2174,283.57
c52c1f5d737709780f4407765f521a1e412b2174,284.50
c52c1f5d737709780f4407765f521a1e412b2174,280.01
c52c1f5d737709780f4407765f521a1e412b2174,281.59
f261dfe27b499b9ccb5c7c0137893f1b18feb937,283.33
f261dfe27b499b9ccb5c7c0137893f1b18feb937,285.17
f261dfe27b499b9ccb5c7c0137893f1b18feb937,283.22
f261dfe27b499b9ccb5c7c0137893f1b18feb937,279.44
f261dfe27b499b9ccb5c7c0137893f1b18feb937,281.87
f261dfe27b499b9ccb5c7c0137893f1b18feb937,282.47
f261dfe27b499b9ccb5c7c0137893f1b18feb937,283.38
f261dfe27b499b9ccb5c7c0137893f1b18feb937,281.07
f261dfe27b499b9ccb5c7c0137893f1b18feb937,279.54
52a4f4fdec206ee141adef645da78995f19d52c6,281.58
52a4f4fdec206ee141adef645da78995f19d52c6,279.65
52a4f4fdec206ee141adef645da78995f19d52c6,280.60
52a4f4fdec206ee141adef645da78995f19d52c6,281.17
52a4f4fdec206ee141adef645da78995f19d52c6,282.23
52a4f4fdec206ee141adef645da78995f19d52c6,279.40
52a4f4fdec206ee141adef645da78995f19d52c6,281.58
0bf7575b58445d9317aa5618f5fecdd049b02f06,285.68
0bf7575b58445d9317aa5618f5fecdd049b02f06,284.36
0bf7575b58445d9317aa5618f5fecdd049b02f06,279.03
0bf7575b58445d9317aa5618f5fecdd049b02f06,280.63
0bf7575b58445d9317aa5618f5fecdd049b02f06,279.67
0bf7575b58445d9317aa5618f5fecdd049b02f06,279.96
0bf7575b58445d9317aa5618f5fecdd049b02f06,282.60
0bf7575b58445d9317aa5618f5fecdd049b02f06,281.07
0bf7575b58445d9317aa5618f5fecdd049b02f06,280.48
0bf7575b58445d9317aa5618f5fecdd049b02f06,281.87
0bf7575b58445d9317aa5618f5fecdd049b02f06,280.93
0bf7575b58445d9317aa5618f5fecdd049b02f06,283.28
0bf7575b58445d9317aa5618f5fecdd049b02f06,279.32
9af95fa37bdd3d78bc6af9ceb0e8a10f2294c53a,285.62
9af95fa37bdd3d78bc6af9ceb0e8a10f2294c53a,282.91
9af95fa37bdd3d78bc6af9ceb0e8a10f2294c53a,283.60
9af95fa37bdd3d78bc6af9ceb0e8a10f2294c53a,281.36
9af95fa37bdd3d78bc6af9ceb0e8a10f2294c53a,281.83
9af95fa37bdd3d78bc6af9ceb0e8a10f2294c53a,283.45
9af95fa37bdd3d78bc6af9ceb0e8a10f2294c53a,280.37
9af95fa37bdd3d78bc6af9ceb0e8a10f2294c53a,278.90
9af95fa37bdd3d78bc6af9ceb0e8a10f2294c53a,283.70
9af95fa37bdd3d78bc6af9ceb0e8a10f2294c53a,280.23
9af95fa37bdd3d78bc6af9ceb0e8a10f2294c53a,281.12
9af95fa37bdd3d78bc6af9ceb0e8a10f2294c53a,278.75
264474d2481b10cbc3996a0ad7627cd50d440b31,285.17
264474d2481b10cbc3996a0ad7627cd50d440b31,277.98
264474d2481b10cbc3996a0ad7627cd50d440b31,281.45
264474d2481b10cbc3996a0ad7627cd50d440b31,279.52
264474d2481b10cbc3996a0ad7627cd50d440b31,281.63
264474d2481b10cbc3996a0ad7627cd50d440b31,279.85
264474d2481b10cbc3996a0ad7627cd50d440b31,281.20
264474d2481b10cbc3996a0ad7627cd50d440b31,282.19
264474d2481b10cbc3996a0ad7627cd50d440b31,283.09
264474d2481b10cbc3996a0ad7627cd50d440b31,283.03
abc7d0247a652b2ae5c8cd2300dd8077bc1892ab,282.91
abc7d0247a652b2ae5c8cd2300dd8077bc1892ab,281.95
abc7d0247a652b2ae5c8cd2300dd8077bc1892ab,281.01
abc7d0247a652b2ae5c8cd2300dd8077bc1892ab,280.28
abc7d0247a652b2ae5c8cd2300dd8077bc1892ab,282.81
abc7d0247a652b2ae5c8cd2300dd8077bc1892ab,280.11
abc7d0247a652b2ae5c8cd2300dd8077bc1892ab,282.78
abc7d0247a652b2ae5c8cd2300dd8077bc1892ab,280.52
f9fb02840e2a766d837fe55f6f9c475edf3acd6e,283.43
f9fb02840e2a766d837fe55f6f9c475edf3acd6e,282.58
f9fb02840e2a766d837fe55f6f9c475edf3acd6e,285.00
f9fb02840e2a766d837fe55f6f9c475edf3acd6e,279.80
f9fb02840e2a766d837fe55f6f9c475edf3acd6e,280.41
f9fb02840e2a766d837fe55f6f9c475edf3acd6e,284.43
f9fb02840e2a766d837fe55f6f9c475edf3acd6e,279.82
f9fb02840e2a766d837fe55f6f9c475edf3acd6e,282.90
1a040413ed3c9f9f0e3921b815c785967299d124,285.18
1a040413ed3c9f9f0e3921b815c785967299d124,281.90
1a040413ed3c9f9f0e3921b815c785967299d124,281.70
1a040413ed3c9f9f0e3921b815c785967299d124,281.74
1a040413ed3c9f9f0e3921b815c785967299d124,278.85
1a040413ed3c9f9f0e3921b815c785967299d124,278.79
1a040413ed3c9f9f0e3921b815c785967299d124,279.24
1a040413ed3c9f9f0e3921b815c785967299d124,282.78
9a26de05fc845fca9308f643c31f9e176d10c276,288.29
9a26de05fc845fca9308f643c31f9e176d10c276,285.80
9a26de05fc845fca9308f643c31f9e176d10c276,280.41
9a26de05fc845fca9308f643c31f9e176d10c276,279.49
9a26de05fc845fca9308f643c31f9e176d10c276,281.02
9a26de05fc845fca9308f643c31f9e176d10c276,280.77
9a26de05fc845fca9308f643c31f9e176d10c276,279.49
9a26de05fc845fca9308f643c31f9e176d10c276,283.81
9a26de05fc845fca9308f643c31f9e176d10c276,282.03
9a26de05fc845fca9308f643c31f9e176d10c276,281.77
9a26de05fc845fca9308f643c31f9e176d10c276,282.77
9a26de05fc845fca9308f643c31f9e176d10c276,280.28
48198ee4531c23d4fc44a80492ec7301f96a476d,284.84
48198ee4531c23d4fc44a80492ec7301f96a476d,283.58
48198ee4531c23d4fc44a80492ec7301f96a476d,279.21
48198ee4531c23d4fc44a80492ec7301f96a476d,281.75
48198ee4531c23d4fc44a80492ec7301f96a476d,277.87
48198ee4531c23d4fc44a80492ec7301f96a476d,280.43
610517917a5dc1cb02bd1db3c65d23041785f662,285.50
610517917a5dc1cb02bd1db3c65d23041785f662,284.91
610517917a5dc1cb02bd1db3c65d23041785f662,285.25
610517917a5dc1cb02bd1db3c65d23041785f662,283.33
610517917a5dc1cb02bd1db3c65d23041785f662,283.87
610517917a5dc1cb02bd1db3c65d23041785f662,279.95
610517917a5dc1cb02bd1db3c65d23041785f662,281.16
610517917a5dc1cb02bd1db3c65d23041785f662,283.07
610517917a5dc1cb02bd1db3c65d23041785f662,280.12
610517917a5dc1cb02bd1db3c65d23041785f662,283.69
610517917a5dc1cb02bd1db3c65d23041785f662,280.55
610517917a5dc1cb02bd1db3c65d23041785f662,279.31
610517917a5dc1cb02bd1db3c65d23041785f662,279.27
610517917a5dc1cb02bd1db3c65d23041785f662,283.41
b7db651f9d81059e72dda022b139611c7353e050,285.36
b7db651f9d81059e72dda022b139611c7353e050,284.56
b7db651f9d81059e72dda022b139611c7353e050,280.26
b7db651f9d81059e72dda022b139611c7353e050,281.91
b7db651f9d81059e72dda022b139611c7353e050,279.80
b7db651f9d81059e72dda022b139611c7353e050,278.95
b7db651f9d81059e72dda022b139611c7353e050,281.70
b7db651f9d81059e72dda022b139611c7353e050,282.87
b7db651f9d81059e72dda022b139611c7353e050,279.74
b7db651f9d81059e72dda022b139611c7353e050,282.90
