1b6edd231234e50a6201f9c9f2c3f8eb0c7c04e7,97.03
53156915dca368fa096950966aa4b2877e218834,415.84
c5e0ec5248520085a9f4970a9900b05204846981,399.68
11f27daeec3986888efa1a0a56a9fbb9f18e3716,398.86
1000c7004a1b741d988867b13d94c67a9eb341f1,70.61
0b08fa9f9bda6bf73434ea9f21c9952d91458bfb,399.80
447e57ed80d2f48ce59d4f7a623c9cb0ba070739,70.80
a98a23204f16e81f84aa7706f43f1b63ebd19778,71.59
eb0b4268c3cf22faf94f3333bc728f8d6535ea1c,71.37
63f8ebe6c1798f0c4179752f963222440371421b,404.79
e943dd385d08e0f76b3002a47969001e3dcb6190,400.60
9162b922e57aaf9a1667f2cdf0be0553ccecdac8,414.77
6abfa519bc257dcf27baa2a4aaaf68ed3bdce89c,95.86
9281ab45d5b8034e8f7a2c1f91e8ecb47539f28a,401.77
851488f7197084fd42e8330dbff0b953dad4a258,403.07
173f3a0f52ac1c33faec3e8be721ae84e45c6026,72.78
701c090107cb94a6d3aa14c1e486cd96a93d234d,70.69
5be8921158f488688cc2e961fdd6e772c68338e7,399.47
9d4a7142c0b700b8ecc5e7467398f75a5968790d,71.55
85c120ea90e0c1e0db3e1c9d540a0796961850f0,404.91
61c2ab93e5ab11cebbfad98c5489d6ccdeca6fc9,70.25
11f27daeec3986888efa1a0a56a9fbb9f18e3716,399.74
06c94b1c2e151c79c9e82b9c2905634618e871e7,404.37
c5e0ec5248520085a9f4970a9900b05204846981,404.18
63f8ebe6c1798f0c4179752f963222440371421b,400.53
29c417f5f283b05792a73c62731984c791a5f2da,71.51
cbc120f45587f2ca034b7f844742016317c9df7f,71.81
bfcc8df74c23dd96f30eaef3a5d3ee4a57dab08e,71.69
6643eb38a770a4fd525f6052123c93afcbe41a47,400.73
281df5a0594a3420e4ac50e58d1f76318337b0cc,401.00
0678f8be79c65d26fe98449427a4e81189870e0a,70.32
23610531ffb4adb81860a6091701148a06f1f863,70.23
701c090107cb94a6d3aa14c1e486cd96a93d234d,70.60
a73b5b3d40b004660f91ff4153eebe9f5c5a7b3d,401.97
11f27daeec3986888efa1a0a56a9fbb9f18e3716,397.99
9fc4f07f03fe149b7fd7cf8cf16f78d0e5cb3f97,70.93
0287fd90d6ad17f58369a30d3a025f6d30454fe7,71.50
42dfc5c2d60f8914620866bcd21d8a323ddec63e,70.75
7749e0e1e4cfe7d57163a50dec675be98d1b46ef,72.16
be781d4b030b84b3059de23d6c2208eec75c89a4,71.88
b8d1140ed6b495509dbbe8f76e6fd03b4ab90c38,71.87
a73b5b3d40b004660f91ff4153eebe9f5c5a7b3d,404.50
1d4b0c4b6817d9db90d77d7fd93f88d32312c87e,71.92
6b6ce9803bce8c2e29f45adf3f556be09da8a83a,71.22
34e753b4f3144eb3e4c2b71c667ef9695f68e975,400.50
97ed6b11d2078be51a650db72178a9ab805976df,71.60
837aa3eae71a572b39ae4f62d860c00ed720a089,399.41
a18e6b26317d65b43b64e023048070a3808b8669,400.01
53ee61bc23e4d1347a752d58f38791b09bb6f58a,399.25
05347d680a17f3390b1007d298201e891a0760f4,399.09
8df18c794e628291ae5419804e089984fd8ba137,70.43
bfcc8df74c23dd96f30eaef3a5d3ee4a57dab08e,71.86
cb5ef5c4a5cd3ab80f57ad741f74f0ac93fb83de,71.04
1de50c29baf48a2dd20fb9decbc93db58142a9d2,398.42
7749e0e1e4cfe7d57163a50dec675be98d1b46ef,71.75
bd692de6142bb48c1a362be11b35033761d4318a,70.42
5be8921158f488688cc2e961fdd6e772c68338e7,401.50
61c2ab93e5ab11cebbfad98c5489d6ccdeca6fc9,70.70
34e753b4f3144eb3e4c2b71c667ef9695f68e975,400.70
11f27daeec3986888efa1a0a56a9fbb9f18e3716,398.46
7189556a631ee1072efc12b6d150d19ef6858f82,71.41
6ad38b5b6a8f1d15936b6131c8b8cf1af3e6b33a,402.93
0287fd90d6ad17f58369a30d3a025f6d30454fe7,71.24
35967be40c421db0ed1940c01ced60b002e5c5db,70.92
35967be40c421db0ed1940c01ced60b002e5c5db,71.54
b8d1140ed6b495509dbbe8f76e6fd03b4ab90c38,70.16
11f27daeec3986888efa1a0a56a9fbb9f18e3716,404.31
1a78f350f9646a9d53202e588c62c103073b61f2,70.81
5ed3d8cd04ecf7974ad8b00844c70ca24124e140,71.15
a701d4a36725feca20ff1d35e4c1ad8336d7b43f,70.61
f550ba1725664d24423cba6717a2ac3bd08d34fe,401.21
6643eb38a770a4fd525f6052123c93afcbe41a47,401.29
0287fd90d6ad17f58369a30d3a025f6d30454fe7,71.78
b5aec20dcad4ab5eed3b89f28ecded24ad85e112,72.34
23610531ffb4adb81860a6091701148a06f1f863,70.09
a98a23204f16e81f84aa7706f43f1b63ebd19778,70.05
11f27daeec3986888efa1a0a56a9fbb9f18e3716,397.52
ead3b1b3b968bdaafbf8ec2ad9de3a9325d3fafc,402.00
6ad38b5b6a8f1d15936b6131c8b8cf1af3e6b33a,401.95
e3e2abfbfc83c54aa756db1ebde3945542899482,401.28
a38854600c1b09a00821d27d394347b1c4725a9b,401.89
53ee61bc23e4d1347a752d58f38791b09bb6f58a,404.43
97ed6b11d2078be51a650db72178a9ab805976df,71.23
e0788e0c5e77d07ca23fb554d547ec19d5797989,71.88
9ddaf22e97848d3accc23bfd50e3dc95d9d642de,73.34
c4ecf245b277c91af4840e506fed7fc2dc3c775a,398.08
6ad38b5b6a8f1d15936b6131c8b8cf1af3e6b33a,401.49
50ef57b392b2bbd009c12c9ccbed40d00c7477b5,71.24
63f8ebe6c1798f0c4179752f963222440371421b,399.27
c0199fdd858cd3c9f3f06657e0666a29336c81d0,399.26
1000c7004a1b741d988867b13d94c67a9eb341f1,72.42
efa9c8c49b3ab076bfafd9f985c934002c4e9f07,401.42
a73b5b3d40b004660f91ff4153eebe9f5c5a7b3d,400.63
63f8ebe6c1798f0c4179752f963222440371421b,403.60
29c417f5f283b05792a73c62731984c791a5f2da,71.86
05347d680a17f3390b1007d298201e891a0760f4,400.40
06c94b1c2e151c79c9e82b9c2905634618e871e7,402.74
ead3b1b3b968bdaafbf8ec2ad9de3a9325d3fafc,402.66
53156915dca368fa096950966aa4b2877e218834,404.56
0a042782f4b6cbae0e1b0959a89be9a5e0a2b0f3,70.49
c9ca52a0bcca6be6fe88cf319ed55fb0f926c9e6,399.59
cb5ef5c4a5cd3ab80f57ad741f74f0ac93fb83de,71.86
55501ae5718dd56600b9aedd270b0383008e3dfa,72.60
7189556a631ee1072efc12b6d150d19ef6858f82,71.26
11f27daeec3986888efa1a0a56a9fbb9f18e3716,398.32
fb1a2141ee9cb860521504d043e0a744da4eb325,401.33
df2b9850c610be7b7247d28ee9f967f4cdac0e36,71.20
9d4a7142c0b700b8ecc5e7467398f75a5968790d,72.17
deaf4e17b02b8fd18d839a72ab9e494f5c494725,399.89
a26fe34afbb104dc2a1732724d7c0377ec5aa7d3,401.32
29c417f5f283b05792a73c62731984c791a5f2da,71.21
6ad38b5b6a8f1d15936b6131c8b8cf1af3e6b33a,398.70
fbc9d72281fa1448815ef0ed27d801a00861590a,70.66
9985b36ced515ceb44057a24fdee248306313539,398.62
55501ae5718dd56600b9aedd270b0383008e3dfa,71.89
1000c7004a1b741d988867b13d94c67a9eb341f1,71.66
53ee61bc23e4d1347a752d58f38791b09bb6f58a,400.74
9d5c5f50efba09df9b41e90f0ece7c5203e0e640,402.68
701c090107cb94a6d3aa14c1e486cd96a93d234d,71.12
9ddaf22e97848d3accc23bfd50e3dc95d9d642de,71.61
447e57ed80d2f48ce59d4f7a623c9cb0ba070739,71.30
0c61ee0127dc496a4fb124f5cc63c5c0f42ab719,398.04
bcf8378a6c7da6beb7e5900029fe94849b0f9782,406.16
9d5c5f50efba09df9b41e90f0ece7c5203e0e640,403.34
1d4b0c4b6817d9db90d77d7fd93f88d32312c87e,71.46
02ef578633bd0e211cf8a21d494d357609111780,71.46
0a042782f4b6cbae0e1b0959a89be9a5e0a2b0f3,71.41
23610531ffb4adb81860a6091701148a06f1f863,70.86
f46670ba130b4d59425d59a37675811d74dcb97d,403.11
b5aec20dcad4ab5eed3b89f28ecded24ad85e112,71.44
9d5c5f50efba09df9b41e90f0ece7c5203e0e640,401.65
02ef578633bd0e211cf8a21d494d357609111780,72.02
6643eb38a770a4fd525f6052123c93afcbe41a47,402.80
61c2ab93e5ab11cebbfad98c5489d6ccdeca6fc9,71.19
53ee61bc23e4d1347a752d58f38791b09bb6f58a,401.60
701c090107cb94a6d3aa14c1e486cd96a93d234d,70.71
a26fe34afbb104dc2a1732724d7c0377ec5aa7d3,402.52
24830db6aaca1e71e6bf632e2cb82be5eeb042cc,70.07
837aa3eae71a572b39ae4f62d860c00ed720a089,402.00
fbc9d72281fa1448815ef0ed27d801a00861590a,71.34
499409b0393f89933904e0cdcb1491b60f666d12,402.76
e3e2abfbfc83c54aa756db1ebde3945542899482,401.10
5ed3d8cd04ecf7974ad8b00844c70ca24124e140,71.09
e943dd385d08e0f76b3002a47969001e3dcb6190,397.29
1de50c29baf48a2dd20fb9decbc93db58142a9d2,403.14
42dfc5c2d60f8914620866bcd21d8a323ddec63e,69.71
e3e2abfbfc83c54aa756db1ebde3945542899482,402.78
9ddaf22e97848d3accc23bfd50e3dc95d9d642de,72.04
d5fa0c69e821c1bb3e38844e491290b0c93d5858,70.83
0b08fa9f9bda6bf73434ea9f21c9952d91458bfb,404.34
d3bc6c279cfed529bf2c59697901525f1502d22b,400.66
0b08fa9f9bda6bf73434ea9f21c9952d91458bfb,400.39
63f8ebe6c1798f0c4179752f963222440371421b,403.93
e943dd385d08e0f76b3002a47969001e3dcb6190,401.39
d5fa0c69e821c1bb3e38844e491290b0c93d5858,71.84
24830db6aaca1e71e6bf632e2cb82be5eeb042cc,71.66
9985b36ced515ceb44057a24fdee248306313539,394.11
61c2ab93e5ab11cebbfad98c5489d6ccdeca6fc9,71.06
6abfa519bc257dcf27baa2a4aaaf68ed3bdce89c,70.80
f07adf4622133f5df29be00a8c211f0138ea80b0,397.26
0287fd90d6ad17f58369a30d3a025f6d30454fe7,72.48
c5e0ec5248520085a9f4970a9900b05204846981,401.10
e0788e0c5e77d07ca23fb554d547ec19d5797989,71.35
dc9a677d0be2c268510a7d8f4d1c7eb1ccdd13ef,399.04
a18e6b26317d65b43b64e023048070a3808b8669,401.55
deaf4e17b02b8fd18d839a72ab9e494f5c494725,403.56
a38854600c1b09a00821d27d394347b1c4725a9b,397.89
1000c7004a1b741d988867b13d94c67a9eb341f1,70.77
9ddaf22e97848d3accc23bfd50e3dc95d9d642de,71.60
bfcc8df74c23dd96f30eaef3a5d3ee4a57dab08e,71.71
a847e1bb8b753eba183fef87aedc977f7e2e8eb8,400.67
df2b9850c610be7b7247d28ee9f967f4cdac0e36,71.51
499409b0393f89933904e0cdcb1491b60f666d12,399.07
3f99224cac6e548e6139f6ab8523388468e0913f,397.76
9d5c5f50efba09df9b41e90f0ece7c5203e0e640,404.29
63f8ebe6c1798f0c4179752f963222440371421b,401.56
a26fe34afbb104dc2a1732724d7c0377ec5aa7d3,400.46
dc9a677d0be2c268510a7d8f4d1c7eb1ccdd13ef,401.12
55501ae5718dd56600b9aedd270b0383008e3dfa,71.63
281df5a0594a3420e4ac50e58d1f76318337b0cc,400.03
c0199fdd858cd3c9f3f06657e0666a29336c81d0,402.28
d5fa0c69e821c1bb3e38844e491290b0c93d5858,71.31
be781d4b030b84b3059de23d6c2208eec75c89a4,71.93
8df18c794e628291ae5419804e089984fd8ba137,71.15
6643eb38a770a4fd525f6052123c93afcbe41a47,401.44
701c090107cb94a6d3aa14c1e486cd96a93d234d,70.78
281df5a0594a3420e4ac50e58d1f76318337b0cc,399.66
c4ecf245b277c91af4840e506fed7fc2dc3c775a,401.34
9ddaf22e97848d3accc23bfd50e3dc95d9d642de,71.66
0678f8be79c65d26fe98449427a4e81189870e0a,70.94
b8d1140ed6b495509dbbe8f76e6fd03b4ab90c38,71.30
5333972ce6367099e81a8de7d0f73357e6880fb2,399.83
c0199fdd858cd3c9f3f06657e0666a29336c81d0,402.09
a18e6b26317d65b43b64e023048070a3808b8669,396.18
9162b922e57aaf9a1667f2cdf0be0553ccecdac8,399.04
61c2ab93e5ab11cebbfad98c5489d6ccdeca6fc9,71.00
efa9c8c49b3ab076bfafd9f985c934002c4e9f07,397.25
ead3b1b3b968bdaafbf8ec2ad9de3a9325d3fafc,402.85
3f99224cac6e548e6139f6ab8523388468e0913f,402.72
7189556a631ee1072efc12b6d150d19ef6858f82,70.56
173f3a0f52ac1c33faec3e8be721ae84e45c6026,72.58
d3bc6c279cfed529bf2c59697901525f1502d22b,401.11
a701d4a36725feca20ff1d35e4c1ad8336d7b43f,72.68
7189556a631ee1072efc12b6d150d19ef6858f82,71.93
63f8ebe6c1798f0c4179752f963222440371421b,405.90
c4c2633cdc2cd4498504b28b96dd0b95ae6789cd,401.33
34e753b4f3144eb3e4c2b71c667ef9695f68e975,402.85
53156915dca368fa096950966aa4b2877e218834,402.93
63f8ebe6c1798f0c4179752f963222440371421b,402.45
fb1a2141ee9cb860521504d043e0a744da4eb325,401.96
f550ba1725664d24423cba6717a2ac3bd08d34fe,398.73
499409b0393f89933904e0cdcb1491b60f666d12,403.94
9ddaf22e97848d3accc23bfd50e3dc95d9d642de,71.43
dc9a677d0be2c268510a7d8f4d1c7eb1ccdd13ef,397.91
0a042782f4b6cbae0e1b0959a89be9a5e0a2b0f3,71.12
a18e6b26317d65b43b64e023048070a3808b8669,399.81
1000c7004a1b741d988867b13d94c67a9eb341f1,71.98
a847e1bb8b753eba183fef87aedc977f7e2e8eb8,401.48
24830db6aaca1e71e6bf632e2cb82be5eeb042cc,70.96
6138d4a2aaeabd78edb1939f3aca77a71153ec46,71.76
85c120ea90e0c1e0db3e1c9d540a0796961850f0,406.52
d5fa0c69e821c1bb3e38844e491290b0c93d5858,70.18
34e753b4f3144eb3e4c2b71c667ef9695f68e975,402.60
6643eb38a770a4fd525f6052123c93afcbe41a47,398.93
94848f60c5b8bb5d9825ade4d8952c8b5988e355,71.16
f46670ba130b4d59425d59a37675811d74dcb97d,403.00
42dfc5c2d60f8914620866bcd21d8a323ddec63e,71.26
35967be40c421db0ed1940c01ced60b002e5c5db,70.17
eb0b4268c3cf22faf94f3333bc728f8d6535ea1c,70.71
173f3a0f52ac1c33faec3e8be721ae84e45c6026,71.41
a18e6b26317d65b43b64e023048070a3808b8669,401.54
c4ecf245b277c91af4840e506fed7fc2dc3c775a,405.77
efa9c8c49b3ab076bfafd9f985c934002c4e9f07,404.90
3963acab31ff4721d01464477a7c51ec53490a32,71.31
24830db6aaca1e71e6bf632e2cb82be5eeb042cc,71.29
c4c2633cdc2cd4498504b28b96dd0b95ae6789cd,396.87
9fc4f07f03fe149b7fd7cf8cf16f78d0e5cb3f97,70.39
bd692de6142bb48c1a362be11b35033761d4318a,70.40
499409b0393f89933904e0cdcb1491b60f666d12,403.15
53ee61bc23e4d1347a752d58f38791b09bb6f58a,397.93
df2b9850c610be7b7247d28ee9f967f4cdac0e36,71.60
29c417f5f283b05792a73c62731984c791a5f2da,71.21
1b6edd231234e50a6201f9c9f2c3f8eb0c7c04e7,71.03
b5aec20dcad4ab5eed3b89f28ecded24ad85e112,70.43
44d1c1864536bd7c8ccb5569374cf3612d7489ae,402.07
1b6edd231234e50a6201f9c9f2c3f8eb0c7c04e7,71.54
05347d680a17f3390b1007d298201e891a0760f4,399.97
5ed3d8cd04ecf7974ad8b00844c70ca24124e140,71.33
851488f7197084fd42e8330dbff0b953dad4a258,402.36
53156915dca368fa096950966aa4b2877e218834,399.47
6b6ce9803bce8c2e29f45adf3f556be09da8a83a,71.16
05347d680a17f3390b1007d298201e891a0760f4,399.22
0a042782f4b6cbae0e1b0959a89be9a5e0a2b0f3,71.34
7189556a631ee1072efc12b6d150d19ef6858f82,71.64
52dd186d1042d8256ad642a10c17672c5e7c1fca,70.38
5ed3d8cd04ecf7974ad8b00844c70ca24124e140,71.00
9162b922e57aaf9a1667f2cdf0be0553ccecdac8,402.27
9281ab45d5b8034e8f7a2c1f91e8ecb47539f28a,405.50
61c2ab93e5ab11cebbfad98c5489d6ccdeca6fc9,71.45
f46670ba130b4d59425d59a37675811d74dcb97d,402.03
94848f60c5b8bb5d9825ade4d8952c8b5988e355,71.30
efa9c8c49b3ab076bfafd9f985c934002c4e9f07,400.02
34e753b4f3144eb3e4c2b71c667ef9695f68e975,400.87
ec803bb6652e8b7fc5b5acbf143d6e16a201feba,401.21
94848f60c5b8bb5d9825ade4d8952c8b5988e355,71.33
cb5ef5c4a5cd3ab80f57ad741f74f0ac93fb83de,72.34
ec803bb6652e8b7fc5b5acbf143d6e16a201feba,403.90
be781d4b030b84b3059de23d6c2208eec75c89a4,70.74
be781d4b030b84b3059de23d6c2208eec75c89a4,69.88
a98a23204f16e81f84aa7706f43f1b63ebd19778,71.15
efa9c8c49b3ab076bfafd9f985c934002c4e9f07,406.82
19539feb76bd1fc63b17379f84174525f0afae7a,71.50
8df18c794e628291ae5419804e089984fd8ba137,70.79
53156915dca368fa096950966aa4b2877e218834,404.62
11f27daeec3986888efa1a0a56a9fbb9f18e3716,406.60
a847e1bb8b753eba183fef87aedc977f7e2e8eb8,400.75
a26fe34afbb104dc2a1732724d7c0377ec5aa7d3,401.43
f550ba1725664d24423cba6717a2ac3bd08d34fe,399.46
f46670ba130b4d59425d59a37675811d74dcb97d,401.23
bd692de6142bb48c1a362be11b35033761d4318a,71.17
851488f7197084fd42e8330dbff0b953dad4a258,401.48
bd692de6142bb48c1a362be11b35033761d4318a,72.05
0a5912df16d59929dae6b1ee1d401d7e1c03912e,405.68
c5e0ec5248520085a9f4970a9900b05204846981,401.46
3f99224cac6e548e6139f6ab8523388468e0913f,400.06
1b6edd231234e50a6201f9c9f2c3f8eb0c7c04e7,70.80
03cec75dd7aa5b127780162eca77fde0dab65548,71.56
0287fd90d6ad17f58369a30d3a025f6d30454fe7,72.07
03cec75dd7aa5b127780162eca77fde0dab65548,72.13
53156915dca368fa096950966aa4b2877e218834,403.21
a98a23204f16e81f84aa7706f43f1b63ebd19778,70.53
9d5c5f50efba09df9b41e90f0ece7c5203e0e640,403.97
0a5912df16d59929dae6b1ee1d401d7e1c03912e,403.37
05347d680a17f3390b1007d298201e891a0760f4,401.49
1b6edd231234e50a6201f9c9f2c3f8eb0c7c04e7,70.78
ec803bb6652e8b7fc5b5acbf143d6e16a201feba,400.43
bfcc8df74c23dd96f30eaef3a5d3ee4a57dab08e,71.37
9281ab45d5b8034e8f7a2c1f91e8ecb47539f28a,404.25
50ef57b392b2bbd009c12c9ccbed40d00c7477b5,71.68
a26fe34afbb104dc2a1732724d7c0377ec5aa7d3,399.10
3f99224cac6e548e6139f6ab8523388468e0913f,400.69
3f99224cac6e548e6139f6ab8523388468e0913f,400.45
35967be40c421db0ed1940c01ced60b002e5c5db,70.97
d5fa0c69e821c1bb3e38844e491290b0c93d5858,71.40
f550ba1725664d24423cba6717a2ac3bd08d34fe,396.99
02ef578633bd0e211cf8a21d494d357609111780,71.24
bcf8378a6c7da6beb7e5900029fe94849b0f9782,398.49
02ef578633bd0e211cf8a21d494d357609111780,72.25
cb5ef5c4a5cd3ab80f57ad741f74f0ac93fb83de,72.50
ead3b1b3b968bdaafbf8ec2ad9de3a9325d3fafc,405.63
f07adf4622133f5df29be00a8c211f0138ea80b0,397.94
44d1c1864536bd7c8ccb5569374cf3612d7489ae,403.61
9281ab45d5b8034e8f7a2c1f91e8ecb47539f28a,402.82
34e753b4f3144eb3e4c2b71c667ef9695f68e975,401.34
5e7832fb7e26264e65cb87279c69aa96dd41fc92,399.68
deaf4e17b02b8fd18d839a72ab9e494f5c494725,397.57
9281ab45d5b8034e8f7a2c1f91e8ecb47539f28a,401.89
6b6ce9803bce8c2e29f45adf3f556be09da8a83a,70.93
5fc1f636a1518194ad3faef5e0ef84ccf6e56c96,71.14
ec803bb6652e8b7fc5b5acbf143d6e16a201feba,406.78
e0788e0c5e77d07ca23fb554d547ec19d5797989,71.00
c0199fdd858cd3c9f3f06657e0666a29336c81d0,403.70
53156915dca368fa096950966aa4b2877e218834,398.61
9d4a7142c0b700b8ecc5e7467398f75a5968790d,71.05
50ef57b392b2bbd009c12c9ccbed40d00c7477b5,71.69
19539feb76bd1fc63b17379f84174525f0afae7a,70.79
9ddaf22e97848d3accc23bfd50e3dc95d9d642de,72.57
fb1a2141ee9cb860521504d043e0a744da4eb325,403.14
6ad38b5b6a8f1d15936b6131c8b8cf1af3e6b33a,398.75
837aa3eae71a572b39ae4f62d860c00ed720a089,399.88
bcf8378a6c7da6beb7e5900029fe94849b0f9782,402.80
c5e0ec5248520085a9f4970a9900b05204846981,398.59
eb0b4268c3cf22faf94f3333bc728f8d6535ea1c,71.30
85c120ea90e0c1e0db3e1c9d540a0796961850f0,403.33
3963acab31ff4721d01464477a7c51ec53490a32,70.89
f07adf4622133f5df29be00a8c211f0138ea80b0,402.68
e3e2abfbfc83c54aa756db1ebde3945542899482,400.65
837aa3eae71a572b39ae4f62d860c00ed720a089,398.94
19539feb76bd1fc63b17379f84174525f0afae7a,69.83
44d1c1864536bd7c8ccb5569374cf3612d7489ae,402.19
0287fd90d6ad17f58369a30d3a025f6d30454fe7,71.46
e3e2abfbfc83c54aa756db1ebde3945542899482,401.88
0678f8be79c65d26fe98449427a4e81189870e0a,71.39
bd692de6142bb48c1a362be11b35033761d4318a,71.93
499409b0393f89933904e0cdcb1491b60f666d12,409.09
0287fd90d6ad17f58369a30d3a025f6d30454fe7,72.00
df2b9850c610be7b7247d28ee9f967f4cdac0e36,72.45
df2b9850c610be7b7247d28ee9f967f4cdac0e36,71.52
1d4b0c4b6817d9db90d77d7fd93f88d32312c87e,71.21
5be8921158f488688cc2e961fdd6e772c68338e7,401.81
19539feb76bd1fc63b17379f84174525f0afae7a,71.78
0287fd90d6ad17f58369a30d3a025f6d30454fe7,72.22
35967be40c421db0ed1940c01ced60b002e5c5db,71.38
6138d4a2aaeabd78edb1939f3aca77a71153ec46,70.57
0a5912df16d59929dae6b1ee1d401d7e1c03912e,402.92
6abfa519bc257dcf27baa2a4aaaf68ed3bdce89c,72.58
35967be40c421db0ed1940c01ced60b002e5c5db,70.25
97ed6b11d2078be51a650db72178a9ab805976df,71.99
5e7832fb7e26264e65cb87279c69aa96dd41fc92,396.82
3f99224cac6e548e6139f6ab8523388468e0913f,399.05
6abfa519bc257dcf27baa2a4aaaf68ed3bdce89c,71.73
e0788e0c5e77d07ca23fb554d547ec19d5797989,71.37
7749e0e1e4cfe7d57163a50dec675be98d1b46ef,70.48
94848f60c5b8bb5d9825ade4d8952c8b5988e355,70.66
1000c7004a1b741d988867b13d94c67a9eb341f1,70.93
9fc4f07f03fe149b7fd7cf8cf16f78d0e5cb3f97,72.58
53ee61bc23e4d1347a752d58f38791b09bb6f58a,400.47
3963acab31ff4721d01464477a7c51ec53490a32,70.66
53ee61bc23e4d1347a752d58f38791b09bb6f58a,404.62
7749e0e1e4cfe7d57163a50dec675be98d1b46ef,71.33
6643eb38a770a4fd525f6052123c93afcbe41a47,399.03
8df18c794e628291ae5419804e089984fd8ba137,71.12
837aa3eae71a572b39ae4f62d860c00ed720a089,400.22
a847e1bb8b753eba183fef87aedc977f7e2e8eb8,399.95
a38854600c1b09a00821d27d394347b1c4725a9b,403.71
cbc120f45587f2ca034b7f844742016317c9df7f,71.63
1a78f350f9646a9d53202e588c62c103073b61f2,71.42
7749e0e1e4cfe7d57163a50dec675be98d1b46ef,71.43
a38854600c1b09a00821d27d394347b1c4725a9b,399.16
d3bc6c279cfed529bf2c59697901525f1502d22b,399.57
c9ca52a0bcca6be6fe88cf319ed55fb0f926c9e6,401.07
e0788e0c5e77d07ca23fb554d547ec19d5797989,71.83
bfcc8df74c23dd96f30eaef3a5d3ee4a57dab08e,70.94
f550ba1725664d24423cba6717a2ac3bd08d34fe,401.53
ead3b1b3b968bdaafbf8ec2ad9de3a9325d3fafc,403.76
53156915dca368fa096950966aa4b2877e218834,401.29
dc9a677d0be2c268510a7d8f4d1c7eb1ccdd13ef,401.10
05347d680a17f3390b1007d298201e891a0760f4,402.57
11f27daeec3986888efa1a0a56a9fbb9f18e3716,398.54
5ed3d8cd04ecf7974ad8b00844c70ca24124e140,70.87
a18e6b26317d65b43b64e023048070a3808b8669,401.80
cbc120f45587f2ca034b7f844742016317c9df7f,71.87
9fc4f07f03fe149b7fd7cf8cf16f78d0e5cb3f97,71.25
c4c2633cdc2cd4498504b28b96dd0b95ae6789cd,402.94
0678f8be79c65d26fe98449427a4e81189870e0a,70.52
837aa3eae71a572b39ae4f62d860c00ed720a089,400.93
06c94b1c2e151c79c9e82b9c2905634618e871e7,401.80
7749e0e1e4cfe7d57163a50dec675be98d1b46ef,72.10
a847e1bb8b753eba183fef87aedc977f7e2e8eb8,407.04
9d5c5f50efba09df9b41e90f0ece7c5203e0e640,399.43
97ed6b11d2078be51a650db72178a9ab805976df,70.82
42dfc5c2d60f8914620866bcd21d8a323ddec63e,70.81
1de50c29baf48a2dd20fb9decbc93db58142a9d2,403.63
1d4b0c4b6817d9db90d77d7fd93f88d32312c87e,70.79
6ad38b5b6a8f1d15936b6131c8b8cf1af3e6b33a,401.51
05347d680a17f3390b1007d298201e891a0760f4,399.35
44d1c1864536bd7c8ccb5569374cf3612d7489ae,400.66
1000c7004a1b741d988867b13d94c67a9eb341f1,70.76
50ef57b392b2bbd009c12c9ccbed40d00c7477b5,70.59
63f8ebe6c1798f0c4179752f963222440371421b,401.02
a847e1bb8b753eba183fef87aedc977f7e2e8eb8,399.74
efa9c8c49b3ab076bfafd9f985c934002c4e9f07,397.95
ec803bb6652e8b7fc5b5acbf143d6e16a201feba,397.26
be781d4b030b84b3059de23d6c2208eec75c89a4,71.42
3f99224cac6e548e6139f6ab8523388468e0913f,402.20
d5fa0c69e821c1bb3e38844e491290b0c93d5858,71.22
c5e0ec5248520085a9f4970a9900b05204846981,401.79
bfcc8df74c23dd96f30eaef3a5d3ee4a57dab08e,70.19
f07adf4622133f5df29be00a8c211f0138ea80b0,402.87
be781d4b030b84b3059de23d6c2208eec75c89a4,70.11
11f27daeec3986888efa1a0a56a9fbb9f18e3716,402.04
3963acab31ff4721d01464477a7c51ec53490a32,70.53
50ef57b392b2bbd009c12c9ccbed40d00c7477b5,71.60
1a78f350f9646a9d53202e588c62c103073b61f2,71.03
851488f7197084fd42e8330dbff0b953dad4a258,408.98
851488f7197084fd42e8330dbff0b953dad4a258,399.51
e0788e0c5e77d07ca23fb554d547ec19d5797989,71.47
5ed3d8cd04ecf7974ad8b00844c70ca24124e140,71.54
11f27daeec3986888efa1a0a56a9fbb9f18e3716,401.37
1de50c29baf48a2dd20fb9decbc93db58142a9d2,404.53
f46670ba130b4d59425d59a37675811d74dcb97d,400.73
9d4a7142c0b700b8ecc5e7467398f75a5968790d,70.85
dc9a677d0be2c268510a7d8f4d1c7eb1ccdd13ef,401.00
55501ae5718dd56600b9aedd270b0383008e3dfa,71.25
6b6ce9803bce8c2e29f45adf3f556be09da8a83a,70.97
53156915dca368fa096950966aa4b2877e218834,409.37
6abfa519bc257dcf27baa2a4aaaf68ed3bdce89c,70.46
281df5a0594a3420e4ac50e58d1f76318337b0cc,399.82
a701d4a36725feca20ff1d35e4c1ad8336d7b43f,70.55
5333972ce6367099e81a8de7d0f73357e6880fb2,397.09
cb5ef5c4a5cd3ab80f57ad741f74f0ac93fb83de,70.73
5fc1f636a1518194ad3faef5e0ef84ccf6e56c96,69.71
cbc120f45587f2ca034b7f844742016317c9df7f,71.14
03cec75dd7aa5b127780162eca77fde0dab65548,72.32
a847e1bb8b753eba183fef87aedc977f7e2e8eb8,402.28
52dd186d1042d8256ad642a10c17672c5e7c1fca,70.81
a18e6b26317d65b43b64e023048070a3808b8669,402.45
a701d4a36725feca20ff1d35e4c1ad8336d7b43f,71.45
df2b9850c610be7b7247d28ee9f967f4cdac0e36,70.37
6ad38b5b6a8f1d15936b6131c8b8cf1af3e6b33a,402.98
a73b5b3d40b004660f91ff4153eebe9f5c5a7b3d,402.40
bd692de6142bb48c1a362be11b35033761d4318a,71.00
e3e2abfbfc83c54aa756db1ebde3945542899482,396.33
ead3b1b3b968bdaafbf8ec2ad9de3a9325d3fafc,400.41
35967be40c421db0ed1940c01ced60b002e5c5db,70.19
c4ecf245b277c91af4840e506fed7fc2dc3c775a,403.13
1de50c29baf48a2dd20fb9decbc93db58142a9d2,402.26
e943dd385d08e0f76b3002a47969001e3dcb6190,403.13
03cec75dd7aa5b127780162eca77fde0dab65548,70.50
53156915dca368fa096950966aa4b2877e218834,401.60
ec803bb6652e8b7fc5b5acbf143d6e16a201feba,397.14
9281ab45d5b8034e8f7a2c1f91e8ecb47539f28a,401.75
1b6edd231234e50a6201f9c9f2c3f8eb0c7c04e7,72.13
23610531ffb4adb81860a6091701148a06f1f863,71.41
8df18c794e628291ae5419804e089984fd8ba137,70.56
0a5912df16d59929dae6b1ee1d401d7e1c03912e,403.50
9162b922e57aaf9a1667f2cdf0be0553ccecdac8,404.41
d5fa0c69e821c1bb3e38844e491290b0c93d5858,70.37
85c120ea90e0c1e0db3e1c9d540a0796961850f0,398.89
44d1c1864536bd7c8ccb5569374cf3612d7489ae,400.23
dc9a677d0be2c268510a7d8f4d1c7eb1ccdd13ef,402.59
9162b922e57aaf9a1667f2cdf0be0553ccecdac8,402.85
b8d1140ed6b495509dbbe8f76e6fd03b4ab90c38,70.51
29c417f5f283b05792a73c62731984c791a5f2da,71.23
0b08fa9f9bda6bf73434ea9f21c9952d91458bfb,400.57
05347d680a17f3390b1007d298201e891a0760f4,401.84
52dd186d1042d8256ad642a10c17672c5e7c1fca,70.78
5e7832fb7e26264e65cb87279c69aa96dd41fc92,397.89
50ef57b392b2bbd009c12c9ccbed40d00c7477b5,72.15
34e753b4f3144eb3e4c2b71c667ef9695f68e975,403.22
e943dd385d08e0f76b3002a47969001e3dcb6190,400.29
9d5c5f50efba09df9b41e90f0ece7c5203e0e640,401.53
a701d4a36725feca20ff1d35e4c1ad8336d7b43f,71.25
9d4a7142c0b700b8ecc5e7467398f75a5968790d,71.18
fb1a2141ee9cb860521504d043e0a744da4eb325,401.21
df2b9850c610be7b7247d28ee9f967f4cdac0e36,70.79
1000c7004a1b741d988867b13d94c67a9eb341f1,71.20
c0199fdd858cd3c9f3f06657e0666a29336c81d0,402.34
dc9a677d0be2c268510a7d8f4d1c7eb1ccdd13ef,400.57
281df5a0594a3420e4ac50e58d1f76318337b0cc,400.53
cbc120f45587f2ca034b7f844742016317c9df7f,71.07
8df18c794e628291ae5419804e089984fd8ba137,71.18
6abfa519bc257dcf27baa2a4aaaf68ed3bdce89c,71.19
0c61ee0127dc496a4fb124f5cc63c5c0f42ab719,399.58
eb0b4268c3cf22faf94f3333bc728f8d6535ea1c,71.71
0a5912df16d59929dae6b1ee1d401d7e1c03912e,409.18
b8d1140ed6b495509dbbe8f76e6fd03b4ab90c38,71.62
f07adf4622133f5df29be00a8c211f0138ea80b0,401.19
5333972ce6367099e81a8de7d0f73357e6880fb2,399.87
6138d4a2aaeabd78edb1939f3aca77a71153ec46,71.45
0678f8be79c65d26fe98449427a4e81189870e0a,71.70
23610531ffb4adb81860a6091701148a06f1f863,70.91
c9ca52a0bcca6be6fe88cf319ed55fb0f926c9e6,403.53
701c090107cb94a6d3aa14c1e486cd96a93d234d,71.54
9281ab45d5b8034e8f7a2c1f91e8ecb47539f28a,399.44
85c120ea90e0c1e0db3e1c9d540a0796961850f0,399.80
0678f8be79c65d26fe98449427a4e81189870e0a,71.37
ec803bb6652e8b7fc5b5acbf143d6e16a201feba,397.34
281df5a0594a3420e4ac50e58d1f76318337b0cc,401.17
fbc9d72281fa1448815ef0ed27d801a00861590a,70.53
6643eb38a770a4fd525f6052123c93afcbe41a47,400.18
0c61ee0127dc496a4fb124f5cc63c5c0f42ab719,401.06
24830db6aaca1e71e6bf632e2cb82be5eeb042cc,69.97
bcf8378a6c7da6beb7e5900029fe94849b0f9782,403.41
52dd186d1042d8256ad642a10c17672c5e7c1fca,70.99
1a78f350f9646a9d53202e588c62c103073b61f2,71.46
9d4a7142c0b700b8ecc5e7467398f75a5968790d,70.96
0a042782f4b6cbae0e1b0959a89be9a5e0a2b0f3,70.25
cb5ef5c4a5cd3ab80f57ad741f74f0ac93fb83de,71.73
9ddaf22e97848d3accc23bfd50e3dc95d9d642de,72.16
851488f7197084fd42e8330dbff0b953dad4a258,402.64
c4c2633cdc2cd4498504b28b96dd0b95ae6789cd,401.07
1000c7004a1b741d988867b13d94c67a9eb341f1,71.12
fbc9d72281fa1448815ef0ed27d801a00861590a,71.94
6138d4a2aaeabd78edb1939f3aca77a71153ec46,70.89
a701d4a36725feca20ff1d35e4c1ad8336d7b43f,70.92
ec803bb6652e8b7fc5b5acbf143d6e16a201feba,398.40
7189556a631ee1072efc12b6d150d19ef6858f82,70.25
0c61ee0127dc496a4fb124f5cc63c5c0f42ab719,399.10
53156915dca368fa096950966aa4b2877e218834,400.04
c0199fdd858cd3c9f3f06657e0666a29336c81d0,398.04
cbc120f45587f2ca034b7f844742016317c9df7f,69.85
ec803bb6652e8b7fc5b5acbf143d6e16a201feba,397.46
deaf4e17b02b8fd18d839a72ab9e494f5c494725,400.32
3f99224cac6e548e6139f6ab8523388468e0913f,397.14
0a042782f4b6cbae0e1b0959a89be9a5e0a2b0f3,70.91
0b08fa9f9bda6bf73434ea9f21c9952d91458bfb,402.05
837aa3eae71a572b39ae4f62d860c00ed720a089,400.57
c5e0ec5248520085a9f4970a9900b05204846981,398.76
61c2ab93e5ab11cebbfad98c5489d6ccdeca6fc9,70.31
fb1a2141ee9cb860521504d043e0a744da4eb325,402.97
5fc1f636a1518194ad3faef5e0ef84ccf6e56c96,71.93
a38854600c1b09a00821d27d394347b1c4725a9b,395.75
1a78f350f9646a9d53202e588c62c103073b61f2,71.28
03cec75dd7aa5b127780162eca77fde0dab65548,70.87
5be8921158f488688cc2e961fdd6e772c68338e7,396.70
a26fe34afbb104dc2a1732724d7c0377ec5aa7d3,398.03
c9ca52a0bcca6be6fe88cf319ed55fb0f926c9e6,398.31
d5fa0c69e821c1bb3e38844e491290b0c93d5858,71.19
deaf4e17b02b8fd18d839a72ab9e494f5c494725,401.47
a38854600c1b09a00821d27d394347b1c4725a9b,397.48
9fc4f07f03fe149b7fd7cf8cf16f78d0e5cb3f97,70.28
0b08fa9f9bda6bf73434ea9f21c9952d91458bfb,403.53
eb0b4268c3cf22faf94f3333bc728f8d6535ea1c,71.18
d3bc6c279cfed529bf2c59697901525f1502d22b,398.24
9281ab45d5b8034e8f7a2c1f91e8ecb47539f28a,402.32
5be8921158f488688cc2e961fdd6e772c68338e7,397.06
447e57ed80d2f48ce59d4f7a623c9cb0ba070739,70.21
ead3b1b3b968bdaafbf8ec2ad9de3a9325d3fafc,402.55
0287fd90d6ad17f58369a30d3a025f6d30454fe7,71.27
05347d680a17f3390b1007d298201e891a0760f4,397.09
c4ecf245b277c91af4840e506fed7fc2dc3c775a,399.94
499409b0393f89933904e0cdcb1491b60f666d12,398.42
63f8ebe6c1798f0c4179752f963222440371421b,399.73
a847e1bb8b753eba183fef87aedc977f7e2e8eb8,398.74
df2b9850c610be7b7247d28ee9f967f4cdac0e36,70.53
e0788e0c5e77d07ca23fb554d547ec19d5797989,70.82
bcf8378a6c7da6beb7e5900029fe94849b0f9782,399.86
a73b5b3d40b004660f91ff4153eebe9f5c5a7b3d,401.79
35967be40c421db0ed1940c01ced60b002e5c5db,70.94
19539feb76bd1fc63b17379f84174525f0afae7a,69.93
6643eb38a770a4fd525f6052123c93afcbe41a47,401.31
851488f7197084fd42e8330dbff0b953dad4a258,400.12
281df5a0594a3420e4ac50e58d1f76318337b0cc,401.18
85c120ea90e0c1e0db3e1c9d540a0796961850f0,396.82
f550ba1725664d24423cba6717a2ac3bd08d34fe,403.19
0a5912df16d59929dae6b1ee1d401d7e1c03912e,397.97
0a5912df16d59929dae6b1ee1d401d7e1c03912e,397.80
55501ae5718dd56600b9aedd270b0383008e3dfa,71.91
61c2ab93e5ab11cebbfad98c5489d6ccdeca6fc9,71.17
281df5a0594a3420e4ac50e58d1f76318337b0cc,401.22
f07adf4622133f5df29be00a8c211f0138ea80b0,400.59
c5e0ec5248520085a9f4970a9900b05204846981,399.79
6b6ce9803bce8c2e29f45adf3f556be09da8a83a,70.21
97ed6b11d2078be51a650db72178a9ab805976df,71.24
be781d4b030b84b3059de23d6c2208eec75c89a4,70.40
8df18c794e628291ae5419804e089984fd8ba137,70.39
c9ca52a0bcca6be6fe88cf319ed55fb0f926c9e6,401.57
29c417f5f283b05792a73c62731984c791a5f2da,71.62
9281ab45d5b8034e8f7a2c1f91e8ecb47539f28a,399.90
35967be40c421db0ed1940c01ced60b002e5c5db,70.97
52dd186d1042d8256ad642a10c17672c5e7c1fca,71.68
a73b5b3d40b004660f91ff4153eebe9f5c5a7b3d,395.29
c4c2633cdc2cd4498504b28b96dd0b95ae6789cd,398.02
a26fe34afbb104dc2a1732724d7c0377ec5aa7d3,397.33
7189556a631ee1072efc12b6d150d19ef6858f82,69.55
851488f7197084fd42e8330dbff0b953dad4a258,400.69
1b6edd231234e50a6201f9c9f2c3f8eb0c7c04e7,71.24
c4c2633cdc2cd4498504b28b96dd0b95ae6789cd,402.11
03cec75dd7aa5b127780162eca77fde0dab65548,69.79
b5aec20dcad4ab5eed3b89f28ecded24ad85e112,70.32
c4ecf245b277c91af4840e506fed7fc2dc3c775a,400.31
5be8921158f488688cc2e961fdd6e772c68338e7,400.57
d3bc6c279cfed529bf2c59697901525f1502d22b,400.24
42dfc5c2d60f8914620866bcd21d8a323ddec63e,70.82
6138d4a2aaeabd78edb1939f3aca77a71153ec46,71.68
cb5ef5c4a5cd3ab80f57ad741f74f0ac93fb83de,71.33
1a78f350f9646a9d53202e588c62c103073b61f2,71.79
c9ca52a0bcca6be6fe88cf319ed55fb0f926c9e6,401.57
a26fe34afbb104dc2a1732724d7c0377ec5aa7d3,404.58
cbc120f45587f2ca034b7f844742016317c9df7f,70.28
d5fa0c69e821c1bb3e38844e491290b0c93d5858,71.49
97ed6b11d2078be51a650db72178a9ab805976df,71.75
f07adf4622133f5df29be00a8c211f0138ea80b0,400.73
19539feb76bd1fc63b17379f84174525f0afae7a,70.73
ead3b1b3b968bdaafbf8ec2ad9de3a9325d3fafc,400.68
c4c2633cdc2cd4498504b28b96dd0b95ae6789cd,398.62
701c090107cb94a6d3aa14c1e486cd96a93d234d,70.98
5be8921158f488688cc2e961fdd6e772c68338e7,398.30
6abfa519bc257dcf27baa2a4aaaf68ed3bdce89c,70.48
11f27daeec3986888efa1a0a56a9fbb9f18e3716,400.04
0c61ee0127dc496a4fb124f5cc63c5c0f42ab719,396.92
e943dd385d08e0f76b3002a47969001e3dcb6190,400.59
5ed3d8cd04ecf7974ad8b00844c70ca24124e140,70.55
0287fd90d6ad17f58369a30d3a025f6d30454fe7,71.93
d3bc6c279cfed529bf2c59697901525f1502d22b,398.14
52dd186d1042d8256ad642a10c17672c5e7c1fca,70.77
1d4b0c4b6817d9db90d77d7fd93f88d32312c87e,72.24
a38854600c1b09a00821d27d394347b1c4725a9b,402.97
53156915dca368fa096950966aa4b2877e218834,404.02
9985b36ced515ceb44057a24fdee248306313539,399.97
c0199fdd858cd3c9f3f06657e0666a29336c81d0,400.36
eb0b4268c3cf22faf94f3333bc728f8d6535ea1c,71.76
35967be40c421db0ed1940c01ced60b002e5c5db,69.81
9162b922e57aaf9a1667f2cdf0be0553ccecdac8,400.29
5333972ce6367099e81a8de7d0f73357e6880fb2,398.07
e3e2abfbfc83c54aa756db1ebde3945542899482,400.92
dc9a677d0be2c268510a7d8f4d1c7eb1ccdd13ef,400.44
97ed6b11d2078be51a650db72178a9ab805976df,70.71
0678f8be79c65d26fe98449427a4e81189870e0a,70.66
34e753b4f3144eb3e4c2b71c667ef9695f68e975,399.36
50ef57b392b2bbd009c12c9ccbed40d00c7477b5,70.90
05347d680a17f3390b1007d298201e891a0760f4,398.34
0c61ee0127dc496a4fb124f5cc63c5c0f42ab719,399.98
03cec75dd7aa5b127780162eca77fde0dab65548,71.34
bcf8378a6c7da6beb7e5900029fe94849b0f9782,396.82
02ef578633bd0e211cf8a21d494d357609111780,70.21
61c2ab93e5ab11cebbfad98c5489d6ccdeca6fc9,71.14
6643eb38a770a4fd525f6052123c93afcbe41a47,395.71
fb1a2141ee9cb860521504d043e0a744da4eb325,404.20
5e7832fb7e26264e65cb87279c69aa96dd41fc92,400.27
35967be40c421db0ed1940c01ced60b002e5c5db,72.00
24830db6aaca1e71e6bf632e2cb82be5eeb042cc,71.38
d5fa0c69e821c1bb3e38844e491290b0c93d5858,70.00
837aa3eae71a572b39ae4f62d860c00ed720a089,399.24
cb5ef5c4a5cd3ab80f57ad741f74f0ac93fb83de,70.09
9d4a7142c0b700b8ecc5e7467398f75a5968790d,71.44
1de50c29baf48a2dd20fb9decbc93db58142a9d2,397.56
97ed6b11d2078be51a650db72178a9ab805976df,70.53
9985b36ced515ceb44057a24fdee248306313539,404.35
94848f60c5b8bb5d9825ade4d8952c8b5988e355,71.33
6abfa519bc257dcf27baa2a4aaaf68ed3bdce89c,71.46
7189556a631ee1072efc12b6d150d19ef6858f82,70.51
1000c7004a1b741d988867b13d94c67a9eb341f1,70.61
53ee61bc23e4d1347a752d58f38791b09bb6f58a,395.98
eb0b4268c3cf22faf94f3333bc728f8d6535ea1c,71.91
bcf8378a6c7da6beb7e5900029fe94849b0f9782,397.07
0b08fa9f9bda6bf73434ea9f21c9952d91458bfb,399.10
23610531ffb4adb81860a6091701148a06f1f863,70.34
a18e6b26317d65b43b64e023048070a3808b8669,399.54
7749e0e1e4cfe7d57163a50dec675be98d1b46ef,70.63
85c120ea90e0c1e0db3e1c9d540a0796961850f0,398.03
8df18c794e628291ae5419804e089984fd8ba137,70.34
5e7832fb7e26264e65cb87279c69aa96dd41fc92,398.20
6ad38b5b6a8f1d15936b6131c8b8cf1af3e6b33a,400.11
0c61ee0127dc496a4fb124f5cc63c5c0f42ab719,401.15
61c2ab93e5ab11cebbfad98c5489d6ccdeca6fc9,71.19
85c120ea90e0c1e0db3e1c9d540a0796961850f0,402.67
c9ca52a0bcca6be6fe88cf319ed55fb0f926c9e6,400.26
34e753b4f3144eb3e4c2b71c667ef9695f68e975,399.56
1a78f350f9646a9d53202e588c62c103073b61f2,71.06
fb1a2141ee9cb860521504d043e0a744da4eb325,404.86
53ee61bc23e4d1347a752d58f38791b09bb6f58a,399.24
3963acab31ff4721d01464477a7c51ec53490a32,69.93
cb5ef5c4a5cd3ab80f57ad741f74f0ac93fb83de,69.96
851488f7197084fd42e8330dbff0b953dad4a258,397.86
94848f60c5b8bb5d9825ade4d8952c8b5988e355,70.91
a18e6b26317d65b43b64e023048070a3808b8669,397.40
a26fe34afbb104dc2a1732724d7c0377ec5aa7d3,400.68
173f3a0f52ac1c33faec3e8be721ae84e45c6026,71.33
1a78f350f9646a9d53202e588c62c103073b61f2,71.19
a18e6b26317d65b43b64e023048070a3808b8669,397.12
f46670ba130b4d59425d59a37675811d74dcb97d,393.02
23610531ffb4adb81860a6091701148a06f1f863,70.82
1b6edd231234e50a6201f9c9f2c3f8eb0c7c04e7,70.83
03cec75dd7aa5b127780162eca77fde0dab65548,70.86
05347d680a17f3390b1007d298201e891a0760f4,397.64
50ef57b392b2bbd009c12c9ccbed40d00c7477b5,72.79
0a5912df16d59929dae6b1ee1d401d7e1c03912e,401.79
9d4a7142c0b700b8ecc5e7467398f75a5968790d,70.38
6ad38b5b6a8f1d15936b6131c8b8cf1af3e6b33a,399.13
9162b922e57aaf9a1667f2cdf0be0553ccecdac8,401.01
fbc9d72281fa1448815ef0ed27d801a00861590a,70.40
9ddaf22e97848d3accc23bfd50e3dc95d9d642de,71.35
9985b36ced515ceb44057a24fdee248306313539,396.57
fb1a2141ee9cb860521504d043e0a744da4eb325,401.19
0c61ee0127dc496a4fb124f5cc63c5c0f42ab719,402.38
44d1c1864536bd7c8ccb5569374cf3612d7489ae,400.29
23610531ffb4adb81860a6091701148a06f1f863,70.19
c4ecf245b277c91af4840e506fed7fc2dc3c775a,401.25
1de50c29baf48a2dd20fb9decbc93db58142a9d2,398.65
23610531ffb4adb81860a6091701148a06f1f863,70.80
02ef578633bd0e211cf8a21d494d357609111780,70.84
94848f60c5b8bb5d9825ade4d8952c8b5988e355,70.55
0678f8be79c65d26fe98449427a4e81189870e0a,70.64
499409b0393f89933904e0cdcb1491b60f666d12,396.86
9162b922e57aaf9a1667f2cdf0be0553ccecdac8,400.35
701c090107cb94a6d3aa14c1e486cd96a93d234d,71.23
df2b9850c610be7b7247d28ee9f967f4cdac0e36,71.27
b5aec20dcad4ab5eed3b89f28ecded24ad85e112,71.95
94848f60c5b8bb5d9825ade4d8952c8b5988e355,70.59
c4ecf245b277c91af4840e506fed7fc2dc3c775a,403.10
42dfc5c2d60f8914620866bcd21d8a323ddec63e,71.70
0678f8be79c65d26fe98449427a4e81189870e0a,72.50
85c120ea90e0c1e0db3e1c9d540a0796961850f0,398.02
24830db6aaca1e71e6bf632e2cb82be5eeb042cc,71.52
a701d4a36725feca20ff1d35e4c1ad8336d7b43f,70.20
a26fe34afbb104dc2a1732724d7c0377ec5aa7d3,400.32
eb0b4268c3cf22faf94f3333bc728f8d6535ea1c,70.56
3f99224cac6e548e6139f6ab8523388468e0913f,400.46
0678f8be79c65d26fe98449427a4e81189870e0a,69.99
d5fa0c69e821c1bb3e38844e491290b0c93d5858,70.68
7189556a631ee1072efc12b6d150d19ef6858f82,70.52
be781d4b030b84b3059de23d6c2208eec75c89a4,70.41
63f8ebe6c1798f0c4179752f963222440371421b,397.69
a18e6b26317d65b43b64e023048070a3808b8669,401.57
d3bc6c279cfed529bf2c59697901525f1502d22b,398.27
3963acab31ff4721d01464477a7c51ec53490a32,70.65
173f3a0f52ac1c33faec3e8be721ae84e45c6026,71.06
bcf8378a6c7da6beb7e5900029fe94849b0f9782,401.05
1000c7004a1b741d988867b13d94c67a9eb341f1,70.51
a98a23204f16e81f84aa7706f43f1b63ebd19778,69.96
6b6ce9803bce8c2e29f45adf3f556be09da8a83a,71.09
1d4b0c4b6817d9db90d77d7fd93f88d32312c87e,71.43
94848f60c5b8bb5d9825ade4d8952c8b5988e355,70.52
7749e0e1e4cfe7d57163a50dec675be98d1b46ef,69.95
701c090107cb94a6d3aa14c1e486cd96a93d234d,70.73
9985b36ced515ceb44057a24fdee248306313539,398.82
851488f7197084fd42e8330dbff0b953dad4a258,403.97
fbc9d72281fa1448815ef0ed27d801a00861590a,71.05
03cec75dd7aa5b127780162eca77fde0dab65548,70.84
499409b0393f89933904e0cdcb1491b60f666d12,399.43
447e57ed80d2f48ce59d4f7a623c9cb0ba070739,72.08
1d4b0c4b6817d9db90d77d7fd93f88d32312c87e,71.04
7749e0e1e4cfe7d57163a50dec675be98d1b46ef,71.23
bfcc8df74c23dd96f30eaef3a5d3ee4a57dab08e,72.21
1a78f350f9646a9d53202e588c62c103073b61f2,70.93
97ed6b11d2078be51a650db72178a9ab805976df,71.48
bd692de6142bb48c1a362be11b35033761d4318a,70.91
9d5c5f50efba09df9b41e90f0ece7c5203e0e640,403.01
a701d4a36725feca20ff1d35e4c1ad8336d7b43f,70.36
e3e2abfbfc83c54aa756db1ebde3945542899482,403.10
9d4a7142c0b700b8ecc5e7467398f75a5968790d,71.88
5ed3d8cd04ecf7974ad8b00844c70ca24124e140,70.29
7189556a631ee1072efc12b6d150d19ef6858f82,70.23
44d1c1864536bd7c8ccb5569374cf3612d7489ae,401.45
bd692de6142bb48c1a362be11b35033761d4318a,71.34
06c94b1c2e151c79c9e82b9c2905634618e871e7,399.26
1000c7004a1b741d988867b13d94c67a9eb341f1,69.89
9d5c5f50efba09df9b41e90f0ece7c5203e0e640,401.44
6138d4a2aaeabd78edb1939f3aca77a71153ec46,71.04
701c090107cb94a6d3aa14c1e486cd96a93d234d,71.73
deaf4e17b02b8fd18d839a72ab9e494f5c494725,401.72
1000c7004a1b741d988867b13d94c67a9eb341f1,69.64
f07adf4622133f5df29be00a8c211f0138ea80b0,397.92
0287fd90d6ad17f58369a30d3a025f6d30454fe7,70.38
a38854600c1b09a00821d27d394347b1c4725a9b,398.50
52dd186d1042d8256ad642a10c17672c5e7c1fca,70.57
9fc4f07f03fe149b7fd7cf8cf16f78d0e5cb3f97,70.33
29c417f5f283b05792a73c62731984c791a5f2da,70.05
b5aec20dcad4ab5eed3b89f28ecded24ad85e112,70.98
efa9c8c49b3ab076bfafd9f985c934002c4e9f07,399.17
e3e2abfbfc83c54aa756db1ebde3945542899482,400.53
61c2ab93e5ab11cebbfad98c5489d6ccdeca6fc9,69.45
499409b0393f89933904e0cdcb1491b60f666d12,403.25
1a78f350f9646a9d53202e588c62c103073b61f2,70.78
5fc1f636a1518194ad3faef5e0ef84ccf6e56c96,70.05
a38854600c1b09a00821d27d394347b1c4725a9b,401.86
bd692de6142bb48c1a362be11b35033761d4318a,71.83
701c090107cb94a6d3aa14c1e486cd96a93d234d,71.36
05347d680a17f3390b1007d298201e891a0760f4,399.08
447e57ed80d2f48ce59d4f7a623c9cb0ba070739,70.80
a98a23204f16e81f84aa7706f43f1b63ebd19778,69.68
d3bc6c279cfed529bf2c59697901525f1502d22b,397.52
3963acab31ff4721d01464477a7c51ec53490a32,69.46
63f8ebe6c1798f0c4179752f963222440371421b,403.20
19539feb76bd1fc63b17379f84174525f0afae7a,71.48
6abfa519bc257dcf27baa2a4aaaf68ed3bdce89c,72.53
a701d4a36725feca20ff1d35e4c1ad8336d7b43f,71.87
61c2ab93e5ab11cebbfad98c5489d6ccdeca6fc9,71.40
55501ae5718dd56600b9aedd270b0383008e3dfa,71.62
6b6ce9803bce8c2e29f45adf3f556be09da8a83a,70.60
9fc4f07f03fe149b7fd7cf8cf16f78d0e5cb3f97,72.50
42dfc5c2d60f8914620866bcd21d8a323ddec63e,70.94
e0788e0c5e77d07ca23fb554d547ec19d5797989,69.94
deaf4e17b02b8fd18d839a72ab9e494f5c494725,398.02
5e7832fb7e26264e65cb87279c69aa96dd41fc92,397.03
6b6ce9803bce8c2e29f45adf3f556be09da8a83a,70.65
6abfa519bc257dcf27baa2a4aaaf68ed3bdce89c,72.19
55501ae5718dd56600b9aedd270b0383008e3dfa,71.79
35967be40c421db0ed1940c01ced60b002e5c5db,70.43
173f3a0f52ac1c33faec3e8be721ae84e45c6026,72.54
cbc120f45587f2ca034b7f844742016317c9df7f,70.14
5ed3d8cd04ecf7974ad8b00844c70ca24124e140,71.98
ec803bb6652e8b7fc5b5acbf143d6e16a201feba,400.01
f46670ba130b4d59425d59a37675811d74dcb97d,399.82
23610531ffb4adb81860a6091701148a06f1f863,70.56
52dd186d1042d8256ad642a10c17672c5e7c1fca,70.64
ead3b1b3b968bdaafbf8ec2ad9de3a9325d3fafc,399.67
9162b922e57aaf9a1667f2cdf0be0553ccecdac8,402.21
bcf8378a6c7da6beb7e5900029fe94849b0f9782,400.34
a18e6b26317d65b43b64e023048070a3808b8669,402.17
447e57ed80d2f48ce59d4f7a623c9cb0ba070739,70.29
a73b5b3d40b004660f91ff4153eebe9f5c5a7b3d,399.83
281df5a0594a3420e4ac50e58d1f76318337b0cc,399.23
c4c2633cdc2cd4498504b28b96dd0b95ae6789cd,399.91
5be8921158f488688cc2e961fdd6e772c68338e7,404.10
efa9c8c49b3ab076bfafd9f985c934002c4e9f07,396.20
cb5ef5c4a5cd3ab80f57ad741f74f0ac93fb83de,71.66
9281ab45d5b8034e8f7a2c1f91e8ecb47539f28a,403.51
f07adf4622133f5df29be00a8c211f0138ea80b0,401.54
06c94b1c2e151c79c9e82b9c2905634618e871e7,397.98
ec803bb6652e8b7fc5b5acbf143d6e16a201feba,401.34
7189556a631ee1072efc12b6d150d19ef6858f82,69.61
1d4b0c4b6817d9db90d77d7fd93f88d32312c87e,71.44
52dd186d1042d8256ad642a10c17672c5e7c1fca,70.68
42dfc5c2d60f8914620866bcd21d8a323ddec63e,72.04
be781d4b030b84b3059de23d6c2208eec75c89a4,69.87
11f27daeec3986888efa1a0a56a9fbb9f18e3716,402.29
5333972ce6367099e81a8de7d0f73357e6880fb2,401.80
c9ca52a0bcca6be6fe88cf319ed55fb0f926c9e6,401.22
f46670ba130b4d59425d59a37675811d74dcb97d,399.25
11f27daeec3986888efa1a0a56a9fbb9f18e3716,401.65
1de50c29baf48a2dd20fb9decbc93db58142a9d2,400.20
6ad38b5b6a8f1d15936b6131c8b8cf1af3e6b33a,399.63
e0788e0c5e77d07ca23fb554d547ec19d5797989,71.84
02ef578633bd0e211cf8a21d494d357609111780,71.93
deaf4e17b02b8fd18d839a72ab9e494f5c494725,402.63
c4ecf245b277c91af4840e506fed7fc2dc3c775a,399.57
499409b0393f89933904e0cdcb1491b60f666d12,399.68
3963acab31ff4721d01464477a7c51ec53490a32,70.11
5333972ce6367099e81a8de7d0f73357e6880fb2,400.13
85c120ea90e0c1e0db3e1c9d540a0796961850f0,400.21
c9ca52a0bcca6be6fe88cf319ed55fb0f926c9e6,401.04
3963acab31ff4721d01464477a7c51ec53490a32,70.03
0678f8be79c65d26fe98449427a4e81189870e0a,70.55
02ef578633bd0e211cf8a21d494d357609111780,70.39
1de50c29baf48a2dd20fb9decbc93db58142a9d2,399.23
0287fd90d6ad17f58369a30d3a025f6d30454fe7,71.50
42dfc5c2d60f8914620866bcd21d8a323ddec63e,70.89
53156915dca368fa096950966aa4b2877e218834,397.66
03cec75dd7aa5b127780162eca77fde0dab65548,71.46
5fc1f636a1518194ad3faef5e0ef84ccf6e56c96,71.30
03cec75dd7aa5b127780162eca77fde0dab65548,71.13
f46670ba130b4d59425d59a37675811d74dcb97d,397.91
701c090107cb94a6d3aa14c1e486cd96a93d234d,70.50
bd692de6142bb48c1a362be11b35033761d4318a,71.46
53ee61bc23e4d1347a752d58f38791b09bb6f58a,398.41
50ef57b392b2bbd009c12c9ccbed40d00c7477b5,71.18
efa9c8c49b3ab076bfafd9f985c934002c4e9f07,402.04
19539feb76bd1fc63b17379f84174525f0afae7a,70.03
cb5ef5c4a5cd3ab80f57ad741f74f0ac93fb83de,71.70
c9ca52a0bcca6be6fe88cf319ed55fb0f926c9e6,397.55
94848f60c5b8bb5d9825ade4d8952c8b5988e355,71.83
3f99224cac6e548e6139f6ab8523388468e0913f,401.66
8df18c794e628291ae5419804e089984fd8ba137,70.53
bfcc8df74c23dd96f30eaef3a5d3ee4a57dab08e,70.72
0c61ee0127dc496a4fb124f5cc63c5c0f42ab719,398.38
bfcc8df74c23dd96f30eaef3a5d3ee4a57dab08e,71.80
c4ecf245b277c91af4840e506fed7fc2dc3c775a,398.03
05347d680a17f3390b1007d298201e891a0760f4,399.89
a73b5b3d40b004660f91ff4153eebe9f5c5a7b3d,400.53
f46670ba130b4d59425d59a37675811d74dcb97d,401.80
50ef57b392b2bbd009c12c9ccbed40d00c7477b5,70.83
a26fe34afbb104dc2a1732724d7c0377ec5aa7d3,399.39
dc9a677d0be2c268510a7d8f4d1c7eb1ccdd13ef,400.60
b8d1140ed6b495509dbbe8f76e6fd03b4ab90c38,71.06
85c120ea90e0c1e0db3e1c9d540a0796961850f0,403.09
7749e0e1e4cfe7d57163a50dec675be98d1b46ef,71.37
173f3a0f52ac1c33faec3e8be721ae84e45c6026,71.26
deaf4e17b02b8fd18d839a72ab9e494f5c494725,401.24
6b6ce9803bce8c2e29f45adf3f556be09da8a83a,71.83
0b08fa9f9bda6bf73434ea9f21c9952d91458bfb,402.24
be781d4b030b84b3059de23d6c2208eec75c89a4,71.14
6abfa519bc257dcf27baa2a4aaaf68ed3bdce89c,70.33
8df18c794e628291ae5419804e089984fd8ba137,70.94
b5aec20dcad4ab5eed3b89f28ecded24ad85e112,71.00
a98a23204f16e81f84aa7706f43f1b63ebd19778,70.95
a73b5b3d40b004660f91ff4153eebe9f5c5a7b3d,401.31
df2b9850c610be7b7247d28ee9f967f4cdac0e36,71.41
e3e2abfbfc83c54aa756db1ebde3945542899482,401.96
6138d4a2aaeabd78edb1939f3aca77a71153ec46,71.96
499409b0393f89933904e0cdcb1491b60f666d12,401.25
0a5912df16d59929dae6b1ee1d401d7e1c03912e,400.12
94848f60c5b8bb5d9825ade4d8952c8b5988e355,71.15
52dd186d1042d8256ad642a10c17672c5e7c1fca,70.52
f550ba1725664d24423cba6717a2ac3bd08d34fe,396.66
a847e1bb8b753eba183fef87aedc977f7e2e8eb8,399.33
19539feb76bd1fc63b17379f84174525f0afae7a,69.33
dc9a677d0be2c268510a7d8f4d1c7eb1ccdd13ef,397.39
bfcc8df74c23dd96f30eaef3a5d3ee4a57dab08e,70.79
6abfa519bc257dcf27baa2a4aaaf68ed3bdce89c,70.74
5be8921158f488688cc2e961fdd6e772c68338e7,399.45
5e7832fb7e26264e65cb87279c69aa96dd41fc92,396.55
53156915dca368fa096950966aa4b2877e218834,401.66
a73b5b3d40b004660f91ff4153eebe9f5c5a7b3d,402.10
9985b36ced515ceb44057a24fdee248306313539,403.21
a701d4a36725feca20ff1d35e4c1ad8336d7b43f,71.17
f07adf4622133f5df29be00a8c211f0138ea80b0,397.89
fbc9d72281fa1448815ef0ed27d801a00861590a,71.87
50ef57b392b2bbd009c12c9ccbed40d00c7477b5,71.19
19539feb76bd1fc63b17379f84174525f0afae7a,71.12
1d4b0c4b6817d9db90d77d7fd93f88d32312c87e,70.38
55501ae5718dd56600b9aedd270b0383008e3dfa,70.29
c4ecf245b277c91af4840e506fed7fc2dc3c775a,407.47
447e57ed80d2f48ce59d4f7a623c9cb0ba070739,70.32
b5aec20dcad4ab5eed3b89f28ecded24ad85e112,71.46
9281ab45d5b8034e8f7a2c1f91e8ecb47539f28a,399.73
6ad38b5b6a8f1d15936b6131c8b8cf1af3e6b33a,397.53
50ef57b392b2bbd009c12c9ccbed40d00c7477b5,71.30
e943dd385d08e0f76b3002a47969001e3dcb6190,398.66
5e7832fb7e26264e65cb87279c69aa96dd41fc92,401.09
f550ba1725664d24423cba6717a2ac3bd08d34fe,402.47
9162b922e57aaf9a1667f2cdf0be0553ccecdac8,405.16
bd692de6142bb48c1a362be11b35033761d4318a,71.11
5be8921158f488688cc2e961fdd6e772c68338e7,398.94
9d5c5f50efba09df9b41e90f0ece7c5203e0e640,404.07
3963acab31ff4721d01464477a7c51ec53490a32,71.44
e3e2abfbfc83c54aa756db1ebde3945542899482,401.67
d5fa0c69e821c1bb3e38844e491290b0c93d5858,69.83
1b6edd231234e50a6201f9c9f2c3f8eb0c7c04e7,71.47
44d1c1864536bd7c8ccb5569374cf3612d7489ae,400.36
6643eb38a770a4fd525f6052123c93afcbe41a47,403.70
6ad38b5b6a8f1d15936b6131c8b8cf1af3e6b33a,400.85
f550ba1725664d24423cba6717a2ac3bd08d34fe,400.45
6643eb38a770a4fd525f6052123c93afcbe41a47,400.97
3963acab31ff4721d01464477a7c51ec53490a32,71.35
42dfc5c2d60f8914620866bcd21d8a323ddec63e,71.25
173f3a0f52ac1c33faec3e8be721ae84e45c6026,71.28
7189556a631ee1072efc12b6d150d19ef6858f82,70.63
a73b5b3d40b004660f91ff4153eebe9f5c5a7b3d,401.47
61c2ab93e5ab11cebbfad98c5489d6ccdeca6fc9,71.27
1000c7004a1b741d988867b13d94c67a9eb341f1,69.99
ec803bb6652e8b7fc5b5acbf143d6e16a201feba,400.88
a847e1bb8b753eba183fef87aedc977f7e2e8eb8,404.23
6138d4a2aaeabd78edb1939f3aca77a71153ec46,70.77
fbc9d72281fa1448815ef0ed27d801a00861590a,71.52
a18e6b26317d65b43b64e023048070a3808b8669,396.75
a73b5b3d40b004660f91ff4153eebe9f5c5a7b3d,403.05
9281ab45d5b8034e8f7a2c1f91e8ecb47539f28a,395.61
c0199fdd858cd3c9f3f06657e0666a29336c81d0,399.78
efa9c8c49b3ab076bfafd9f985c934002c4e9f07,400.30
b8d1140ed6b495509dbbe8f76e6fd03b4ab90c38,71.37
ead3b1b3b968bdaafbf8ec2ad9de3a9325d3fafc,395.32
1a78f350f9646a9d53202e588c62c103073b61f2,70.18
5333972ce6367099e81a8de7d0f73357e6880fb2,397.33
6ad38b5b6a8f1d15936b6131c8b8cf1af3e6b33a,396.29
1d4b0c4b6817d9db90d77d7fd93f88d32312c87e,70.11
9162b922e57aaf9a1667f2cdf0be0553ccecdac8,403.67
6138d4a2aaeabd78edb1939f3aca77a71153ec46,71.74
19539feb76bd1fc63b17379f84174525f0afae7a,71.91
1b6edd231234e50a6201f9c9f2c3f8eb0c7c04e7,70.63
c9ca52a0bcca6be6fe88cf319ed55fb0f926c9e6,404.00
c4c2633cdc2cd4498504b28b96dd0b95ae6789cd,402.80
55501ae5718dd56600b9aedd270b0383008e3dfa,71.59
851488f7197084fd42e8330dbff0b953dad4a258,398.07
5be8921158f488688cc2e961fdd6e772c68338e7,399.41
bfcc8df74c23dd96f30eaef3a5d3ee4a57dab08e,71.90
5e7832fb7e26264e65cb87279c69aa96dd41fc92,399.76
29c417f5f283b05792a73c62731984c791a5f2da,70.22
efa9c8c49b3ab076bfafd9f985c934002c4e9f07,400.92
9fc4f07f03fe149b7fd7cf8cf16f78d0e5cb3f97,71.63
1000c7004a1b741d988867b13d94c67a9eb341f1,71.27
29c417f5f283b05792a73c62731984c791a5f2da,71.09
cbc120f45587f2ca034b7f844742016317c9df7f,70.88
94848f60c5b8bb5d9825ade4d8952c8b5988e355,70.96
c4c2633cdc2cd4498504b28b96dd0b95ae6789cd,398.35
5333972ce6367099e81a8de7d0f73357e6880fb2,401.02
dc9a677d0be2c268510a7d8f4d1c7eb1ccdd13ef,398.53
b8d1140ed6b495509dbbe8f76e6fd03b4ab90c38,71.02
ead3b1b3b968bdaafbf8ec2ad9de3a9325d3fafc,403.80
ead3b1b3b968bdaafbf8ec2ad9de3a9325d3fafc,401.14
e0788e0c5e77d07ca23fb554d547ec19d5797989,69.86
5e7832fb7e26264e65cb87279c69aa96dd41fc92,398.30
0a5912df16d59929dae6b1ee1d401d7e1c03912e,403.19
0287fd90d6ad17f58369a30d3a025f6d30454fe7,71.82
a701d4a36725feca20ff1d35e4c1ad8336d7b43f,70.71
447e57ed80d2f48ce59d4f7a623c9cb0ba070739,71.01
0b08fa9f9bda6bf73434ea9f21c9952d91458bfb,400.74
0a042782f4b6cbae0e1b0959a89be9a5e0a2b0f3,70.70
f07adf4622133f5df29be00a8c211f0138ea80b0,391.45
c0199fdd858cd3c9f3f06657e0666a29336c81d0,401.98
44d1c1864536bd7c8ccb5569374cf3612d7489ae,400.16
a98a23204f16e81f84aa7706f43f1b63ebd19778,70.37
85c120ea90e0c1e0db3e1c9d540a0796961850f0,402.73
f550ba1725664d24423cba6717a2ac3bd08d34fe,398.94
0287fd90d6ad17f58369a30d3a025f6d30454fe7,70.87
6138d4a2aaeabd78edb1939f3aca77a71153ec46,70.55
1a78f350f9646a9d53202e588c62c103073b61f2,71.17
a847e1bb8b753eba183fef87aedc977f7e2e8eb8,402.56
d3bc6c279cfed529bf2c59697901525f1502d22b,401.90
0b08fa9f9bda6bf73434ea9f21c9952d91458bfb,398.37
6643eb38a770a4fd525f6052123c93afcbe41a47,405.46
e943dd385d08e0f76b3002a47969001e3dcb6190,401.59
3963acab31ff4721d01464477a7c51ec53490a32,70.09
9985b36ced515ceb44057a24fdee248306313539,403.19
7189556a631ee1072efc12b6d150d19ef6858f82,70.72
c0199fdd858cd3c9f3f06657e0666a29336c81d0,401.62
02ef578633bd0e211cf8a21d494d357609111780,70.12
a73b5b3d40b004660f91ff4153eebe9f5c5a7b3d,402.89
19539feb76bd1fc63b17379f84174525f0afae7a,70.23
29c417f5f283b05792a73c62731984c791a5f2da,70.94
ead3b1b3b968bdaafbf8ec2ad9de3a9325d3fafc,404.13
e943dd385d08e0f76b3002a47969001e3dcb6190,402.78
34e753b4f3144eb3e4c2b71c667ef9695f68e975,400.14
02ef578633bd0e211cf8a21d494d357609111780,70.38
55501ae5718dd56600b9aedd270b0383008e3dfa,71.29
b5aec20dcad4ab5eed3b89f28ecded24ad85e112,70.52
1de50c29baf48a2dd20fb9decbc93db58142a9d2,403.41
34e753b4f3144eb3e4c2b71c667ef9695f68e975,398.70
e0788e0c5e77d07ca23fb554d547ec19d5797989,71.81
0b08fa9f9bda6bf73434ea9f21c9952d91458bfb,396.20
0678f8be79c65d26fe98449427a4e81189870e0a,70.86
9985b36ced515ceb44057a24fdee248306313539,396.56
c5e0ec5248520085a9f4970a9900b05204846981,400.02
6b6ce9803bce8c2e29f45adf3f556be09da8a83a,70.74
c5e0ec5248520085a9f4970a9900b05204846981,401.68
9162b922e57aaf9a1667f2cdf0be0553ccecdac8,402.96
f07adf4622133f5df29be00a8c211f0138ea80b0,403.72
837aa3eae71a572b39ae4f62d860c00ed720a089,399.52
7749e0e1e4cfe7d57163a50dec675be98d1b46ef,71.26
5333972ce6367099e81a8de7d0f73357e6880fb2,403.83
6138d4a2aaeabd78edb1939f3aca77a71153ec46,70.71
281df5a0594a3420e4ac50e58d1f76318337b0cc,402.36
97ed6b11d2078be51a650db72178a9ab805976df,71.57
f550ba1725664d24423cba6717a2ac3bd08d34fe,400.48
3963acab31ff4721d01464477a7c51ec53490a32,71.68
a73b5b3d40b004660f91ff4153eebe9f5c5a7b3d,405.17
c4ecf245b277c91af4840e506fed7fc2dc3c775a,398.47
cbc120f45587f2ca034b7f844742016317c9df7f,72.23
9ddaf22e97848d3accc23bfd50e3dc95d9d642de,70.74
bd692de6142bb48c1a362be11b35033761d4318a,71.03
35967be40c421db0ed1940c01ced60b002e5c5db,70.53
deaf4e17b02b8fd18d839a72ab9e494f5c494725,399.61
fbc9d72281fa1448815ef0ed27d801a00861590a,71.01
a38854600c1b09a00821d27d394347b1c4725a9b,399.55
fb1a2141ee9cb860521504d043e0a744da4eb325,399.46
5fc1f636a1518194ad3faef5e0ef84ccf6e56c96,70.64
9fc4f07f03fe149b7fd7cf8cf16f78d0e5cb3f97,70.87
5ed3d8cd04ecf7974ad8b00844c70ca24124e140,71.28
9162b922e57aaf9a1667f2cdf0be0553ccecdac8,402.36
0b08fa9f9bda6bf73434ea9f21c9952d91458bfb,404.23
c5e0ec5248520085a9f4970a9900b05204846981,399.85
03cec75dd7aa5b127780162eca77fde0dab65548,69.37
5fc1f636a1518194ad3faef5e0ef84ccf6e56c96,70.63
29c417f5f283b05792a73c62731984c791a5f2da,70.35
0a042782f4b6cbae0e1b0959a89be9a5e0a2b0f3,71.31
6abfa519bc257dcf27baa2a4aaaf68ed3bdce89c,69.94
52dd186d1042d8256ad642a10c17672c5e7c1fca,70.51
f46670ba130b4d59425d59a37675811d74dcb97d,403.72
f46670ba130b4d59425d59a37675811d74dcb97d,400.15
c0199fdd858cd3c9f3f06657e0666a29336c81d0,399.68
29c417f5f283b05792a73c62731984c791a5f2da,70.63
6abfa519bc257dcf27baa2a4aaaf68ed3bdce89c,70.94
a38854600c1b09a00821d27d394347b1c4725a9b,402.33
df2b9850c610be7b7247d28ee9f967f4cdac0e36,69.50
02ef578633bd0e211cf8a21d494d357609111780,71.12
a701d4a36725feca20ff1d35e4c1ad8336d7b43f,69.65
06c94b1c2e151c79c9e82b9c2905634618e871e7,400.59
bcf8378a6c7da6beb7e5900029fe94849b0f9782,397.67
9281ab45d5b8034e8f7a2c1f91e8ecb47539f28a,398.92
a847e1bb8b753eba183fef87aedc977f7e2e8eb8,397.94
6b6ce9803bce8c2e29f45adf3f556be09da8a83a,71.06
55501ae5718dd56600b9aedd270b0383008e3dfa,71.31
0a042782f4b6cbae0e1b0959a89be9a5e0a2b0f3,72.00
9d4a7142c0b700b8ecc5e7467398f75a5968790d,71.96
3f99224cac6e548e6139f6ab8523388468e0913f,404.52
5e7832fb7e26264e65cb87279c69aa96dd41fc92,403.40
63f8ebe6c1798f0c4179752f963222440371421b,403.15
0a042782f4b6cbae0e1b0959a89be9a5e0a2b0f3,71.94
9162b922e57aaf9a1667f2cdf0be0553ccecdac8,402.97
bfcc8df74c23dd96f30eaef3a5d3ee4a57dab08e,70.30
837aa3eae71a572b39ae4f62d860c00ed720a089,407.81
be781d4b030b84b3059de23d6c2208eec75c89a4,69.61
5fc1f636a1518194ad3faef5e0ef84ccf6e56c96,70.78
97ed6b11d2078be51a650db72178a9ab805976df,70.59
a38854600c1b09a00821d27d394347b1c4725a9b,401.71
7749e0e1e4cfe7d57163a50dec675be98d1b46ef,71.12
cb5ef5c4a5cd3ab80f57ad741f74f0ac93fb83de,71.92
6138d4a2aaeabd78edb1939f3aca77a71153ec46,70.43
9d4a7142c0b700b8ecc5e7467398f75a5968790d,71.80
0a042782f4b6cbae0e1b0959a89be9a5e0a2b0f3,70.60
50ef57b392b2bbd009c12c9ccbed40d00c7477b5,71.34
5ed3d8cd04ecf7974ad8b00844c70ca24124e140,71.31
efa9c8c49b3ab076bfafd9f985c934002c4e9f07,397.10
19539feb76bd1fc63b17379f84174525f0afae7a,71.10
9d5c5f50efba09df9b41e90f0ece7c5203e0e640,403.95
52dd186d1042d8256ad642a10c17672c5e7c1fca,70.96
06c94b1c2e151c79c9e82b9c2905634618e871e7,404.80
e3e2abfbfc83c54aa756db1ebde3945542899482,405.18
61c2ab93e5ab11cebbfad98c5489d6ccdeca6fc9,71.27
837aa3eae71a572b39ae4f62d860c00ed720a089,400.15
9ddaf22e97848d3accc23bfd50e3dc95d9d642de,71.99
34e753b4f3144eb3e4c2b71c667ef9695f68e975,396.39
94848f60c5b8bb5d9825ade4d8952c8b5988e355,70.83
b5aec20dcad4ab5eed3b89f28ecded24ad85e112,71.57
0c61ee0127dc496a4fb124f5cc63c5c0f42ab719,404.43
9d5c5f50efba09df9b41e90f0ece7c5203e0e640,398.19
cbc120f45587f2ca034b7f844742016317c9df7f,72.45
851488f7197084fd42e8330dbff0b953dad4a258,398.68
8df18c794e628291ae5419804e089984fd8ba137,71.77
1a78f350f9646a9d53202e588c62c103073b61f2,70.60
9d4a7142c0b700b8ecc5e7467398f75a5968790d,71.24
7749e0e1e4cfe7d57163a50dec675be98d1b46ef,70.36
deaf4e17b02b8fd18d839a72ab9e494f5c494725,401.86
bcf8378a6c7da6beb7e5900029fe94849b0f9782,399.62
499409b0393f89933904e0cdcb1491b60f666d12,394.10
55501ae5718dd56600b9aedd270b0383008e3dfa,70.44
d3bc6c279cfed529bf2c59697901525f1502d22b,399.49
c4c2633cdc2cd4498504b28b96dd0b95ae6789cd,406.78
c4ecf245b277c91af4840e506fed7fc2dc3c775a,402.26
d5fa0c69e821c1bb3e38844e491290b0c93d5858,71.62
1b6edd231234e50a6201f9c9f2c3f8eb0c7c04e7,70.85
0a5912df16d59929dae6b1ee1d401d7e1c03912e,401.53
e0788e0c5e77d07ca23fb554d547ec19d5797989,71.08
e3e2abfbfc83c54aa756db1ebde3945542899482,405.84
06c94b1c2e151c79c9e82b9c2905634618e871e7,402.55
1a78f350f9646a9d53202e588c62c103073b61f2,71.58
42dfc5c2d60f8914620866bcd21d8a323ddec63e,71.11
ec803bb6652e8b7fc5b5acbf143d6e16a201feba,398.67
53ee61bc23e4d1347a752d58f38791b09bb6f58a,400.37
1de50c29baf48a2dd20fb9decbc93db58142a9d2,397.95
447e57ed80d2f48ce59d4f7a623c9cb0ba070739,70.70
50ef57b392b2bbd009c12c9ccbed40d00c7477b5,71.41
6ad38b5b6a8f1d15936b6131c8b8cf1af3e6b33a,401.13
cb5ef5c4a5cd3ab80f57ad741f74f0ac93fb83de,71.64
701c090107cb94a6d3aa14c1e486cd96a93d234d,70.47
34e753b4f3144eb3e4c2b71c667ef9695f68e975,401.93
24830db6aaca1e71e6bf632e2cb82be5eeb042cc,71.13
3f99224cac6e548e6139f6ab8523388468e0913f,403.57
85c120ea90e0c1e0db3e1c9d540a0796961850f0,402.32
23610531ffb4adb81860a6091701148a06f1f863,69.93
bcf8378a6c7da6beb7e5900029fe94849b0f9782,400.86
61c2ab93e5ab11cebbfad98c5489d6ccdeca6fc9,71.32
24830db6aaca1e71e6bf632e2cb82be5eeb042cc,71.17
b5aec20dcad4ab5eed3b89f28ecded24ad85e112,69.91
23610531ffb4adb81860a6091701148a06f1f863,70.75
5333972ce6367099e81a8de7d0f73357e6880fb2,402.07
447e57ed80d2f48ce59d4f7a623c9cb0ba070739,71.47
bd692de6142bb48c1a362be11b35033761d4318a,70.20
b8d1140ed6b495509dbbe8f76e6fd03b4ab90c38,72.03
53ee61bc23e4d1347a752d58f38791b09bb6f58a,400.73
9fc4f07f03fe149b7fd7cf8cf16f78d0e5cb3f97,71.06
837aa3eae71a572b39ae4f62d860c00ed720a089,397.67
8df18c794e628291ae5419804e089984fd8ba137,69.84
447e57ed80d2f48ce59d4f7a623c9cb0ba070739,71.58
9fc4f07f03fe149b7fd7cf8cf16f78d0e5cb3f97,71.32
5be8921158f488688cc2e961fdd6e772c68338e7,402.14
a98a23204f16e81f84aa7706f43f1b63ebd19778,70.39
b8d1140ed6b495509dbbe8f76e6fd03b4ab90c38,71.99
0c61ee0127dc496a4fb124f5cc63c5c0f42ab719,397.95
f550ba1725664d24423cba6717a2ac3bd08d34fe,402.02
05347d680a17f3390b1007d298201e891a0760f4,399.83
0c61ee0127dc496a4fb124f5cc63c5c0f42ab719,402.73
a847e1bb8b753eba183fef87aedc977f7e2e8eb8,403.47
6b6ce9803bce8c2e29f45adf3f556be09da8a83a,72.27
97ed6b11d2078be51a650db72178a9ab805976df,71.77
5fc1f636a1518194ad3faef5e0ef84ccf6e56c96,69.70
a73b5b3d40b004660f91ff4153eebe9f5c5a7b3d,402.22
23610531ffb4adb81860a6091701148a06f1f863,71.06
0a042782f4b6cbae0e1b0959a89be9a5e0a2b0f3,71.21
bfcc8df74c23dd96f30eaef3a5d3ee4a57dab08e,71.43
97ed6b11d2078be51a650db72178a9ab805976df,70.51
5fc1f636a1518194ad3faef5e0ef84ccf6e56c96,70.52
11f27daeec3986888efa1a0a56a9fbb9f18e3716,401.91
0a5912df16d59929dae6b1ee1d401d7e1c03912e,403.01
06c94b1c2e151c79c9e82b9c2905634618e871e7,401.90
be781d4b030b84b3059de23d6c2208eec75c89a4,71.21
e943dd385d08e0f76b3002a47969001e3dcb6190,397.51
7189556a631ee1072efc12b6d150d19ef6858f82,71.14
fb1a2141ee9cb860521504d043e0a744da4eb325,404.98
9fc4f07f03fe149b7fd7cf8cf16f78d0e5cb3f97,70.68
a701d4a36725feca20ff1d35e4c1ad8336d7b43f,71.91
0b08fa9f9bda6bf73434ea9f21c9952d91458bfb,402.19
03cec75dd7aa5b127780162eca77fde0dab65548,71.03
9281ab45d5b8034e8f7a2c1f91e8ecb47539f28a,399.71
5333972ce6367099e81a8de7d0f73357e6880fb2,402.65
bd692de6142bb48c1a362be11b35033761d4318a,71.16
f46670ba130b4d59425d59a37675811d74dcb97d,401.01
281df5a0594a3420e4ac50e58d1f76318337b0cc,403.28
1d4b0c4b6817d9db90d77d7fd93f88d32312c87e,71.50
281df5a0594a3420e4ac50e58d1f76318337b0cc,398.15
be781d4b030b84b3059de23d6c2208eec75c89a4,69.67
6138d4a2aaeabd78edb1939f3aca77a71153ec46,72.05
1d4b0c4b6817d9db90d77d7fd93f88d32312c87e,71.16
cbc120f45587f2ca034b7f844742016317c9df7f,71.09
42dfc5c2d60f8914620866bcd21d8a323ddec63e,72.30
fb1a2141ee9cb860521504d043e0a744da4eb325,403.45
f46670ba130b4d59425d59a37675811d74dcb97d,401.38
42dfc5c2d60f8914620866bcd21d8a323ddec63e,71.79
fbc9d72281fa1448815ef0ed27d801a00861590a,71.02
b8d1140ed6b495509dbbe8f76e6fd03b4ab90c38,71.82
23610531ffb4adb81860a6091701148a06f1f863,70.21
9fc4f07f03fe149b7fd7cf8cf16f78d0e5cb3f97,70.32
d3bc6c279cfed529bf2c59697901525f1502d22b,403.89
5ed3d8cd04ecf7974ad8b00844c70ca24124e140,71.21
c9ca52a0bcca6be6fe88cf319ed55fb0f926c9e6,398.65
e943dd385d08e0f76b3002a47969001e3dcb6190,399.18
bfcc8df74c23dd96f30eaef3a5d3ee4a57dab08e,69.80
f07adf4622133f5df29be00a8c211f0138ea80b0,399.60
24830db6aaca1e71e6bf632e2cb82be5eeb042cc,69.99
deaf4e17b02b8fd18d839a72ab9e494f5c494725,399.30
cbc120f45587f2ca034b7f844742016317c9df7f,70.69
a38854600c1b09a00821d27d394347b1c4725a9b,401.15
c9ca52a0bcca6be6fe88cf319ed55fb0f926c9e6,400.90
9ddaf22e97848d3accc23bfd50e3dc95d9d642de,70.58
44d1c1864536bd7c8ccb5569374cf3612d7489ae,399.75
5ed3d8cd04ecf7974ad8b00844c70ca24124e140,69.71
cbc120f45587f2ca034b7f844742016317c9df7f,71.09
dc9a677d0be2c268510a7d8f4d1c7eb1ccdd13ef,397.98
1de50c29baf48a2dd20fb9decbc93db58142a9d2,398.27
b5aec20dcad4ab5eed3b89f28ecded24ad85e112,70.40
9ddaf22e97848d3accc23bfd50e3dc95d9d642de,71.23
837aa3eae71a572b39ae4f62d860c00ed720a089,403.78
29c417f5f283b05792a73c62731984c791a5f2da,70.03
85c120ea90e0c1e0db3e1c9d540a0796961850f0,397.77
63f8ebe6c1798f0c4179752f963222440371421b,402.97
a98a23204f16e81f84aa7706f43f1b63ebd19778,69.89
0a5912df16d59929dae6b1ee1d401d7e1c03912e,400.53
9fc4f07f03fe149b7fd7cf8cf16f78d0e5cb3f97,69.87
9d5c5f50efba09df9b41e90f0ece7c5203e0e640,395.35
9ddaf22e97848d3accc23bfd50e3dc95d9d642de,72.40
35967be40c421db0ed1940c01ced60b002e5c5db,71.46
a26fe34afbb104dc2a1732724d7c0377ec5aa7d3,402.26
55501ae5718dd56600b9aedd270b0383008e3dfa,70.44
05347d680a17f3390b1007d298201e891a0760f4,404.02
7749e0e1e4cfe7d57163a50dec675be98d1b46ef,71.31
94848f60c5b8bb5d9825ade4d8952c8b5988e355,70.21
b8d1140ed6b495509dbbe8f76e6fd03b4ab90c38,71.61
bd692de6142bb48c1a362be11b35033761d4318a,72.28
c4ecf245b277c91af4840e506fed7fc2dc3c775a,398.59
a98a23204f16e81f84aa7706f43f1b63ebd19778,70.97
9d4a7142c0b700b8ecc5e7467398f75a5968790d,71.00
52dd186d1042d8256ad642a10c17672c5e7c1fca,71.53
6138d4a2aaeabd78edb1939f3aca77a71153ec46,71.62
6138d4a2aaeabd78edb1939f3aca77a71153ec46,71.13
499409b0393f89933904e0cdcb1491b60f666d12,399.93
06c94b1c2e151c79c9e82b9c2905634618e871e7,401.53
c0199fdd858cd3c9f3f06657e0666a29336c81d0,402.91
df2b9850c610be7b7247d28ee9f967f4cdac0e36,71.22
837aa3eae71a572b39ae4f62d860c00ed720a089,398.44
0287fd90d6ad17f58369a30d3a025f6d30454fe7,70.68
c5e0ec5248520085a9f4970a9900b05204846981,400.26
1b6edd231234e50a6201f9c9f2c3f8eb0c7c04e7,70.32
3f99224cac6e548e6139f6ab8523388468e0913f,400.75
dc9a677d0be2c268510a7d8f4d1c7eb1ccdd13ef,402.87
fb1a2141ee9cb860521504d043e0a744da4eb325,398.54
dc9a677d0be2c268510a7d8f4d1c7eb1ccdd13ef,399.77
499409b0393f89933904e0cdcb1491b60f666d12,401.16
173f3a0f52ac1c33faec3e8be721ae84e45c6026,71.09
499409b0393f89933904e0cdcb1491b60f666d12,398.56
fbc9d72281fa1448815ef0ed27d801a00861590a,72.16
9985b36ced515ceb44057a24fdee248306313539,402.07
1a78f350f9646a9d53202e588c62c103073b61f2,70.42
701c090107cb94a6d3aa14c1e486cd96a93d234d,70.97
06c94b1c2e151c79c9e82b9c2905634618e871e7,400.89
f07adf4622133f5df29be00a8c211f0138ea80b0,400.54
1d4b0c4b6817d9db90d77d7fd93f88d32312c87e,71.02
e943dd385d08e0f76b3002a47969001e3dcb6190,404.04
837aa3eae71a572b39ae4f62d860c00ed720a089,403.50
53ee61bc23e4d1347a752d58f38791b09bb6f58a,402.26
5e7832fb7e26264e65cb87279c69aa96dd41fc92,403.70
1de50c29baf48a2dd20fb9decbc93db58142a9d2,401.73
c4ecf245b277c91af4840e506fed7fc2dc3c775a,400.54
8df18c794e628291ae5419804e089984fd8ba137,70.39
9281ab45d5b8034e8f7a2c1f91e8ecb47539f28a,400.05
a98a23204f16e81f84aa7706f43f1b63ebd19778,71.06
a98a23204f16e81f84aa7706f43f1b63ebd19778,70.77
bfcc8df74c23dd96f30eaef3a5d3ee4a57dab08e,70.85
9d5c5f50efba09df9b41e90f0ece7c5203e0e640,399.69
6643eb38a770a4fd525f6052123c93afcbe41a47,399.97
a701d4a36725feca20ff1d35e4c1ad8336d7b43f,71.56
281df5a0594a3420e4ac50e58d1f76318337b0cc,398.79
0b08fa9f9bda6bf73434ea9f21c9952d91458bfb,402.23
1b6edd231234e50a6201f9c9f2c3f8eb0c7c04e7,70.76
53156915dca368fa096950966aa4b2877e218834,403.45
23610531ffb4adb81860a6091701148a06f1f863,70.36
44d1c1864536bd7c8ccb5569374cf3612d7489ae,400.62
5ed3d8cd04ecf7974ad8b00844c70ca24124e140,70.66
be781d4b030b84b3059de23d6c2208eec75c89a4,70.96
d5fa0c69e821c1bb3e38844e491290b0c93d5858,70.85
851488f7197084fd42e8330dbff0b953dad4a258,401.79
eb0b4268c3cf22faf94f3333bc728f8d6535ea1c,70.97
6b6ce9803bce8c2e29f45adf3f556be09da8a83a,71.19
701c090107cb94a6d3aa14c1e486cd96a93d234d,70.95
cbc120f45587f2ca034b7f844742016317c9df7f,70.23
02ef578633bd0e211cf8a21d494d357609111780,70.29
c9ca52a0bcca6be6fe88cf319ed55fb0f926c9e6,400.98
63f8ebe6c1798f0c4179752f963222440371421b,399.58
06c94b1c2e151c79c9e82b9c2905634618e871e7,400.78
ead3b1b3b968bdaafbf8ec2ad9de3a9325d3fafc,401.70
97ed6b11d2078be51a650db72178a9ab805976df,71.08
851488f7197084fd42e8330dbff0b953dad4a258,399.95
b5aec20dcad4ab5eed3b89f28ecded24ad85e112,71.17
0c61ee0127dc496a4fb124f5cc63c5c0f42ab719,397.77
0a5912df16d59929dae6b1ee1d401d7e1c03912e,401.31
d3bc6c279cfed529bf2c59697901525f1502d22b,400.02
e0788e0c5e77d07ca23fb554d547ec19d5797989,70.92
c0199fdd858cd3c9f3f06657e0666a29336c81d0,401.10
b8d1140ed6b495509dbbe8f76e6fd03b4ab90c38,71.11
cb5ef5c4a5cd3ab80f57ad741f74f0ac93fb83de,70.65
03cec75dd7aa5b127780162eca77fde0dab65548,71.71
a26fe34afbb104dc2a1732724d7c0377ec5aa7d3,399.96
0678f8be79c65d26fe98449427a4e81189870e0a,70.61
9985b36ced515ceb44057a24fdee248306313539,402.22
281df5a0594a3420e4ac50e58d1f76318337b0cc,400.22
a26fe34afbb104dc2a1732724d7c0377ec5aa7d3,401.74
e943dd385d08e0f76b3002a47969001e3dcb6190,402.66
3963acab31ff4721d01464477a7c51ec53490a32,70.84
55501ae5718dd56600b9aedd270b0383008e3dfa,69.99
c5e0ec5248520085a9f4970a9900b05204846981,398.51
cb5ef5c4a5cd3ab80f57ad741f74f0ac93fb83de,70.69
447e57ed80d2f48ce59d4f7a623c9cb0ba070739,71.55
ec803bb6652e8b7fc5b5acbf143d6e16a201feba,398.54
06c94b1c2e151c79c9e82b9c2905634618e871e7,401.46
5be8921158f488688cc2e961fdd6e772c68338e7,400.69
6b6ce9803bce8c2e29f45adf3f556be09da8a83a,71.08
173f3a0f52ac1c33faec3e8be721ae84e45c6026,70.90
44d1c1864536bd7c8ccb5569374cf3612d7489ae,401.37
1b6edd231234e50a6201f9c9f2c3f8eb0c7c04e7,71.81
24830db6aaca1e71e6bf632e2cb82be5eeb042cc,71.03
a847e1bb8b753eba183fef87aedc977f7e2e8eb8,403.09
52dd186d1042d8256ad642a10c17672c5e7c1fca,71.12
0678f8be79c65d26fe98449427a4e81189870e0a,70.17
f550ba1725664d24423cba6717a2ac3bd08d34fe,398.99
e943dd385d08e0f76b3002a47969001e3dcb6190,397.56
42dfc5c2d60f8914620866bcd21d8a323ddec63e,71.65
c9ca52a0bcca6be6fe88cf319ed55fb0f926c9e6,394.36
50ef57b392b2bbd009c12c9ccbed40d00c7477b5,70.46
97ed6b11d2078be51a650db72178a9ab805976df,72.32
5333972ce6367099e81a8de7d0f73357e6880fb2,398.70
efa9c8c49b3ab076bfafd9f985c934002c4e9f07,405.07
b5aec20dcad4ab5eed3b89f28ecded24ad85e112,70.43
c4c2633cdc2cd4498504b28b96dd0b95ae6789cd,408.82
c4c2633cdc2cd4498504b28b96dd0b95ae6789cd,399.55
7749e0e1e4cfe7d57163a50dec675be98d1b46ef,71.39
a18e6b26317d65b43b64e023048070a3808b8669,404.57
281df5a0594a3420e4ac50e58d1f76318337b0cc,402.34
a38854600c1b09a00821d27d394347b1c4725a9b,399.39
f550ba1725664d24423cba6717a2ac3bd08d34fe,397.89
f07adf4622133f5df29be00a8c211f0138ea80b0,400.45
1de50c29baf48a2dd20fb9decbc93db58142a9d2,400.42
a701d4a36725feca20ff1d35e4c1ad8336d7b43f,71.07
9d4a7142c0b700b8ecc5e7467398f75a5968790d,71.27
c0199fdd858cd3c9f3f06657e0666a29336c81d0,399.04
d5fa0c69e821c1bb3e38844e491290b0c93d5858,70.61
0a042782f4b6cbae0e1b0959a89be9a5e0a2b0f3,71.25
deaf4e17b02b8fd18d839a72ab9e494f5c494725,403.70
5333972ce6367099e81a8de7d0f73357e6880fb2,398.26
3f99224cac6e548e6139f6ab8523388468e0913f,407.61
f46670ba130b4d59425d59a37675811d74dcb97d,402.82
fbc9d72281fa1448815ef0ed27d801a00861590a,70.67
44d1c1864536bd7c8ccb5569374cf3612d7489ae,399.22
a847e1bb8b753eba183fef87aedc977f7e2e8eb8,397.95
42dfc5c2d60f8914620866bcd21d8a323ddec63e,71.04
5be8921158f488688cc2e961fdd6e772c68338e7,399.72
efa9c8c49b3ab076bfafd9f985c934002c4e9f07,403.14
02ef578633bd0e211cf8a21d494d357609111780,71.09
447e57ed80d2f48ce59d4f7a623c9cb0ba070739,70.60
9d5c5f50efba09df9b41e90f0ece7c5203e0e640,401.88
e0788e0c5e77d07ca23fb554d547ec19d5797989,70.60
eb0b4268c3cf22faf94f3333bc728f8d6535ea1c,71.52
0a042782f4b6cbae0e1b0959a89be9a5e0a2b0f3,71.67
e3e2abfbfc83c54aa756db1ebde3945542899482,402.23
b5aec20dcad4ab5eed3b89f28ecded24ad85e112,70.23
7189556a631ee1072efc12b6d150d19ef6858f82,70.70
19539feb76bd1fc63b17379f84174525f0afae7a,71.63
173f3a0f52ac1c33faec3e8be721ae84e45c6026,71.13
24830db6aaca1e71e6bf632e2cb82be5eeb042cc,72.19
5fc1f636a1518194ad3faef5e0ef84ccf6e56c96,70.80
29c417f5f283b05792a73c62731984c791a5f2da,70.81
52dd186d1042d8256ad642a10c17672c5e7c1fca,71.39
5fc1f636a1518194ad3faef5e0ef84ccf6e56c96,70.13
eb0b4268c3cf22faf94f3333bc728f8d6535ea1c,71.06
e3e2abfbfc83c54aa756db1ebde3945542899482,402.00
df2b9850c610be7b7247d28ee9f967f4cdac0e36,71.15
eb0b4268c3cf22faf94f3333bc728f8d6535ea1c,70.33
1b6edd231234e50a6201f9c9f2c3f8eb0c7c04e7,70.88
0a042782f4b6cbae0e1b0959a89be9a5e0a2b0f3,72.03
9985b36ced515ceb44057a24fdee248306313539,401.73
df2b9850c610be7b7247d28ee9f967f4cdac0e36,71.98
34e753b4f3144eb3e4c2b71c667ef9695f68e975,402.52
9ddaf22e97848d3accc23bfd50e3dc95d9d642de,70.79
9162b922e57aaf9a1667f2cdf0be0553ccecdac8,399.29
44d1c1864536bd7c8ccb5569374cf3612d7489ae,401.60
06c94b1c2e151c79c9e82b9c2905634618e871e7,400.91
9d4a7142c0b700b8ecc5e7467398f75a5968790d,71.46
8df18c794e628291ae5419804e089984fd8ba137,71.85
03cec75dd7aa5b127780162eca77fde0dab65548,69.68
6b6ce9803bce8c2e29f45adf3f556be09da8a83a,71.25
1d4b0c4b6817d9db90d77d7fd93f88d32312c87e,70.97
8df18c794e628291ae5419804e089984fd8ba137,71.53
e0788e0c5e77d07ca23fb554d547ec19d5797989,70.08
0c61ee0127dc496a4fb124f5cc63c5c0f42ab719,403.68
173f3a0f52ac1c33faec3e8be721ae84e45c6026,70.98
ec803bb6652e8b7fc5b5acbf143d6e16a201feba,402.26
19539feb76bd1fc63b17379f84174525f0afae7a,72.26
6abfa519bc257dcf27baa2a4aaaf68ed3bdce89c,71.52
5fc1f636a1518194ad3faef5e0ef84ccf6e56c96,71.26
fbc9d72281fa1448815ef0ed27d801a00861590a,71.99
f550ba1725664d24423cba6717a2ac3bd08d34fe,400.21
eb0b4268c3cf22faf94f3333bc728f8d6535ea1c,71.10
5fc1f636a1518194ad3faef5e0ef84ccf6e56c96,70.15
173f3a0f52ac1c33faec3e8be721ae84e45c6026,70.71
24830db6aaca1e71e6bf632e2cb82be5eeb042cc,70.14
5333972ce6367099e81a8de7d0f73357e6880fb2,399.40
c4c2633cdc2cd4498504b28b96dd0b95ae6789cd,404.98
1d4b0c4b6817d9db90d77d7fd93f88d32312c87e,69.86
34e753b4f3144eb3e4c2b71c667ef9695f68e975,399.80
173f3a0f52ac1c33faec3e8be721ae84e45c6026,70.17
d3bc6c279cfed529bf2c59697901525f1502d22b,397.85
02ef578633bd0e211cf8a21d494d357609111780,71.78
e943dd385d08e0f76b3002a47969001e3dcb6190,400.01
ead3b1b3b968bdaafbf8ec2ad9de3a9325d3fafc,402.99
53ee61bc23e4d1347a752d58f38791b09bb6f58a,400.71
24830db6aaca1e71e6bf632e2cb82be5eeb042cc,70.67
fbc9d72281fa1448815ef0ed27d801a00861590a,71.50
deaf4e17b02b8fd18d839a72ab9e494f5c494725,400.87
0b08fa9f9bda6bf73434ea9f21c9952d91458bfb,403.70
9fc4f07f03fe149b7fd7cf8cf16f78d0e5cb3f97,69.05
85c120ea90e0c1e0db3e1c9d540a0796961850f0,399.01
a98a23204f16e81f84aa7706f43f1b63ebd19778,70.36
3f99224cac6e548e6139f6ab8523388468e0913f,398.10
94848f60c5b8bb5d9825ade4d8952c8b5988e355,71.14
bcf8378a6c7da6beb7e5900029fe94849b0f9782,404.08
b8d1140ed6b495509dbbe8f76e6fd03b4ab90c38,71.76
eb0b4268c3cf22faf94f3333bc728f8d6535ea1c,70.69
c0199fdd858cd3c9f3f06657e0666a29336c81d0,399.85
d3bc6c279cfed529bf2c59697901525f1502d22b,402.89
24830db6aaca1e71e6bf632e2cb82be5eeb042cc,71.52
447e57ed80d2f48ce59d4f7a623c9cb0ba070739,70.94
9985b36ced515ceb44057a24fdee248306313539,402.27
fb1a2141ee9cb860521504d043e0a744da4eb325,401.96
0c61ee0127dc496a4fb124f5cc63c5c0f42ab719,399.01
deaf4e17b02b8fd18d839a72ab9e494f5c494725,402.56
be781d4b030b84b3059de23d6c2208eec75c89a4,71.14
35967be40c421db0ed1940c01ced60b002e5c5db,70.98
5be8921158f488688cc2e961fdd6e772c68338e7,400.64
5ed3d8cd04ecf7974ad8b00844c70ca24124e140,71.36
06c94b1c2e151c79c9e82b9c2905634618e871e7,400.39
5e7832fb7e26264e65cb87279c69aa96dd41fc92,405.04
6ad38b5b6a8f1d15936b6131c8b8cf1af3e6b33a,400.28
173f3a0f52ac1c33faec3e8be721ae84e45c6026,70.45
eb0b4268c3cf22faf94f3333bc728f8d6535ea1c,72.37
9985b36ced515ceb44057a24fdee248306313539,398.37
a18e6b26317d65b43b64e023048070a3808b8669,396.91
c4c2633cdc2cd4498504b28b96dd0b95ae6789cd,397.34
a98a23204f16e81f84aa7706f43f1b63ebd19778,70.96
a38854600c1b09a00821d27d394347b1c4725a9b,399.41
bcf8378a6c7da6beb7e5900029fe94849b0f9782,403.05
c5e0ec5248520085a9f4970a9900b05204846981,399.48
5e7832fb7e26264e65cb87279c69aa96dd41fc92,403.07
c5e0ec5248520085a9f4970a9900b05204846981,402.88
0678f8be79c65d26fe98449427a4e81189870e0a,70.75
9985b36ced515ceb44057a24fdee248306313539,398.29
efa9c8c49b3ab076bfafd9f985c934002c4e9f07,400.66
55501ae5718dd56600b9aedd270b0383008e3dfa,69.90
851488f7197084fd42e8330dbff0b953dad4a258,399.57
0a5912df16d59929dae6b1ee1d401d7e1c03912e,398.76
44d1c1864536bd7c8ccb5569374cf3612d7489ae,401.00
df2b9850c610be7b7247d28ee9f967f4cdac0e36,70.70
29c417f5f283b05792a73c62731984c791a5f2da,70.33
bcf8378a6c7da6beb7e5900029fe94849b0f9782,397.79
5333972ce6367099e81a8de7d0f73357e6880fb2,400.94
d3bc6c279cfed529bf2c59697901525f1502d22b,401.78
fb1a2141ee9cb860521504d043e0a744da4eb325,399.87
447e57ed80d2f48ce59d4f7a623c9cb0ba070739,70.40
fb1a2141ee9cb860521504d043e0a744da4eb325,400.97
b8d1140ed6b495509dbbe8f76e6fd03b4ab90c38,71.74
6643eb38a770a4fd525f6052123c93afcbe41a47,402.81
5e7832fb7e26264e65cb87279c69aa96dd41fc92,402.30
fbc9d72281fa1448815ef0ed27d801a00861590a,71.13
02ef578633bd0e211cf8a21d494d357609111780,71.06
1de50c29baf48a2dd20fb9decbc93db58142a9d2,402.22
6643eb38a770a4fd525f6052123c93afcbe41a47,401.73
dc9a677d0be2c268510a7d8f4d1c7eb1ccdd13ef,403.16
5fc1f636a1518194ad3faef5e0ef84ccf6e56c96,71.04
3963acab31ff4721d01464477a7c51ec53490a32,69.91
a26fe34afbb104dc2a1732724d7c0377ec5aa7d3,399.32
53ee61bc23e4d1347a752d58f38791b09bb6f58a,402.27
48fdacbb90f92207b82c5ff21590c4b78ab28053,143.55
18c548ef4ed3827648092710d8b1a08ddb8aa722,73.55
c24175cff326027aba9fe74d022923fefada0bfd,70.41
48fdacbb90f92207b82c5ff21590c4b78ab28053,80.27
0936416c0d27c51d93592c9da4aab54d24be29ee,73.39
48fdacbb90f92207b82c5ff21590c4b78ab28053,80.45
0b51914fc452f111b373ac017349a3a16a76d227,73.68
0c4ff19c45fd103d865f232d0a21f013c612f3f5,80.17
2308ac214216aea040a799923cf5ca705d813769,72.74
2308ac214216aea040a799923cf5ca705d813769,73.68
fe4488acc3b1d00c3d22e3a2c801522f1cc19e8d,70.51
18c548ef4ed3827648092710d8b1a08ddb8aa722,73.64
95b2b1f7ac9be97cdd7ec8889c494200c2c01a91,71.47
18c548ef4ed3827648092710d8b1a08ddb8aa722,74.08
f0bab2f1085209687581f889942b3acd51a9df08,79.17
1996fe01b12c4644d12a1ece73ab7c1fcbc0b0be,80.06
f0bab2f1085209687581f889942b3acd51a9df08,79.88
1996fe01b12c4644d12a1ece73ab7c1fcbc0b0be,79.08
b3c888a1a95ba7104c4f3f4973b8363b2ba9b8aa,73.25
c3aafe0f998a4877a90b305356c05a1816311eac,79.80
f192f2713da20374e9dc9ac50e615231d1b4dc19,73.27
f0bab2f1085209687581f889942b3acd51a9df08,80.20
0c4ff19c45fd103d865f232d0a21f013c612f3f5,80.34
a67de9f967b63ee317d76561cb77d92a616acecf,79.07
1996fe01b12c4644d12a1ece73ab7c1fcbc0b0be,79.29
f192f2713da20374e9dc9ac50e615231d1b4dc19,72.80
18c548ef4ed3827648092710d8b1a08ddb8aa722,72.93
f192f2713da20374e9dc9ac50e615231d1b4dc19,73.25
0b51914fc452f111b373ac017349a3a16a76d227,73.08
0c4ff19c45fd103d865f232d0a21f013c612f3f5,79.00
f192f2713da20374e9dc9ac50e615231d1b4dc19,74.34
1996fe01b12c4644d12a1ece73ab7c1fcbc0b0be,79.73
14e756b6825e084f0883d3a0292c0ddbe51ddd2a,80.60
a67de9f967b63ee317d76561cb77d92a616acecf,80.38
e6cf3b79d77b70a1545ba89b95de0540a56a71f1,79.99
0936416c0d27c51d93592c9da4aab54d24be29ee,72.33
14e756b6825e084f0883d3a0292c0ddbe51ddd2a,79.90
48fdacbb90f92207b82c5ff21590c4b78ab28053,81.23
18c548ef4ed3827648092710d8b1a08ddb8aa722,72.84
c24175cff326027aba9fe74d022923fefada0bfd,69.79
719310dc86c2317178596abd32e8d524ebc9d133,73.65
a67de9f967b63ee317d76561cb77d92a616acecf,79.28
88cc33e1d9894ac97246c4998eb779eb2c537c5b,71.44
18c548ef4ed3827648092710d8b1a08ddb8aa722,72.90
c3aafe0f998a4877a90b305356c05a1816311eac,79.14
a1e87ca408862ab4e51bc22487807fd84390c0c0,80.26
88cc33e1d9894ac97246c4998eb779eb2c537c5b,70.60
1996fe01b12c4644d12a1ece73ab7c1fcbc0b0be,80.08
0b51914fc452f111b373ac017349a3a16a76d227,73.61
b3c888a1a95ba7104c4f3f4973b8363b2ba9b8aa,73.57
0b51914fc452f111b373ac017349a3a16a76d227,73.83
c3aafe0f998a4877a90b305356c05a1816311eac,79.11
fe4488acc3b1d00c3d22e3a2c801522f1cc19e8d,70.34
b3c888a1a95ba7104c4f3f4973b8363b2ba9b8aa,73.02
a67de9f967b63ee317d76561cb77d92a616acecf,80.06
a1e87ca408862ab4e51bc22487807fd84390c0c0,79.04
e6cf3b79d77b70a1545ba89b95de0540a56a71f1,80.07
b3c888a1a95ba7104c4f3f4973b8363b2ba9b8aa,73.09
2308ac214216aea040a799923cf5ca705d813769,73.54
1996fe01b12c4644d12a1ece73ab7c1fcbc0b0be,78.99
14e756b6825e084f0883d3a0292c0ddbe51ddd2a,80.40
c24175cff326027aba9fe74d022923fefada0bfd,71.42
14e756b6825e084f0883d3a0292c0ddbe51ddd2a,78.45
a67de9f967b63ee317d76561cb77d92a616acecf,79.57
0b51914fc452f111b373ac017349a3a16a76d227,72.98
a1e87ca408862ab4e51bc22487807fd84390c0c0,78.79
0936416c0d27c51d93592c9da4aab54d24be29ee,73.16
b3c888a1a95ba7104c4f3f4973b8363b2ba9b8aa,73.24
95b2b1f7ac9be97cdd7ec8889c494200c2c01a91,70.26
f0bab2f1085209687581f889942b3acd51a9df08,78.97
95b2b1f7ac9be97cdd7ec8889c494200c2c01a91,69.60
0c4ff19c45fd103d865f232d0a21f013c612f3f5,79.90
0936416c0d27c51d93592c9da4aab54d24be29ee,73.14
14e756b6825e084f0883d3a0292c0ddbe51ddd2a,79.38
18c548ef4ed3827648092710d8b1a08ddb8aa722,73.22
0c4ff19c45fd103d865f232d0a21f013c612f3f5,79.14
95b2b1f7ac9be97cdd7ec8889c494200c2c01a91,70.56
fe4488acc3b1d00c3d22e3a2c801522f1cc19e8d,72.28
b3c888a1a95ba7104c4f3f4973b8363b2ba9b8aa,72.26
a1e87ca408862ab4e51bc22487807fd84390c0c0,78.34
c24175cff326027aba9fe74d022923fefada0bfd,70.85
fe4488acc3b1d00c3d22e3a2c801522f1cc19e8d,71.89
e6cf3b79d77b70a1545ba89b95de0540a56a71f1,78.94
719310dc86c2317178596abd32e8d524ebc9d133,72.99
0b51914fc452f111b373ac017349a3a16a76d227,73.83
a1e87ca408862ab4e51bc22487807fd84390c0c0,79.75
a67de9f967b63ee317d76561cb77d92a616acecf,79.41
fe4488acc3b1d00c3d22e3a2c801522f1cc19e8d,70.95
e6cf3b79d77b70a1545ba89b95de0540a56a71f1,79.54
a67de9f967b63ee317d76561cb77d92a616acecf,79.21
a67de9f967b63ee317d76561cb77d92a616acecf,79.53
c24175cff326027aba9fe74d022923fefada0bfd,70.09
0c4ff19c45fd103d865f232d0a21f013c612f3f5,79.55
719310dc86c2317178596abd32e8d524ebc9d133,72.41
1996fe01b12c4644d12a1ece73ab7c1fcbc0b0be,79.47
719310dc86c2317178596abd32e8d524ebc9d133,72.12
fe4488acc3b1d00c3d22e3a2c801522f1cc19e8d,69.96
48fdacbb90f92207b82c5ff21590c4b78ab28053,79.15
95b2b1f7ac9be97cdd7ec8889c494200c2c01a91,71.51
18c548ef4ed3827648092710d8b1a08ddb8aa722,72.09
88cc33e1d9894ac97246c4998eb779eb2c537c5b,71.90
f0bab2f1085209687581f889942b3acd51a9df08,78.81
a1e87ca408862ab4e51bc22487807fd84390c0c0,79.18
14e756b6825e084f0883d3a0292c0ddbe51ddd2a,79.09
719310dc86c2317178596abd32e8d524ebc9d133,72.60
88cc33e1d9894ac97246c4998eb779eb2c537c5b,70.67
a67de9f967b63ee317d76561cb77d92a616acecf,79.24
f192f2713da20374e9dc9ac50e615231d1b4dc19,73.04
0c4ff19c45fd103d865f232d0a21f013c612f3f5,80.02
c3aafe0f998a4877a90b305356c05a1816311eac,77.92
0b51914fc452f111b373ac017349a3a16a76d227,73.71
2308ac214216aea040a799923cf5ca705d813769,72.33
0936416c0d27c51d93592c9da4aab54d24be29ee,72.27
18c548ef4ed3827648092710d8b1a08ddb8aa722,73.34
f0bab2f1085209687581f889942b3acd51a9df08,79.86
0936416c0d27c51d93592c9da4aab54d24be29ee,73.74
0c4ff19c45fd103d865f232d0a21f013c612f3f5,78.80
b3c888a1a95ba7104c4f3f4973b8363b2ba9b8aa,72.22
0b51914fc452f111b373ac017349a3a16a76d227,73.60
0b51914fc452f111b373ac017349a3a16a76d227,73.24
2308ac214216aea040a799923cf5ca705d813769,74.07
f192f2713da20374e9dc9ac50e615231d1b4dc19,72.27
719310dc86c2317178596abd32e8d524ebc9d133,72.99
fe4488acc3b1d00c3d22e3a2c801522f1cc19e8d,71.67
b3c888a1a95ba7104c4f3f4973b8363b2ba9b8aa,72.38
fe4488acc3b1d00c3d22e3a2c801522f1cc19e8d,71.05
c24175cff326027aba9fe74d022923fefada0bfd,70.63
95b2b1f7ac9be97cdd7ec8889c494200c2c01a91,70.22
0c4ff19c45fd103d865f232d0a21f013c612f3f5,79.24
fe4488acc3b1d00c3d22e3a2c801522f1cc19e8d,70.09
88cc33e1d9894ac97246c4998eb779eb2c537c5b,71.43
0936416c0d27c51d93592c9da4aab54d24be29ee,73.10
719310dc86c2317178596abd32e8d524ebc9d133,73.61
48fdacbb90f92207b82c5ff21590c4b78ab28053,79.95
a1e87ca408862ab4e51bc22487807fd84390c0c0,78.72
fe4488acc3b1d00c3d22e3a2c801522f1cc19e8d,70.81
2308ac214216aea040a799923cf5ca705d813769,73.48
a1e87ca408862ab4e51bc22487807fd84390c0c0,79.45
18c548ef4ed3827648092710d8b1a08ddb8aa722,72.52
48fdacbb90f92207b82c5ff21590c4b78ab28053,78.59
e6cf3b79d77b70a1545ba89b95de0540a56a71f1,79.78
b3c888a1a95ba7104c4f3f4973b8363b2ba9b8aa,73.97
1996fe01b12c4644d12a1ece73ab7c1fcbc0b0be,79.86
2308ac214216aea040a799923cf5ca705d813769,72.18
a67de9f967b63ee317d76561cb77d92a616acecf,79.61
48fdacbb90f92207b82c5ff21590c4b78ab28053,78.73
1996fe01b12c4644d12a1ece73ab7c1fcbc0b0be,79.84
c24175cff326027aba9fe74d022923fefada0bfd,70.30
88cc33e1d9894ac97246c4998eb779eb2c537c5b,71.22
1996fe01b12c4644d12a1ece73ab7c1fcbc0b0be,80.30
48fdacbb90f92207b82c5ff21590c4b78ab28053,79.22
95b2b1f7ac9be97cdd7ec8889c494200c2c01a91,70.78
b3c888a1a95ba7104c4f3f4973b8363b2ba9b8aa,72.41
f192f2713da20374e9dc9ac50e615231d1b4dc19,73.11
c3aafe0f998a4877a90b305356c05a1816311eac,78.66
b3c888a1a95ba7104c4f3f4973b8363b2ba9b8aa,73.03
f192f2713da20374e9dc9ac50e615231d1b4dc19,73.50
a1e87ca408862ab4e51bc22487807fd84390c0c0,79.50
f0bab2f1085209687581f889942b3acd51a9df08,80.27
c24175cff326027aba9fe74d022923fefada0bfd,69.50
48fdacbb90f92207b82c5ff21590c4b78ab28053,78.81
c3aafe0f998a4877a90b305356c05a1816311eac,79.65
c3aafe0f998a4877a90b305356c05a1816311eac,78.72
14e756b6825e084f0883d3a0292c0ddbe51ddd2a,78.90
f192f2713da20374e9dc9ac50e615231d1b4dc19,72.82
95b2b1f7ac9be97cdd7ec8889c494200c2c01a91,69.80
0c4ff19c45fd103d865f232d0a21f013c612f3f5,79.49
18c548ef4ed3827648092710d8b1a08ddb8aa722,72.07
88cc33e1d9894ac97246c4998eb779eb2c537c5b,69.41
f192f2713da20374e9dc9ac50e615231d1b4dc19,72.85
719310dc86c2317178596abd32e8d524ebc9d133,73.07
95b2b1f7ac9be97cdd7ec8889c494200c2c01a91,70.79
f0bab2f1085209687581f889942b3acd51a9df08,79.02
2308ac214216aea040a799923cf5ca705d813769,74.03
fe4488acc3b1d00c3d22e3a2c801522f1cc19e8d,71.12
2308ac214216aea040a799923cf5ca705d813769,73.39
a1e87ca408862ab4e51bc22487807fd84390c0c0,79.05
c3aafe0f998a4877a90b305356c05a1816311eac,79.18
a1e87ca408862ab4e51bc22487807fd84390c0c0,80.48
48fdacbb90f92207b82c5ff21590c4b78ab28053,80.17
f0bab2f1085209687581f889942b3acd51a9df08,79.06
88cc33e1d9894ac97246c4998eb779eb2c537c5b,70.57
0c4ff19c45fd103d865f232d0a21f013c612f3f5,79.30
0c4ff19c45fd103d865f232d0a21f013c612f3f5,78.68
b3c888a1a95ba7104c4f3f4973b8363b2ba9b8aa,72.47
14e756b6825e084f0883d3a0292c0ddbe51ddd2a,79.46
48fdacbb90f92207b82c5ff21590c4b78ab28053,80.75
719310dc86c2317178596abd32e8d524ebc9d133,72.68
f192f2713da20374e9dc9ac50e615231d1b4dc19,72.58
2308ac214216aea040a799923cf5ca705d813769,72.66
c3aafe0f998a4877a90b305356c05a1816311eac,79.12
a1e87ca408862ab4e51bc22487807fd84390c0c0,79.02
95b2b1f7ac9be97cdd7ec8889c494200c2c01a91,70.50
2308ac214216aea040a799923cf5ca705d813769,72.35
14e756b6825e084f0883d3a0292c0ddbe51ddd2a,78.94
0936416c0d27c51d93592c9da4aab54d24be29ee,72.26
2308ac214216aea040a799923cf5ca705d813769,72.77
f0bab2f1085209687581f889942b3acd51a9df08,78.68
14e756b6825e084f0883d3a0292c0ddbe51ddd2a,79.09
e6cf3b79d77b70a1545ba89b95de0540a56a71f1,78.99
719310dc86c2317178596abd32e8d524ebc9d133,73.16
f0bab2f1085209687581f889942b3acd51a9df08,79.24
0b51914fc452f111b373ac017349a3a16a76d227,73.09
c24175cff326027aba9fe74d022923fefada0bfd,70.82
0936416c0d27c51d93592c9da4aab54d24be29ee,72.96
1996fe01b12c4644d12a1ece73ab7c1fcbc0b0be,78.85
f192f2713da20374e9dc9ac50e615231d1b4dc19,74.06
2308ac214216aea040a799923cf5ca705d813769,72.45
e6cf3b79d77b70a1545ba89b95de0540a56a71f1,78.37
f192f2713da20374e9dc9ac50e615231d1b4dc19,72.64
0936416c0d27c51d93592c9da4aab54d24be29ee,72.88
95b2b1f7ac9be97cdd7ec8889c494200c2c01a91,70.38
0936416c0d27c51d93592c9da4aab54d24be29ee,72.89
f192f2713da20374e9dc9ac50e615231d1b4dc19,73.37
b3c888a1a95ba7104c4f3f4973b8363b2ba9b8aa,72.76
18c548ef4ed3827648092710d8b1a08ddb8aa722,72.07
88cc33e1d9894ac97246c4998eb779eb2c537c5b,70.94
e6cf3b79d77b70a1545ba89b95de0540a56a71f1,79.38
c3aafe0f998a4877a90b305356c05a1816311eac,79.35
88cc33e1d9894ac97246c4998eb779eb2c537c5b,70.56
c24175cff326027aba9fe74d022923fefada0bfd,70.47
48fdacbb90f92207b82c5ff21590c4b78ab28053,79.36
88cc33e1d9894ac97246c4998eb779eb2c537c5b,70.42
1996fe01b12c4644d12a1ece73ab7c1fcbc0b0be,79.37
14e756b6825e084f0883d3a0292c0ddbe51ddd2a,79.94
a67de9f967b63ee317d76561cb77d92a616acecf,78.94
a1e87ca408862ab4e51bc22487807fd84390c0c0,79.77
0b51914fc452f111b373ac017349a3a16a76d227,72.67
95b2b1f7ac9be97cdd7ec8889c494200c2c01a91,70.49
95b2b1f7ac9be97cdd7ec8889c494200c2c01a91,70.44
14e756b6825e084f0883d3a0292c0ddbe51ddd2a,78.84
88cc33e1d9894ac97246c4998eb779eb2c537c5b,70.97
f0bab2f1085209687581f889942b3acd51a9df08,79.38
0b51914fc452f111b373ac017349a3a16a76d227,73.40
1996fe01b12c4644d12a1ece73ab7c1fcbc0b0be,80.10
c3aafe0f998a4877a90b305356c05a1816311eac,79.37
e6cf3b79d77b70a1545ba89b95de0540a56a71f1,78.68
48fdacbb90f92207b82c5ff21590c4b78ab28053,78.92
c3aafe0f998a4877a90b305356c05a1816311eac,80.72
0c4ff19c45fd103d865f232d0a21f013c612f3f5,80.91
0c4ff19c45fd103d865f232d0a21f013c612f3f5,78.89
fe4488acc3b1d00c3d22e3a2c801522f1cc19e8d,70.33
e6cf3b79d77b70a1545ba89b95de0540a56a71f1,80.56
18c548ef4ed3827648092710d8b1a08ddb8aa722,72.63
14e756b6825e084f0883d3a0292c0ddbe51ddd2a,80.02
95b2b1f7ac9be97cdd7ec8889c494200c2c01a91,70.60
a67de9f967b63ee317d76561cb77d92a616acecf,80.25
a1e87ca408862ab4e51bc22487807fd84390c0c0,78.31
719310dc86c2317178596abd32e8d524ebc9d133,72.30
88cc33e1d9894ac97246c4998eb779eb2c537c5b,70.19
95b2b1f7ac9be97cdd7ec8889c494200c2c01a91,70.69
18c548ef4ed3827648092710d8b1a08ddb8aa722,71.71
fe4488acc3b1d00c3d22e3a2c801522f1cc19e8d,70.90
719310dc86c2317178596abd32e8d524ebc9d133,72.80
e6cf3b79d77b70a1545ba89b95de0540a56a71f1,80.09
0c4ff19c45fd103d865f232d0a21f013c612f3f5,80.22
719310dc86c2317178596abd32e8d524ebc9d133,72.54
1996fe01b12c4644d12a1ece73ab7c1fcbc0b0be,79.45
c24175cff326027aba9fe74d022923fefada0bfd,70.56
