9c5e3ee1900fbc978498d38ba09caa11f0dbd603,578.00
68f28455788d657bd8f1e2f494e233ef67298566,661.02
34bc8a1c3d23d8b0eed6fb6070286ffb67f1b631,654.31
121b3d46d2881464e825b60413870d06e935bbc4,0.04
701c61910996e564ed5920740be8c3dd43a160f8,0.05
0065b61726d277f16fff40948dce7075cc372afa,0.06
efeac7f36d8dc3cc66b36e24e79642aac599bc9d,0.06
94644e3ea8c217d78669ca758786e4797b872892,0.06
9d764f95ac5e71082b959fc2ac853507bffafea3,0.05
9c5e3ee1900fbc978498d38ba09caa11f0dbd603,552.41
23ac44cf7eeebc0cd5f27d1c4e527ce00d8fed0b,0.05
aa303c64d37fd9110e823efac9186a2dff85557c,0.04
68f28455788d657bd8f1e2f494e233ef67298566,655.58
34bc8a1c3d23d8b0eed6fb6070286ffb67f1b631,644.46
a8db1f8689a48ae7e83e96c5a844d5a678a0e0a2,0.04
121b3d46d2881464e825b60413870d06e935bbc4,0.06
701c61910996e564ed5920740be8c3dd43a160f8,0.06
0065b61726d277f16fff40948dce7075cc372afa,0.06
efeac7f36d8dc3cc66b36e24e79642aac599bc9d,0.04
94644e3ea8c217d78669ca758786e4797b872892,0.06
9d764f95ac5e71082b959fc2ac853507bffafea3,0.05
9c5e3ee1900fbc978498d38ba09caa11f0dbd603,554.40
23ac44cf7eeebc0cd5f27d1c4e527ce00d8fed0b,0.06
aa303c64d37fd9110e823efac9186a2dff85557c,0.06
68f28455788d657bd8f1e2f494e233ef67298566,654.60
34bc8a1c3d23d8b0eed6fb6070286ffb67f1b631,647.56
a8db1f8689a48ae7e83e96c5a844d5a678a0e0a2,0.04
5ed38fc4ee3958150aaf38031f12201d43d1e314,603.29
809d97339a5a33398e5a28315661bec4c99d1a6a,562.98
50a2d1dbaa64d0e777b8fd0c37dd208e2eeaa0dc,0.08
5ed38fc4ee3958150aaf38031f12201d43d1e314,594.71
36445eac34851c12e5d413154ef88b65adaf3ca4,0.07
809d97339a5a33398e5a28315661bec4c99d1a6a,557.89
3a6e3182f50de2b6ff8684d2a1d79530b0728eb1,0.08
5cef4a90404aa82e1339fc986f955794d6461cf0,0.06
50a2d1dbaa64d0e777b8fd0c37dd208e2eeaa0dc,0.06
5ed38fc4ee3958150aaf38031f12201d43d1e314,593.97
36445eac34851c12e5d413154ef88b65adaf3ca4,0.06
809d97339a5a33398e5a28315661bec4c99d1a6a,556.89
3a6e3182f50de2b6ff8684d2a1d79530b0728eb1,0.06
5cef4a90404aa82e1339fc986f955794d6461cf0,0.06
9d0126a8094845e5a20d15f5caaf30449048e189,586.29
7bd460a3b8c4c86535f31527f7355150a95a6bf5,665.42
363fdbaa984d9c5803dda426e1ce7531abf4d32f,0.06
c1682c4fcab9a2d4d34e4dcfd63f3f810c7440ee,0.04
9d0126a8094845e5a20d15f5caaf30449048e189,561.03
6b03db1b2527aa099e5d18805edefe3399ff1cea,0.04
7bd460a3b8c4c86535f31527f7355150a95a6bf5,650.37
50d3ac78c053e94a581ba7cc43ceb684a4668df0,0.06
5ea073b28433308ef2bd5dd4d530acd25154dda5,0.04
8237e98172f3ce9916e09452082170ebcc19e225,0.04
3ce7f8002ad0d3a033b65fd2e86e6fac709721e6,0.04
d3a92eb09153a8ce81e40cbc2c1884b2656798b2,0.04
363fdbaa984d9c5803dda426e1ce7531abf4d32f,0.08
c1682c4fcab9a2d4d34e4dcfd63f3f810c7440ee,0.04
9d0126a8094845e5a20d15f5caaf30449048e189,559.82
6b03db1b2527aa099e5d18805edefe3399ff1cea,0.06
7bd460a3b8c4c86535f31527f7355150a95a6bf5,649.32
50d3ac78c053e94a581ba7cc43ceb684a4668df0,0.04
5ea073b28433308ef2bd5dd4d530acd25154dda5,0.06
8237e98172f3ce9916e09452082170ebcc19e225,0.06
3ce7f8002ad0d3a033b65fd2e86e6fac709721e6,0.06
d3a92eb09153a8ce81e40cbc2c1884b2656798b2,0.04
e2338195bafaf46d58ddf956c6af88e4fd53c32e,646.48
c1a1589174081cc4f00df338dd7bcb8becc8802a,579.05
c494edf13de00fe133727ad25c158c2aa0e380e1,0.06
2e62cee7e2e9f712fe2f28546feea8f79f52f344,0.08
e2338195bafaf46d58ddf956c6af88e4fd53c32e,637.38
58c96605562146e35715753438d271dfa7ec6992,0.07
484fd6a2b2969c25f4e6b4f8c684841a643de329,0.06
afb04422117397e97e6f7de6a5e52d5473c042f1,0.06
36ee9c431c251911e954a2f8ad2d34817956f685,0.06
c1a1589174081cc4f00df338dd7bcb8becc8802a,562.68
356e775e37be1b6070bf0ff6028a20501ea2f30e,0.06
7909073b939079f4ffecfb9bf5fc9d3a5a8d63c9,0.04
0bde810b37b37f012a20558a6e462cb9aedbb8a7,0.05
377ce82ddc2a622137b60f03a4e42f2bea25c795,0.06
61948ab52117c43e9471b3dd866ff6ffc7190dce,0.06
c494edf13de00fe133727ad25c158c2aa0e380e1,0.04
2e62cee7e2e9f712fe2f28546feea8f79f52f344,0.04
e2338195bafaf46d58ddf956c6af88e4fd53c32e,636.63
58c96605562146e35715753438d271dfa7ec6992,0.06
484fd6a2b2969c25f4e6b4f8c684841a643de329,0.04
afb04422117397e97e6f7de6a5e52d5473c042f1,0.06
36ee9c431c251911e954a2f8ad2d34817956f685,0.06
c1a1589174081cc4f00df338dd7bcb8becc8802a,564.53
356e775e37be1b6070bf0ff6028a20501ea2f30e,0.05
7909073b939079f4ffecfb9bf5fc9d3a5a8d63c9,0.06
0bde810b37b37f012a20558a6e462cb9aedbb8a7,0.06
377ce82ddc2a622137b60f03a4e42f2bea25c795,0.04
61948ab52117c43e9471b3dd866ff6ffc7190dce,0.05
13f1f72aa62b64407b426fb8e64b540e8bac2127,569.90
6c86ef19caf522420b14f645bca019181cb03615,603.77
63cf2401770393c3d240439adfd301594e2db77b,605.68
187734c3cd386e68d9558ab26dccd1f542cea2da,0.06
13f1f72aa62b64407b426fb8e64b540e8bac2127,567.39
b1f4a891fded724d9f888aa8fe1d79ceb1fa35c3,0.06
801dc02056e4655ae337c1548f426eb6728518ee,0.04
b106569c281bfcb51a45343cdf024bacd5bb1044,0.04
e7ef2018be819ac4d47496c428b1d1e962600723,0.07
2b7a65d0d0fe827d08196dcff6d30e437290ef4e,0.07
f9c30ec5206793fc7b5fb99c2b7f433891f770f3,0.07
42444b4d4e94262e85c9f839ab5a2a364a583828,0.04
90fbe55c9d4f3f2b5f08145035a544ac0c290b63,0.06
6c86ef19caf522420b14f645bca019181cb03615,596.28
59fb7cca401dead48854d20f6829ec7457586d61,0.06
ad79c82b0049dc217f7e2e7e46c3fd5e0f02b97d,0.06
46c2207463df8f0bdec325a38c3ad8ff7e3551f0,0.04
ca3ab3227d8bc0307de889e6ac6af1eecd1ec690,0.04
9c78d3d4d08033c14de899be9c352a289f86c74d,0.03
e02e578ddb33ab3a0ad1d81bef137c82b1fef271,0.04
63cf2401770393c3d240439adfd301594e2db77b,592.37
ceaf530284cafbb0a5bfa8890e4cfd18a26b7357,0.06
187734c3cd386e68d9558ab26dccd1f542cea2da,0.06
13f1f72aa62b64407b426fb8e64b540e8bac2127,562.55
b1f4a891fded724d9f888aa8fe1d79ceb1fa35c3,0.06
801dc02056e4655ae337c1548f426eb6728518ee,0.05
b106569c281bfcb51a45343cdf024bacd5bb1044,0.06
e7ef2018be819ac4d47496c428b1d1e962600723,0.05
2b7a65d0d0fe827d08196dcff6d30e437290ef4e,0.06
f9c30ec5206793fc7b5fb99c2b7f433891f770f3,0.06
42444b4d4e94262e85c9f839ab5a2a364a583828,0.05
90fbe55c9d4f3f2b5f08145035a544ac0c290b63,0.04
6c86ef19caf522420b14f645bca019181cb03615,597.73
59fb7cca401dead48854d20f6829ec7457586d61,0.06
ad79c82b0049dc217f7e2e7e46c3fd5e0f02b97d,0.06
46c2207463df8f0bdec325a38c3ad8ff7e3551f0,0.07
ca3ab3227d8bc0307de889e6ac6af1eecd1ec690,0.06
9c78d3d4d08033c14de899be9c352a289f86c74d,0.06
e02e578ddb33ab3a0ad1d81bef137c82b1fef271,0.04
63cf2401770393c3d240439adfd301594e2db77b,591.93
ceaf530284cafbb0a5bfa8890e4cfd18a26b7357,0.06
ba9813a1c9d5bf0b195b0df5d4246948a4764884,582.30
2162d441f99ffda7498c9bdcc6adeabc6f2844cf,572.12
2086c154fd53cac6c7c6ac853fc3d6e7c404f214,612.29
a8cde53ccfb654dcf30202886cf9a80a1ec3068b,0.04
a6d15753e7e73d18a9b188c95242c2679eabd8ab,0.04
ba9813a1c9d5bf0b195b0df5d4246948a4764884,570.40
6fafead3bffb16175db630c3514ee8a349f45e81,0.04
2162d441f99ffda7498c9bdcc6adeabc6f2844cf,566.29
d17d8db0c3883e1a47c03fa01283a8bfa15af571,0.06
6c478b270a1dbfabc6e18c8dcc35d4d53c3211d0,0.05
ffec5f0bb97863b146994b4ae65ffed656641624,0.06
10255fbb02dbe9266eee181e0329d4c0f6fd7d10,0.07
b79f20918e689ce572848613a4c10bf03a2c3fc7,0.06
ccc022064a10ffde1e34d3ccae7168735cc7bcf1,0.06
9d2a438bc4ad049d55c2084891508920e901c791,0.06
586d93fe9d1e725a14ae8f003d6d9f847201f398,0.04
232d75b2a1234518b5983eb212432ecab5a5f538,0.06
aacf88c933fb6cf122c2df506ba25b51fce3d8c0,0.05
57dfe8bde69053f413a930f27ef7c9ae157d9ea0,0.04
661adde3b1bad15f5491c25397dd19676e352cc1,0.06
e46c96e2fbfd5c3eac2b7a3062bee0a7682b547b,0.04
f4ad927a05823aab271d6016ec0c6fbf4fb41d78,0.05
628750aa41d9f2d0dfe895432d416139e770824e,0.06
65cd14c78d56027d06e847e6898d232d498f79dd,0.04
c1f1dde35d4b2b5179b370b560adbddba2b193fd,0.06
703780e38a44637ec63eb67edc88a9869337ed69,0.03
a028b1c8497a689d3bd0f2bd366373241818ee97,0.05
1908ab347199b3acd7d3b092d3e140bce13a9b40,0.04
2086c154fd53cac6c7c6ac853fc3d6e7c404f214,607.55
f0392b0da4ec69b49cc77cc1c70b7b6c6403ca35,0.06
a8cde53ccfb654dcf30202886cf9a80a1ec3068b,0.04
a6d15753e7e73d18a9b188c95242c2679eabd8ab,0.06
ba9813a1c9d5bf0b195b0df5d4246948a4764884,572.12
6fafead3bffb16175db630c3514ee8a349f45e81,0.07
2162d441f99ffda7498c9bdcc6adeabc6f2844cf,565.78
d17d8db0c3883e1a47c03fa01283a8bfa15af571,0.06
6c478b270a1dbfabc6e18c8dcc35d4d53c3211d0,0.04
ffec5f0bb97863b146994b4ae65ffed656641624,0.06
10255fbb02dbe9266eee181e0329d4c0f6fd7d10,0.06
b79f20918e689ce572848613a4c10bf03a2c3fc7,0.04
ccc022064a10ffde1e34d3ccae7168735cc7bcf1,0.06
9d2a438bc4ad049d55c2084891508920e901c791,0.04
586d93fe9d1e725a14ae8f003d6d9f847201f398,0.06
232d75b2a1234518b5983eb212432ecab5a5f538,0.05
aacf88c933fb6cf122c2df506ba25b51fce3d8c0,0.06
57dfe8bde69053f413a930f27ef7c9ae157d9ea0,0.06
661adde3b1bad15f5491c25397dd19676e352cc1,0.05
e46c96e2fbfd5c3eac2b7a3062bee0a7682b547b,0.04
f4ad927a05823aab271d6016ec0c6fbf4fb41d78,0.06
628750aa41d9f2d0dfe895432d416139e770824e,0.04
65cd14c78d56027d06e847e6898d232d498f79dd,0.04
c1f1dde35d4b2b5179b370b560adbddba2b193fd,0.05
703780e38a44637ec63eb67edc88a9869337ed69,0.05
a028b1c8497a689d3bd0f2bd366373241818ee97,0.06
1908ab347199b3acd7d3b092d3e140bce13a9b40,0.06
2086c154fd53cac6c7c6ac853fc3d6e7c404f214,605.52
f0392b0da4ec69b49cc77cc1c70b7b6c6403ca35,0.04
f409aa4fd206d8f1dbb0322a1d7888148681965b,623.76
787a4255aa92c000d9b6c046730b13b32c5c041d,609.15
b4d3ea902e9e0ee04e2c578a5ff73a75d0399b41,225.84
589031e5cbe85563c18447244050500c48f79e1b,0.07
78bbd62760036f4a11710830eee42e49afd2e997,0.06
ce2468c989de002972ed106dc0cdb8fb1da5d627,0.06
9adecaabb878511007227810b146e71f4825a7a6,0.04
03f27d9cb4736804139a588bdbe27901a8af91d2,0.06
bfe4c7adc137f0fb10c0db67e56ec3e8f798b281,0.06
e267407a332cf5e382fdbe70c9f33635b1ee9649,0.06
479513716018bed9aff61cb9677e527dc6fb7243,0.06
ceb1b76096d4ec6d6c3da88c96bff841aef6beae,0.04
fbd9907b0c4728d6e84ff4210aa835149fcf1cfb,0.05
c79718c14a993500eb0f83abeefa0fd888693329,0.06
eff29e60f0805154ab9e49125a07ed99e4f272bf,0.06
e6847dfc01221feb855a5140141fbff37f7c60e5,0.05
cd6729ff80b47ab3a847db8be6628a181f1856d8,0.06
79a38610436d8ce562d77da42f28301aaeaa662d,0.06
6f7e3d5fb7236b893711b36f7f28c8c5fbb4214a,0.07
7bd9e54d57b6cf350dca28a908e34a879eb4e03b,0.09
4b2865c8de7a20cb5a57947abf1b2ca93c387684,0.04
1bac18639f3bbe406c6cb403218d7553919aa205,0.06
09b1891dd807385dec9b457e23d877ad9ceec108,0.06
908e7bda2092be1ae728b85d6c779ae5581899cb,0.06
f409aa4fd206d8f1dbb0322a1d7888148681965b,612.52
47517e01620939fd1fcd0441d37d1ba91ed44c09,0.06
c7110bd8ef3ad3a12c4975164b3240cc8ac1e7b5,0.06
c4ecee5eca48b2a9a1de71658dc8572a0c227124,0.06
0fcdc15a369af4845caf1ff9d1eb0f15f7644d5e,0.06
23c352ccfec1ecefe2d65e1f800a266cbe26a984,0.06
787a4255aa92c000d9b6c046730b13b32c5c041d,596.45
7bcfc91db3f1a7268388011d09008948737a8dda,0.04
7f25eafc319b5727d82a5d5e89750519a94d8217,0.06
d971c418695919d1ec89529dfa500e15bddcd57a,0.06
b4d3ea902e9e0ee04e2c578a5ff73a75d0399b41,220.07
f08f67290d24e04719eefdb9636c935f26d72231,0.06
1751ec87e48d600f93d4b77d66f31151298ce605,0.06
589031e5cbe85563c18447244050500c48f79e1b,0.06
78bbd62760036f4a11710830eee42e49afd2e997,0.07
ce2468c989de002972ed106dc0cdb8fb1da5d627,0.04
9adecaabb878511007227810b146e71f4825a7a6,0.04
03f27d9cb4736804139a588bdbe27901a8af91d2,0.06
bfe4c7adc137f0fb10c0db67e56ec3e8f798b281,0.04
e267407a332cf5e382fdbe70c9f33635b1ee9649,0.06
479513716018bed9aff61cb9677e527dc6fb7243,0.06
ceb1b76096d4ec6d6c3da88c96bff841aef6beae,0.04
fbd9907b0c4728d6e84ff4210aa835149fcf1cfb,0.06
c79718c14a993500eb0f83abeefa0fd888693329,0.05
eff29e60f0805154ab9e49125a07ed99e4f272bf,0.06
e6847dfc01221feb855a5140141fbff37f7c60e5,0.06
cd6729ff80b47ab3a847db8be6628a181f1856d8,0.06
79a38610436d8ce562d77da42f28301aaeaa662d,0.06
6f7e3d5fb7236b893711b36f7f28c8c5fbb4214a,0.04
7bd9e54d57b6cf350dca28a908e34a879eb4e03b,0.06
4b2865c8de7a20cb5a57947abf1b2ca93c387684,0.07
1bac18639f3bbe406c6cb403218d7553919aa205,0.05
09b1891dd807385dec9b457e23d877ad9ceec108,0.08
908e7bda2092be1ae728b85d6c779ae5581899cb,0.05
f409aa4fd206d8f1dbb0322a1d7888148681965b,612.18
47517e01620939fd1fcd0441d37d1ba91ed44c09,0.04
c7110bd8ef3ad3a12c4975164b3240cc8ac1e7b5,0.04
c4ecee5eca48b2a9a1de71658dc8572a0c227124,0.06
0fcdc15a369af4845caf1ff9d1eb0f15f7644d5e,0.06
23c352ccfec1ecefe2d65e1f800a266cbe26a984,0.07
787a4255aa92c000d9b6c046730b13b32c5c041d,597.16
7bcfc91db3f1a7268388011d09008948737a8dda,0.07
7f25eafc319b5727d82a5d5e89750519a94d8217,0.06
d971c418695919d1ec89529dfa500e15bddcd57a,0.04
b4d3ea902e9e0ee04e2c578a5ff73a75d0399b41,219.32
f08f67290d24e04719eefdb9636c935f26d72231,0.04
1751ec87e48d600f93d4b77d66f31151298ce605,0.04
18a093e4a822c4fb23ea7278f16306bb76f36d9c,576.24
d4a3bf99b22cda273d551f9424db579836e8846a,644.83
dd93aa49f99c14fb483781c94514210f425c3ec6,571.32
95be645552fbf0d4e4efd8373f50c15b890b1e1d,0.06
97b1de6dab6a2cf81cff5f5fbc20ba1c62caf321,0.06
470f90dd02c7bc96b05a566397484ba1a3df4dc9,0.05
eee76acf5c42747c086e41ca578b3bca560943e4,0.07
03c750316c39d2556187c7498ee4573040013591,0.06
2c810e6971d30ea0ee9a1f02da4b3d18aa276db7,0.06
ced4c2b52defe9f6f3452261d508b6fadc48747c,0.06
e6e0ef76c088285f5dd90d7611215f6f6c110f1e,0.04
4e5f2980af17873671da54ba56048b4e630a43d7,0.04
f6ccb06143dd7562c4fbdbe1868a3a2df8c998cb,0.06
ddc51d9447c532cf1f5edd3103b62a3c11450714,0.04
18a093e4a822c4fb23ea7278f16306bb76f36d9c,564.73
9be0962ceb6c0af186c3975edbb48e68a80f6ed2,0.04
8bb9b76e8105553d6a92d8a20bbbb4f6610a96d2,0.08
e195f621e2dee5660c15fea1a43cf0066b985376,0.04
7e1cfa73f43e912f0ed7a0d42ddb2e313fb08927,0.03
9a1b819398ea2e378188fd39a9cadb67c626abcc,0.06
de6e6557d6dc83f2f17525bc13ca7430a5d375bb,0.07
1353442901989e83bbf738c7df3aa4d719e19479,0.05
9592a418afddd445acaf41512c4c73fc2696a565,0.04
379eaab2980865fe7738f89720c764aaa1eedc09,0.08
0e2cd2e89dbf4b74bc3f64a88aec2cb767053548,0.06
c9e37230dc50164304b36638ef0f8a3656a4af29,0.07
629e8fd9a55183d59c1b322e882c624ca1381469,0.04
6479fa394108a2aa9b4da8d8c2f8aa259a403402,0.07
3b1b4d769976d19ed49272b6cfa35b492b461434,0.05
55fff2ec68591782cfe80604bd3567697941bcad,0.05
3c488a3cc420943d14fa2f8b6a7b0007da6042ee,0.04
b48fb13e8994e8e379acb5393cec2f558d71837b,0.06
ca28a53ca28db4550f9e8bb7d2f4faf34198c44e,0.04
2c416b392ad00dec7d6577744e52c0ae8d0d503c,0.06
d4a3bf99b22cda273d551f9424db579836e8846a,635.83
ec210ac7e5110091e430807860603cc38ca6e0b1,0.06
58e6d2d0964da5cd4b970d5530312505819f0ab1,0.06
642f8d3ef96c57b7a53149db88464ae4e8c8277c,0.05
d1ecc926d49c4413add58984a284931071321920,0.04
a14935dc6411cbceff8b916ab8b8d415644f964c,0.04
143c27646b428c3b4a44881e8051c30e4bf1126d,0.07
96b7d9d93984886d69cfb6339fd1ba20a0f5382b,0.06
dd93aa49f99c14fb483781c94514210f425c3ec6,564.55
d27bcbab6f6cff48f5c82b260eb3562bf9ed6f98,0.06
95be645552fbf0d4e4efd8373f50c15b890b1e1d,0.05
97b1de6dab6a2cf81cff5f5fbc20ba1c62caf321,0.07
470f90dd02c7bc96b05a566397484ba1a3df4dc9,0.08
eee76acf5c42747c086e41ca578b3bca560943e4,0.04
03c750316c39d2556187c7498ee4573040013591,0.06
2c810e6971d30ea0ee9a1f02da4b3d18aa276db7,0.06
ced4c2b52defe9f6f3452261d508b6fadc48747c,0.02
e6e0ef76c088285f5dd90d7611215f6f6c110f1e,0.06
4e5f2980af17873671da54ba56048b4e630a43d7,0.06
f6ccb06143dd7562c4fbdbe1868a3a2df8c998cb,0.06
ddc51d9447c532cf1f5edd3103b62a3c11450714,0.06
18a093e4a822c4fb23ea7278f16306bb76f36d9c,565.89
9be0962ceb6c0af186c3975edbb48e68a80f6ed2,0.06
8bb9b76e8105553d6a92d8a20bbbb4f6610a96d2,0.06
e195f621e2dee5660c15fea1a43cf0066b985376,0.06
7e1cfa73f43e912f0ed7a0d42ddb2e313fb08927,0.05
9a1b819398ea2e378188fd39a9cadb67c626abcc,0.04
de6e6557d6dc83f2f17525bc13ca7430a5d375bb,0.04
1353442901989e83bbf738c7df3aa4d719e19479,0.06
9592a418afddd445acaf41512c4c73fc2696a565,0.06
379eaab2980865fe7738f89720c764aaa1eedc09,0.05
0e2cd2e89dbf4b74bc3f64a88aec2cb767053548,0.04
c9e37230dc50164304b36638ef0f8a3656a4af29,0.05
629e8fd9a55183d59c1b322e882c624ca1381469,0.07
6479fa394108a2aa9b4da8d8c2f8aa259a403402,0.04
3b1b4d769976d19ed49272b6cfa35b492b461434,0.06
55fff2ec68591782cfe80604bd3567697941bcad,0.05
3c488a3cc420943d14fa2f8b6a7b0007da6042ee,0.05
b48fb13e8994e8e379acb5393cec2f558d71837b,0.04
ca28a53ca28db4550f9e8bb7d2f4faf34198c44e,0.06
2c416b392ad00dec7d6577744e52c0ae8d0d503c,0.06
d4a3bf99b22cda273d551f9424db579836e8846a,635.03
ec210ac7e5110091e430807860603cc38ca6e0b1,0.06
58e6d2d0964da5cd4b970d5530312505819f0ab1,0.06
642f8d3ef96c57b7a53149db88464ae4e8c8277c,0.04
d1ecc926d49c4413add58984a284931071321920,0.06
a14935dc6411cbceff8b916ab8b8d415644f964c,0.06
143c27646b428c3b4a44881e8051c30e4bf1126d,0.04
96b7d9d93984886d69cfb6339fd1ba20a0f5382b,0.05
dd93aa49f99c14fb483781c94514210f425c3ec6,565.21
d27bcbab6f6cff48f5c82b260eb3562bf9ed6f98,0.08
e62a09e9b9cca8b91e3794c5d63e20c9dc7a434f,623.42
a299ce22feeb921e4f35d8f76a7c96361f613e5a,606.40
19226041ded585e8d74302532411a2aba4552585,576.96
707d76f183fbab39d693b0471614158ddffbd700,0.06
7110975d3319103ca057bfa5a958cc37c918a160,0.06
720311e9834105a018ad31c2e24c941c7d0ccc74,0.04
fe8553874d4428ee94b833b123458d645ee5e9b4,0.06
80f5efd4c903ecf3164cf88b474abeda090b354d,0.04
5f4baf9037971ec1b2ba03dc44adcc2e99555a9b,0.05
c8d5c2ad6efe097668ffa2017faec64f43a38c63,0.06
834d3951ce8c9b4a36e1f11d6d48cbbe63b4c7e4,0.06
5a6b20051df482191d5c964de6b274149dac6ba9,0.06
1192f8de218c8dc5f859becc0ae579761d4e4b85,0.06
e62a09e9b9cca8b91e3794c5d63e20c9dc7a434f,612.55
1493cfd4b65b808a023bda950fa40e477de5bb87,0.06
88861c059145786d437a62ffd55631a8d4749538,0.06
004afff7125578dec7c33b467ad7870497ba7912,0.06
5c7b5aa28ea36546957c598a4374aba616c0cd7d,0.04
2515cdf1afcc5aef3427bdabcafab37f5f97b6e6,0.04
a299ce22feeb921e4f35d8f76a7c96361f613e5a,594.74
f11141d2bbd0cfe1af496dc6fc55ceeb52f1ae8b,0.06
547f164078e9e4f6bd426d025f68c581be141566,0.05
c9e9b05877e4e67a4c6a6df5c3b5250287f4a939,0.05
3430d6e7398bf355212723ff626f0faa6c693099,0.06
8df12a0fbd8dd1050f48dd839d2490bcd51f5190,0.07
b517ae02df13534fe297ae4612eef9740476d788,0.05
8d3d61d0e326292d068265292f66b3df31906707,0.04
19226041ded585e8d74302532411a2aba4552585,570.70
25afa5269b85ed69519f0fd1a11668f02ce2515c,0.05
8ca92a9f8c4001786fc2deb11c1db55bc5ef94db,0.04
d8abf2fd2a3f10e6881879fd41704c0de8c84d2a,0.06
526244e414455f41780ed82284d403c177b7579d,0.06
b97cadf3744afd844e4133ba80e6428ea26c1d2e,0.07
1cede6e8ea1d8f5d8134ead1f8f8e6944a86de28,0.06
f5475f92e9e06fce385d43f46c7a9af9a79ddd15,0.04
458a2970b80f5fc6e593445bc0c8e2aac0a6de7d,0.06
0cdde31704c97bbd4a6c5dc4b5c30bd6d591ff23,0.06
95593d59e4ee47b7548c72ffadb5c6fdb28ad31e,0.04
3ef711be3edebd4d0c75c778bb3ba64880af3a0d,0.07
665f6cfbba649b9a109717630609f610311b311b,0.06
804a1d85cca7620fedddda72bfc9af18f1c6411a,0.06
ce4f6284d75b88c38706d5947d947a3a5ec13cc6,0.06
233b6da239d49d643fe18cc4a8020ac6d0bffa73,0.04
a0c3ae443c3e85a601f107026096daae35340bfe,0.07
d92a0b0a7b9d6cb9d5681b0c9cc3179f0f9b695a,0.04
88750ba23b8075964cbd8ffc89465bbbe65ba70f,0.05
64427b680c57d5ae82ac0ce721911b05771fb5c6,0.05
b045cd7c44667ede7632115d0041b913a4762217,0.06
9a5738c26df13f34e96a348318188a7aad04ad90,0.07
d107ac3699c160b80315d7a6a1421a2ad4c4aa19,0.04
9c4fb1c20a540498ac581833642569d4f5925b58,0.04
707d76f183fbab39d693b0471614158ddffbd700,0.07
7110975d3319103ca057bfa5a958cc37c918a160,0.04
720311e9834105a018ad31c2e24c941c7d0ccc74,0.06
fe8553874d4428ee94b833b123458d645ee5e9b4,0.06
80f5efd4c903ecf3164cf88b474abeda090b354d,0.04
5f4baf9037971ec1b2ba03dc44adcc2e99555a9b,0.04
c8d5c2ad6efe097668ffa2017faec64f43a38c63,0.04
834d3951ce8c9b4a36e1f11d6d48cbbe63b4c7e4,0.04
5a6b20051df482191d5c964de6b274149dac6ba9,0.07
1192f8de218c8dc5f859becc0ae579761d4e4b85,0.06
e62a09e9b9cca8b91e3794c5d63e20c9dc7a434f,610.65
1493cfd4b65b808a023bda950fa40e477de5bb87,0.04
88861c059145786d437a62ffd55631a8d4749538,0.07
004afff7125578dec7c33b467ad7870497ba7912,0.08
5c7b5aa28ea36546957c598a4374aba616c0cd7d,0.08
2515cdf1afcc5aef3427bdabcafab37f5f97b6e6,0.05
a299ce22feeb921e4f35d8f76a7c96361f613e5a,595.18
f11141d2bbd0cfe1af496dc6fc55ceeb52f1ae8b,0.07
547f164078e9e4f6bd426d025f68c581be141566,0.06
c9e9b05877e4e67a4c6a6df5c3b5250287f4a939,0.05
3430d6e7398bf355212723ff626f0faa6c693099,0.06
8df12a0fbd8dd1050f48dd839d2490bcd51f5190,0.04
b517ae02df13534fe297ae4612eef9740476d788,0.06
8d3d61d0e326292d068265292f66b3df31906707,0.04
19226041ded585e8d74302532411a2aba4552585,574.22
25afa5269b85ed69519f0fd1a11668f02ce2515c,0.04
8ca92a9f8c4001786fc2deb11c1db55bc5ef94db,0.06
d8abf2fd2a3f10e6881879fd41704c0de8c84d2a,0.05
526244e414455f41780ed82284d403c177b7579d,0.06
b97cadf3744afd844e4133ba80e6428ea26c1d2e,0.04
1cede6e8ea1d8f5d8134ead1f8f8e6944a86de28,0.06
f5475f92e9e06fce385d43f46c7a9af9a79ddd15,0.05
458a2970b80f5fc6e593445bc0c8e2aac0a6de7d,0.06
0cdde31704c97bbd4a6c5dc4b5c30bd6d591ff23,0.06
95593d59e4ee47b7548c72ffadb5c6fdb28ad31e,0.05
3ef711be3edebd4d0c75c778bb3ba64880af3a0d,0.06
665f6cfbba649b9a109717630609f610311b311b,0.08
804a1d85cca7620fedddda72bfc9af18f1c6411a,0.03
ce4f6284d75b88c38706d5947d947a3a5ec13cc6,0.07
233b6da239d49d643fe18cc4a8020ac6d0bffa73,0.06
a0c3ae443c3e85a601f107026096daae35340bfe,0.08
d92a0b0a7b9d6cb9d5681b0c9cc3179f0f9b695a,0.04
88750ba23b8075964cbd8ffc89465bbbe65ba70f,0.06
64427b680c57d5ae82ac0ce721911b05771fb5c6,0.06
b045cd7c44667ede7632115d0041b913a4762217,0.06
9a5738c26df13f34e96a348318188a7aad04ad90,0.06
d107ac3699c160b80315d7a6a1421a2ad4c4aa19,0.06
9c4fb1c20a540498ac581833642569d4f5925b58,0.04
c1572f4787f6b30d18908474beb0345a97375b96,632.73
13e937478592514cd85622065620420bbdd47805,225.01
77b504e0c44ea5bcf8f6535545be6f5f67ffdb8a,580.51
44a8d0e427b977547320c6f87f16a590b84310c1,539.26
69b2239272a94a072ad1cc748aefcd3a595db45c,0.06
c1572f4787f6b30d18908474beb0345a97375b96,620.96
7578b789f6cc35823cfbfef65157269ebd454427,0.06
b4724ff40036f122b556c36d94e25bbc5b3501d4,0.06
ee27913ed77221da5191709ae3df08ebba1f71b8,0.02
13e937478592514cd85622065620420bbdd47805,220.30
599fa3a5b243de758c15c355f86b09c9d9ea6464,0.06
44655dafca625dc618c2caad7f1f31933c8347bb,0.04
feff2337ab040c9ab63de26226b7010879ba9bf6,0.04
e7e46fa85614b9515fe6e42b70170ca0e9da2911,0.06
7a4fe7892e686f8f39060b6828c095bded3837bf,0.04
fddfd34a7d27944a1983b394a56b57809db26f6b,0.04
1a920ab004f06b71fe9fc2a6bb82fe672ebeebb7,0.06
690b426539641912ae9dad37d266942756c130cc,0.05
15077a6bc579dacedb98f09188ef480d9e932a7f,0.06
dc8e3d9baa3ffde8775ae51df2b79cd1a01ea442,0.06
f4cee60d76c4035df49d3e023ba847539a308890,0.06
244203b5adece91af99dac2b0ab4fe1be2a08411,0.06
94b6bc991e2f514a6f6352741b7f6f6d9641ec1f,0.04
ca9b72fa632e755d35e65993d3e8876794f899f7,0.04
81a7b578bdf9a7ce0c337278d7fe8b721a5fc8b5,0.04
b2c19b6176cfe44caf58d02a7f0ce0df6019872a,0.06
027a4daabea3e2aa1001f257d0c857c5a25c38ce,0.06
56b0f4dbad16809e0a649c25dc606acf9f656ac6,0.04
04344ecfa222b92bd49bf02affd7d691f0cbcf73,0.06
25783f8798825a93d2493e16ab40910f59b48548,0.04
e42dfa0002a194e51ce5f20eab048b3a4e1527f4,0.07
4a9f9e90f7075c4d13b07ab161c74a86a58c7bf5,0.08
84575e718448a1bb5586453f0173c8cbf168365c,0.04
90cb8b99275e8aa32dd2ac8551d460441d4c5d29,0.06
d81ef415eebf1e8eaec92150e72acb39e690c848,0.08
041e09bf5b50e4e8db1ffc7f1db011063fa2aa31,0.06
1387aaba56e1fd3836670c35d80a38f831492301,0.04
2c5bdf94c8ee027f665159e0da1205b5a2213315,0.06
08fdd554f58dbf9851905a4fa89ca54bd3bcaa8d,0.07
158ed209058c954d9bc8ff3850d92c768536f895,0.04
7cd3ec07db7354edf767c7d037ff00797f2c0a69,0.04
e7c08605bfbcbb8413f35892150856979f5539f2,0.05
01ccabefa84948a8e7dea68075408e6b5287ff96,0.07
8118ffa482bd88f020aa7d3a9976ed6534a2834e,0.05
3187671f7acb23f81d0949b8695493cb1612db13,0.05
8c99534048514c1140f836cdc72e93599fbd495b,0.08
ebe47bc5ede47bccee5f5d86f44bf302118917cd,0.06
f2d87d416285d8991976041a936e9a69b05cfc28,0.06
4ad81e2d61b996a337d32f53269f019f4a0a3480,0.06
360a57c69dcd039b2bf8ceb5f2ba6ec86077c952,0.06
833078aa2022ad560fd0ffdf875c386ce9b69841,0.06
77b504e0c44ea5bcf8f6535545be6f5f67ffdb8a,569.67
1f9d2ee2ccefa5f1963a090af628f6de6b501228,0.06
97cc695b756980125a874d0ff150b7c683dd3924,0.04
44a8d0e427b977547320c6f87f16a590b84310c1,526.26
ce02be1393bed53c1e985807c779ca0bc8c5b728,0.06
ebd13e1cb1796988e135bd10b117f2fe989b4d21,0.06
91c2464077b89e9d89be401edc3c9db9c649cd9e,0.06
e8144347268800a12c2143ec20343a94f745955a,0.06
a8397ef46f427be763b3db7c4b0c101e035356f1,0.06
30c4a6ed322a8f08bdba9bff7a4b456784042f80,0.04
67bd914663873f80e15f4f3602c4c54eeff9e76a,0.06
69b2239272a94a072ad1cc748aefcd3a595db45c,0.06
c1572f4787f6b30d18908474beb0345a97375b96,609.57
7578b789f6cc35823cfbfef65157269ebd454427,0.06
b4724ff40036f122b556c36d94e25bbc5b3501d4,0.06
ee27913ed77221da5191709ae3df08ebba1f71b8,0.04
13e937478592514cd85622065620420bbdd47805,221.85
599fa3a5b243de758c15c355f86b09c9d9ea6464,0.06
44655dafca625dc618c2caad7f1f31933c8347bb,0.06
feff2337ab040c9ab63de26226b7010879ba9bf6,0.06
e7e46fa85614b9515fe6e42b70170ca0e9da2911,0.04
7a4fe7892e686f8f39060b6828c095bded3837bf,0.04
fddfd34a7d27944a1983b394a56b57809db26f6b,0.06
1a920ab004f06b71fe9fc2a6bb82fe672ebeebb7,0.06
690b426539641912ae9dad37d266942756c130cc,0.06
15077a6bc579dacedb98f09188ef480d9e932a7f,0.06
dc8e3d9baa3ffde8775ae51df2b79cd1a01ea442,0.06
f4cee60d76c4035df49d3e023ba847539a308890,0.06
244203b5adece91af99dac2b0ab4fe1be2a08411,0.07
94b6bc991e2f514a6f6352741b7f6f6d9641ec1f,0.07
ca9b72fa632e755d35e65993d3e8876794f899f7,0.06
81a7b578bdf9a7ce0c337278d7fe8b721a5fc8b5,0.06
b2c19b6176cfe44caf58d02a7f0ce0df6019872a,0.04
027a4daabea3e2aa1001f257d0c857c5a25c38ce,0.06
56b0f4dbad16809e0a649c25dc606acf9f656ac6,0.05
04344ecfa222b92bd49bf02affd7d691f0cbcf73,0.06
25783f8798825a93d2493e16ab40910f59b48548,0.05
e42dfa0002a194e51ce5f20eab048b3a4e1527f4,0.04
4a9f9e90f7075c4d13b07ab161c74a86a58c7bf5,0.06
84575e718448a1bb5586453f0173c8cbf168365c,0.04
90cb8b99275e8aa32dd2ac8551d460441d4c5d29,0.06
d81ef415eebf1e8eaec92150e72acb39e690c848,0.07
041e09bf5b50e4e8db1ffc7f1db011063fa2aa31,0.04
1387aaba56e1fd3836670c35d80a38f831492301,0.04
2c5bdf94c8ee027f665159e0da1205b5a2213315,0.04
08fdd554f58dbf9851905a4fa89ca54bd3bcaa8d,0.06
158ed209058c954d9bc8ff3850d92c768536f895,0.06
7cd3ec07db7354edf767c7d037ff00797f2c0a69,0.06
e7c08605bfbcbb8413f35892150856979f5539f2,0.06
01ccabefa84948a8e7dea68075408e6b5287ff96,0.06
8118ffa482bd88f020aa7d3a9976ed6534a2834e,0.06
3187671f7acb23f81d0949b8695493cb1612db13,0.04
8c99534048514c1140f836cdc72e93599fbd495b,0.06
ebe47bc5ede47bccee5f5d86f44bf302118917cd,0.08
f2d87d416285d8991976041a936e9a69b05cfc28,0.04
4ad81e2d61b996a337d32f53269f019f4a0a3480,0.04
360a57c69dcd039b2bf8ceb5f2ba6ec86077c952,0.06
833078aa2022ad560fd0ffdf875c386ce9b69841,0.04
77b504e0c44ea5bcf8f6535545be6f5f67ffdb8a,569.42
1f9d2ee2ccefa5f1963a090af628f6de6b501228,0.06
97cc695b756980125a874d0ff150b7c683dd3924,0.06
44a8d0e427b977547320c6f87f16a590b84310c1,526.71
ce02be1393bed53c1e985807c779ca0bc8c5b728,0.04
ebd13e1cb1796988e135bd10b117f2fe989b4d21,0.06
91c2464077b89e9d89be401edc3c9db9c649cd9e,0.04
e8144347268800a12c2143ec20343a94f745955a,0.04
a8397ef46f427be763b3db7c4b0c101e035356f1,0.04
30c4a6ed322a8f08bdba9bff7a4b456784042f80,0.06
67bd914663873f80e15f4f3602c4c54eeff9e76a,0.04
f2f3976b72ddd6b8ce2b68c0340724fd95ac77ec,613.27
7ac069660cc7af2e9d5dc244b5e52c4e87b546e1,573.67
34a42edb0405fadff1750e5919dcab8fda23bfa2,548.56
a6171e9408c02e38fddd0c42f62f480c91f72348,0.07
6d15b01a26483d344d6d9a8915104558d97f01a4,0.06
3c2b3d43f2dea93cbaadf818cad20168b8257df9,0.04
0323ef86d0bc810313076ed3cc5ca3b865ad0a15,0.04
89d1c0fd0501508c1d8734337bdb7decc8b24466,0.06
f2f3976b72ddd6b8ce2b68c0340724fd95ac77ec,604.09
a738c4b0c3c8bacfbad99d40f88191ab2405a95c,0.06
6fe053154c90d221c2864d19b965fc7f57e4a0f5,0.04
6032902962f83dce098a374cd8f902a8a8d23417,0.04
39299a1a0db3e8d889b8627e5c21b9c158631568,0.04
c63bf184bca5b569b3bcf4a44da38aaca6482674,0.07
7ac069660cc7af2e9d5dc244b5e52c4e87b546e1,568.48
8beccdbbc25d1c3c6bbc07aac3650c676a25d6f1,0.04
ca199593ee4c5c84c0dd8a2e46de22253eac4897,0.05
49ce0e3d340b164b36b2cacfc21cc859d50d4045,0.05
a78782bf75df7c6d08a1ea76ad02daeafc869d45,0.07
89337d5e9e6b896f277f9ff8309b9139a79fab69,0.05
58cd0a2f4256083cfd37f15661b35ba6e1c3a47b,0.05
14052346fa7d307aec66bd586f4041c53d002310,0.05
47087ecbafc8f049a13185c8ec5f2a287e245361,0.06
473b50be20f4b2f69ffde1345ca0c1fefb14c26a,0.06
845405f5e8c37d138d8bded1cb543d1001663f5f,0.08
584184cbc09309f7464311ad8273e7e3e47a9936,0.06
1d4d41d87cc6b66c47e6594a807e451fd82cb659,0.03
45ad1b38544436e6c32b5cd68961fb3d8fc44543,0.07
34a42edb0405fadff1750e5919dcab8fda23bfa2,545.14
d7904607f21d1fc0d9f4d1eb9e1cbeb36b64ed13,0.04
b251cf2859d5365db82b1809a31b3b3dec2e73a7,0.04
4390cf3360f7eb557c25edabe45b7a5449ba819c,0.04
390c240de0ac5c381987c808f4902fe0a1e00858,0.04
149f24dc5a5342baed60e228961af0ea049df6f7,0.03
6ccf34766b64d32d5e327d15052c21f26722e705,0.05
5c24e33b8cd7082050505840798d806aea8959d2,0.06
81a1a6fa92e90ee89d543e86bbbf4d9e29b78180,0.06
36014fe0f9c9cd915c99cff0689ba80600d124f4,0.07
7d69c77c03058862072069908e2e414f2d88da34,0.06
fe4d5a19561ff6df8278b4e36974792a55b044fb,0.04
3c24c651b1c473a9b487f73ea762a1f7b7a7ea54,0.06
f626255a156d7182bd7c2ade1556f070b444a526,0.05
1b114ecacc3703b61ed7ee403ffd28dd1c7b4351,0.05
8f62b24f011973b29e98e6b2aac4a5039f25bcd8,0.06
fcd5cc4689b249b1697574df20c0b7839e76a3c4,0.07
d410a6c034e2965d64e4422fb7575adc35f1f48b,0.06
6fd8220aa133022e6576a7283cf4f0d8e3fcd5f4,0.04
b62efff8bf9b4997a884a034c2bb39ee9f627a8c,0.08
f339387fca0e9e0de2bfa423e266e621fab013d2,0.05
a6171e9408c02e38fddd0c42f62f480c91f72348,0.04
6d15b01a26483d344d6d9a8915104558d97f01a4,0.06
3c2b3d43f2dea93cbaadf818cad20168b8257df9,0.06
0323ef86d0bc810313076ed3cc5ca3b865ad0a15,0.06
89d1c0fd0501508c1d8734337bdb7decc8b24466,0.04
f2f3976b72ddd6b8ce2b68c0340724fd95ac77ec,601.53
a738c4b0c3c8bacfbad99d40f88191ab2405a95c,0.06
6fe053154c90d221c2864d19b965fc7f57e4a0f5,0.04
6032902962f83dce098a374cd8f902a8a8d23417,0.05
39299a1a0db3e8d889b8627e5c21b9c158631568,0.05
c63bf184bca5b569b3bcf4a44da38aaca6482674,0.06
7ac069660cc7af2e9d5dc244b5e52c4e87b546e1,565.63
8beccdbbc25d1c3c6bbc07aac3650c676a25d6f1,0.06
ca199593ee4c5c84c0dd8a2e46de22253eac4897,0.06
49ce0e3d340b164b36b2cacfc21cc859d50d4045,0.04
a78782bf75df7c6d08a1ea76ad02daeafc869d45,0.04
89337d5e9e6b896f277f9ff8309b9139a79fab69,0.06
58cd0a2f4256083cfd37f15661b35ba6e1c3a47b,0.06
14052346fa7d307aec66bd586f4041c53d002310,0.04
47087ecbafc8f049a13185c8ec5f2a287e245361,0.05
473b50be20f4b2f69ffde1345ca0c1fefb14c26a,0.06
845405f5e8c37d138d8bded1cb543d1001663f5f,0.06
584184cbc09309f7464311ad8273e7e3e47a9936,0.06
1d4d41d87cc6b66c47e6594a807e451fd82cb659,0.04
45ad1b38544436e6c32b5cd68961fb3d8fc44543,0.07
34a42edb0405fadff1750e5919dcab8fda23bfa2,546.77
d7904607f21d1fc0d9f4d1eb9e1cbeb36b64ed13,0.07
b251cf2859d5365db82b1809a31b3b3dec2e73a7,0.06
4390cf3360f7eb557c25edabe45b7a5449ba819c,0.06
390c240de0ac5c381987c808f4902fe0a1e00858,0.06
149f24dc5a5342baed60e228961af0ea049df6f7,0.05
6ccf34766b64d32d5e327d15052c21f26722e705,0.06
5c24e33b8cd7082050505840798d806aea8959d2,0.06
81a1a6fa92e90ee89d543e86bbbf4d9e29b78180,0.04
36014fe0f9c9cd915c99cff0689ba80600d124f4,0.04
7d69c77c03058862072069908e2e414f2d88da34,0.07
fe4d5a19561ff6df8278b4e36974792a55b044fb,0.06
3c24c651b1c473a9b487f73ea762a1f7b7a7ea54,0.06
f626255a156d7182bd7c2ade1556f070b444a526,0.04
1b114ecacc3703b61ed7ee403ffd28dd1c7b4351,0.06
8f62b24f011973b29e98e6b2aac4a5039f25bcd8,0.04
fcd5cc4689b249b1697574df20c0b7839e76a3c4,0.04
d410a6c034e2965d64e4422fb7575adc35f1f48b,0.08
6fd8220aa133022e6576a7283cf4f0d8e3fcd5f4,0.06
b62efff8bf9b4997a884a034c2bb39ee9f627a8c,0.06
f339387fca0e9e0de2bfa423e266e621fab013d2,0.04
